16:32:37 DEBUG : Logs will be stored at 'D:/FMCOMMS4_AD9364_Fifo_Tlast_FFT/Ws/IDE.log'.
16:32:41 INFO  : Launching XSCT server: xsct.bat -n  -interactive D:\FMCOMMS4_AD9364_Fifo_Tlast_FFT\Ws\temp_xsdb_launch_script.tcl
16:32:41 INFO  : Registering command handlers for Vitis TCF services
16:32:42 INFO  : Platform repository initialization has completed.
16:32:45 INFO  : XSCT server has started successfully.
16:32:45 INFO  : Successfully done setting XSCT server connection channel  
16:32:48 INFO  : plnx-install-location is set to ''
16:32:48 INFO  : Successfully done setting workspace for the tool. 
16:32:48 INFO  : Successfully done query RDI_DATADIR 
16:33:06 INFO  : Platform 'system_top' is added to custom repositories.
16:33:08 INFO  : [Import] Updating active build configuration of the system project 'FMCOMMS4_AD9364_system' to 'Debug' after the import.
16:34:44 INFO  : Result from executing command 'getProjects': system_top
16:34:56 INFO  : Result from executing command 'getPlatforms': system_top|D:/FMCOMMS4_AD9364_Fifo_Tlast_FFT/Ws/system_top/export/system_top/system_top.xpfm;xilinx_vck190_base_202310_1|D:/Vitis/2023.1/base_platforms/xilinx_vck190_base_202310_1/xilinx_vck190_base_202310_1.xpfm;xilinx_vck190_base_dfx_202310_1|D:/Vitis/2023.1/base_platforms/xilinx_vck190_base_dfx_202310_1/xilinx_vck190_base_dfx_202310_1.xpfm;xilinx_vek280_es1_base_202310_1|D:/Vitis/2023.1/base_platforms/xilinx_vek280_es1_base_202310_1/xilinx_vek280_es1_base_202310_1.xpfm;xilinx_vmk180_base_202310_1|D:/Vitis/2023.1/base_platforms/xilinx_vmk180_base_202310_1/xilinx_vmk180_base_202310_1.xpfm;xilinx_zcu102_base_202310_1|D:/Vitis/2023.1/base_platforms/xilinx_zcu102_base_202310_1/xilinx_zcu102_base_202310_1.xpfm;xilinx_zcu102_base_dfx_202310_1|D:/Vitis/2023.1/base_platforms/xilinx_zcu102_base_dfx_202310_1/xilinx_zcu102_base_dfx_202310_1.xpfm;xilinx_zcu104_base_202310_1|D:/Vitis/2023.1/base_platforms/xilinx_zcu104_base_202310_1/xilinx_zcu104_base_202310_1.xpfm
16:34:57 INFO  : Checking for BSP changes to sync application flags for project 'FMCOMMS4_AD9364'...
16:36:09 INFO  : Hardware specification for platform project 'system_top' is updated.
16:44:44 INFO  : Result from executing command 'getProjects': system_top
16:44:44 INFO  : Result from executing command 'getPlatforms': system_top|D:/FMCOMMS4_AD9364_Fifo_Tlast_FFT/Ws/system_top/export/system_top/system_top.xpfm;xilinx_vck190_base_202310_1|D:/Vitis/2023.1/base_platforms/xilinx_vck190_base_202310_1/xilinx_vck190_base_202310_1.xpfm;xilinx_vck190_base_dfx_202310_1|D:/Vitis/2023.1/base_platforms/xilinx_vck190_base_dfx_202310_1/xilinx_vck190_base_dfx_202310_1.xpfm;xilinx_vek280_es1_base_202310_1|D:/Vitis/2023.1/base_platforms/xilinx_vek280_es1_base_202310_1/xilinx_vek280_es1_base_202310_1.xpfm;xilinx_vmk180_base_202310_1|D:/Vitis/2023.1/base_platforms/xilinx_vmk180_base_202310_1/xilinx_vmk180_base_202310_1.xpfm;xilinx_zcu102_base_202310_1|D:/Vitis/2023.1/base_platforms/xilinx_zcu102_base_202310_1/xilinx_zcu102_base_202310_1.xpfm;xilinx_zcu102_base_dfx_202310_1|D:/Vitis/2023.1/base_platforms/xilinx_zcu102_base_dfx_202310_1/xilinx_zcu102_base_dfx_202310_1.xpfm;xilinx_zcu104_base_202310_1|D:/Vitis/2023.1/base_platforms/xilinx_zcu104_base_202310_1/xilinx_zcu104_base_202310_1.xpfm
16:44:45 INFO  : Checking for BSP changes to sync application flags for project 'FMCOMMS4_AD9364'...
16:45:10 INFO  : The hardware specification used by project 'FMCOMMS4_AD9364' is out of sync with the platform. Resource files extracted from the hardware specification will be updated.
16:45:10 INFO  : The file 'D:\FMCOMMS4_AD9364_Fifo_Tlast_FFT\Ws\FMCOMMS4_AD9364\_ide\bitstream\system_top.bit' stored in project is removed.
16:45:10 INFO  : The updated bitstream files are copied from platform to folder 'D:\FMCOMMS4_AD9364_Fifo_Tlast_FFT\Ws\FMCOMMS4_AD9364\_ide\bitstream' in project 'FMCOMMS4_AD9364'.
16:45:10 INFO  : The file 'D:\FMCOMMS4_AD9364_Fifo_Tlast_FFT\Ws\FMCOMMS4_AD9364\_ide\psinit\ps7_init.tcl' stored in project is removed.
16:45:16 INFO  : The updated ps init files are copied from platform to folder 'D:\FMCOMMS4_AD9364_Fifo_Tlast_FFT\Ws\FMCOMMS4_AD9364\_ide\psinit' in project 'FMCOMMS4_AD9364'.
16:47:58 INFO  : Checking for BSP changes to sync application flags for project 'FMCOMMS4_AD9364'...
11:24:24 DEBUG : Logs will be stored at 'D:/FMCOMMS4_AD9364_Fifo_Tlast_FFT/Ws/IDE.log'.
11:24:25 INFO  : Launching XSCT server: xsct.bat -n  -interactive D:\FMCOMMS4_AD9364_Fifo_Tlast_FFT\Ws\temp_xsdb_launch_script.tcl
11:24:29 INFO  : XSCT server has started successfully.
11:24:29 INFO  : plnx-install-location is set to ''
11:24:29 INFO  : Successfully done setting XSCT server connection channel  
11:24:29 INFO  : Successfully done setting workspace for the tool. 
11:24:30 INFO  : Registering command handlers for Vitis TCF services
11:24:30 INFO  : Platform repository initialization has completed.
11:24:35 INFO  : Successfully done query RDI_DATADIR 
12:20:49 INFO  : Hardware specification for platform project 'system_top' is updated.
12:22:26 INFO  : Result from executing command 'getProjects': system_top
12:22:26 INFO  : Result from executing command 'getPlatforms': system_top|D:/FMCOMMS4_AD9364_Fifo_Tlast_FFT/Ws/system_top/export/system_top/system_top.xpfm;xilinx_vck190_base_202310_1|D:/Vitis/2023.1/base_platforms/xilinx_vck190_base_202310_1/xilinx_vck190_base_202310_1.xpfm;xilinx_vck190_base_dfx_202310_1|D:/Vitis/2023.1/base_platforms/xilinx_vck190_base_dfx_202310_1/xilinx_vck190_base_dfx_202310_1.xpfm;xilinx_vek280_es1_base_202310_1|D:/Vitis/2023.1/base_platforms/xilinx_vek280_es1_base_202310_1/xilinx_vek280_es1_base_202310_1.xpfm;xilinx_vmk180_base_202310_1|D:/Vitis/2023.1/base_platforms/xilinx_vmk180_base_202310_1/xilinx_vmk180_base_202310_1.xpfm;xilinx_zcu102_base_202310_1|D:/Vitis/2023.1/base_platforms/xilinx_zcu102_base_202310_1/xilinx_zcu102_base_202310_1.xpfm;xilinx_zcu102_base_dfx_202310_1|D:/Vitis/2023.1/base_platforms/xilinx_zcu102_base_dfx_202310_1/xilinx_zcu102_base_dfx_202310_1.xpfm;xilinx_zcu104_base_202310_1|D:/Vitis/2023.1/base_platforms/xilinx_zcu104_base_202310_1/xilinx_zcu104_base_202310_1.xpfm
12:22:55 INFO  : Checking for BSP changes to sync application flags for project 'FMCOMMS4_AD9364'...
12:23:43 INFO  : Checking for BSP changes to sync application flags for project 'FMCOMMS4_AD9364'...
12:23:44 INFO  : The hardware specification used by project 'FMCOMMS4_AD9364' is out of sync with the platform. Resource files extracted from the hardware specification will be updated.
12:23:44 INFO  : The file 'D:\FMCOMMS4_AD9364_Fifo_Tlast_FFT\Ws\FMCOMMS4_AD9364\_ide\bitstream\system_top.bit' stored in project is removed.
12:23:44 INFO  : The updated bitstream files are copied from platform to folder 'D:\FMCOMMS4_AD9364_Fifo_Tlast_FFT\Ws\FMCOMMS4_AD9364\_ide\bitstream' in project 'FMCOMMS4_AD9364'.
12:23:44 INFO  : The file 'D:\FMCOMMS4_AD9364_Fifo_Tlast_FFT\Ws\FMCOMMS4_AD9364\_ide\psinit\ps7_init.tcl' stored in project is removed.
12:23:49 INFO  : The updated ps init files are copied from platform to folder 'D:\FMCOMMS4_AD9364_Fifo_Tlast_FFT\Ws\FMCOMMS4_AD9364\_ide\psinit' in project 'FMCOMMS4_AD9364'.
12:24:34 INFO  : Connected to target on host '127.0.0.1' and port '3121'.
12:24:35 INFO  : Jtag cable 'Digilent Zed 210248BE0D85' is selected.
12:24:35 INFO  : 'jtag frequency' command is executed.
12:24:35 INFO  : Context for 'APU' is selected.
12:24:35 INFO  : System reset is completed.
12:24:38 INFO  : 'after 3000' command is executed.
12:24:38 INFO  : 'targets -set -filter {jtag_cable_name =~ "Digilent Zed 210248BE0D85" && level==0 && jtag_device_ctx=="jsn-Zed-210248BE0D85-23727093-0"}' command is executed.
12:24:41 INFO  : Device configured successfully with "D:/FMCOMMS4_AD9364_Fifo_Tlast_FFT/Ws/FMCOMMS4_AD9364/_ide/bitstream/system_top.bit"
12:24:41 INFO  : Context for 'APU' is selected.
12:24:41 INFO  : Hardware design and registers information is loaded from 'D:/FMCOMMS4_AD9364_Fifo_Tlast_FFT/Ws/system_top/export/system_top/hw/system_top.xsa'.
12:24:41 INFO  : 'configparams force-mem-access 1' command is executed.
12:24:41 INFO  : Context for 'APU' is selected.
12:24:41 INFO  : Sourcing of 'D:/FMCOMMS4_AD9364_Fifo_Tlast_FFT/Ws/FMCOMMS4_AD9364/_ide/psinit/ps7_init.tcl' is done.
12:24:42 INFO  : 'ps7_init' command is executed.
12:24:42 INFO  : 'ps7_post_config' command is executed.
12:24:42 INFO  : Context for processor 'ps7_cortexa9_0' is selected.
12:24:44 INFO  : The application 'D:/FMCOMMS4_AD9364_Fifo_Tlast_FFT/Ws/FMCOMMS4_AD9364/Debug/FMCOMMS4_AD9364.elf' is downloaded to processor 'ps7_cortexa9_0'.
12:24:44 INFO  : 'configparams force-mem-access 0' command is executed.
12:24:44 INFO  : ----------------XSDB Script----------------
connect -url tcp:127.0.0.1:3121
targets -set -nocase -filter {name =~"APU*"}
rst -system
after 3000
targets -set -filter {jtag_cable_name =~ "Digilent Zed 210248BE0D85" && level==0 && jtag_device_ctx=="jsn-Zed-210248BE0D85-23727093-0"}
fpga -file D:/FMCOMMS4_AD9364_Fifo_Tlast_FFT/Ws/FMCOMMS4_AD9364/_ide/bitstream/system_top.bit
targets -set -nocase -filter {name =~"APU*"}
loadhw -hw D:/FMCOMMS4_AD9364_Fifo_Tlast_FFT/Ws/system_top/export/system_top/hw/system_top.xsa -mem-ranges [list {0x40000000 0xbfffffff}] -regs
configparams force-mem-access 1
targets -set -nocase -filter {name =~"APU*"}
source D:/FMCOMMS4_AD9364_Fifo_Tlast_FFT/Ws/FMCOMMS4_AD9364/_ide/psinit/ps7_init.tcl
ps7_init
ps7_post_config
targets -set -nocase -filter {name =~ "*A9*#0"}
dow D:/FMCOMMS4_AD9364_Fifo_Tlast_FFT/Ws/FMCOMMS4_AD9364/Debug/FMCOMMS4_AD9364.elf
configparams force-mem-access 0
----------------End of Script----------------

12:24:44 INFO  : Context for processor 'ps7_cortexa9_0' is selected.
12:24:44 INFO  : 'con' command is executed.
12:24:44 INFO  : ----------------XSDB Script (After Launch)----------------
targets -set -nocase -filter {name =~ "*A9*#0"}
con
----------------End of Script----------------

12:24:44 INFO  : Launch script is exported to file 'D:\FMCOMMS4_AD9364_Fifo_Tlast_FFT\Ws\FMCOMMS4_AD9364_system\_ide\scripts\debugger_fmcomms4_ad9364-default.tcl'
14:17:24 INFO  : Hardware specification for platform project 'system_top' is updated.
14:18:13 INFO  : Result from executing command 'getProjects': system_top
14:18:13 INFO  : Result from executing command 'getPlatforms': system_top|D:/FMCOMMS4_AD9364_Fifo_Tlast_FFT/Ws/system_top/export/system_top/system_top.xpfm;xilinx_vck190_base_202310_1|D:/Vitis/2023.1/base_platforms/xilinx_vck190_base_202310_1/xilinx_vck190_base_202310_1.xpfm;xilinx_vck190_base_dfx_202310_1|D:/Vitis/2023.1/base_platforms/xilinx_vck190_base_dfx_202310_1/xilinx_vck190_base_dfx_202310_1.xpfm;xilinx_vek280_es1_base_202310_1|D:/Vitis/2023.1/base_platforms/xilinx_vek280_es1_base_202310_1/xilinx_vek280_es1_base_202310_1.xpfm;xilinx_vmk180_base_202310_1|D:/Vitis/2023.1/base_platforms/xilinx_vmk180_base_202310_1/xilinx_vmk180_base_202310_1.xpfm;xilinx_zcu102_base_202310_1|D:/Vitis/2023.1/base_platforms/xilinx_zcu102_base_202310_1/xilinx_zcu102_base_202310_1.xpfm;xilinx_zcu102_base_dfx_202310_1|D:/Vitis/2023.1/base_platforms/xilinx_zcu102_base_dfx_202310_1/xilinx_zcu102_base_dfx_202310_1.xpfm;xilinx_zcu104_base_202310_1|D:/Vitis/2023.1/base_platforms/xilinx_zcu104_base_202310_1/xilinx_zcu104_base_202310_1.xpfm
14:18:29 INFO  : Checking for BSP changes to sync application flags for project 'FMCOMMS4_AD9364'...
14:19:03 INFO  : Checking for BSP changes to sync application flags for project 'FMCOMMS4_AD9364'...
14:19:34 ERROR : Emulation support is not available for Windows OS. 
14:19:58 INFO  : Disconnected from the channel tcfchan#3.
14:19:58 INFO  : The hardware specification used by project 'FMCOMMS4_AD9364' is out of sync with the platform. Resource files extracted from the hardware specification will be updated.
14:19:59 INFO  : The file 'D:\FMCOMMS4_AD9364_Fifo_Tlast_FFT\Ws\FMCOMMS4_AD9364\_ide\bitstream\system_top.bit' stored in project is removed.
14:19:59 INFO  : The updated bitstream files are copied from platform to folder 'D:\FMCOMMS4_AD9364_Fifo_Tlast_FFT\Ws\FMCOMMS4_AD9364\_ide\bitstream' in project 'FMCOMMS4_AD9364'.
14:19:59 INFO  : The file 'D:\FMCOMMS4_AD9364_Fifo_Tlast_FFT\Ws\FMCOMMS4_AD9364\_ide\psinit\ps7_init.tcl' stored in project is removed.
14:20:04 INFO  : The updated ps init files are copied from platform to folder 'D:\FMCOMMS4_AD9364_Fifo_Tlast_FFT\Ws\FMCOMMS4_AD9364\_ide\psinit' in project 'FMCOMMS4_AD9364'.
14:20:04 INFO  : Connected to target on host '127.0.0.1' and port '3121'.
14:20:05 INFO  : Jtag cable 'Digilent Zed 210248BE0D85' is selected.
14:20:05 INFO  : 'jtag frequency' command is executed.
14:20:05 INFO  : Context for 'APU' is selected.
14:20:05 INFO  : System reset is completed.
14:20:08 INFO  : 'after 3000' command is executed.
14:20:08 INFO  : 'targets -set -filter {jtag_cable_name =~ "Digilent Zed 210248BE0D85" && level==0 && jtag_device_ctx=="jsn-Zed-210248BE0D85-23727093-0"}' command is executed.
14:20:10 INFO  : Device configured successfully with "D:/FMCOMMS4_AD9364_Fifo_Tlast_FFT/Ws/FMCOMMS4_AD9364/_ide/bitstream/system_top.bit"
14:20:10 INFO  : Context for 'APU' is selected.
14:20:10 INFO  : Hardware design and registers information is loaded from 'D:/FMCOMMS4_AD9364_Fifo_Tlast_FFT/Ws/system_top/export/system_top/hw/system_top.xsa'.
14:20:10 INFO  : 'configparams force-mem-access 1' command is executed.
14:20:10 INFO  : Context for 'APU' is selected.
14:20:11 INFO  : Sourcing of 'D:/FMCOMMS4_AD9364_Fifo_Tlast_FFT/Ws/FMCOMMS4_AD9364/_ide/psinit/ps7_init.tcl' is done.
14:20:12 INFO  : 'ps7_init' command is executed.
14:20:12 INFO  : 'ps7_post_config' command is executed.
14:20:12 INFO  : Context for processor 'ps7_cortexa9_0' is selected.
14:20:13 INFO  : The application 'D:/FMCOMMS4_AD9364_Fifo_Tlast_FFT/Ws/FMCOMMS4_AD9364/Debug/FMCOMMS4_AD9364.elf' is downloaded to processor 'ps7_cortexa9_0'.
14:20:13 INFO  : 'configparams force-mem-access 0' command is executed.
14:20:13 INFO  : ----------------XSDB Script----------------
connect -url tcp:127.0.0.1:3121
targets -set -nocase -filter {name =~"APU*"}
rst -system
after 3000
targets -set -filter {jtag_cable_name =~ "Digilent Zed 210248BE0D85" && level==0 && jtag_device_ctx=="jsn-Zed-210248BE0D85-23727093-0"}
fpga -file D:/FMCOMMS4_AD9364_Fifo_Tlast_FFT/Ws/FMCOMMS4_AD9364/_ide/bitstream/system_top.bit
targets -set -nocase -filter {name =~"APU*"}
loadhw -hw D:/FMCOMMS4_AD9364_Fifo_Tlast_FFT/Ws/system_top/export/system_top/hw/system_top.xsa -mem-ranges [list {0x40000000 0xbfffffff}] -regs
configparams force-mem-access 1
targets -set -nocase -filter {name =~"APU*"}
source D:/FMCOMMS4_AD9364_Fifo_Tlast_FFT/Ws/FMCOMMS4_AD9364/_ide/psinit/ps7_init.tcl
ps7_init
ps7_post_config
targets -set -nocase -filter {name =~ "*A9*#0"}
dow D:/FMCOMMS4_AD9364_Fifo_Tlast_FFT/Ws/FMCOMMS4_AD9364/Debug/FMCOMMS4_AD9364.elf
configparams force-mem-access 0
----------------End of Script----------------

14:20:14 INFO  : Context for processor 'ps7_cortexa9_0' is selected.
14:20:14 INFO  : 'con' command is executed.
14:20:14 INFO  : ----------------XSDB Script (After Launch)----------------
targets -set -nocase -filter {name =~ "*A9*#0"}
con
----------------End of Script----------------

14:20:14 INFO  : Launch script is exported to file 'D:\FMCOMMS4_AD9364_Fifo_Tlast_FFT\Ws\FMCOMMS4_AD9364_system\_ide\scripts\debugger_fmcomms4_ad9364-default.tcl'
14:21:00 INFO  : Disconnected from the channel tcfchan#5.
14:21:01 INFO  : Connected to target on host '127.0.0.1' and port '3121'.
14:21:11 INFO  : ----------------XSDB Script----------------
connect -url tcp:127.0.0.1:3121
----------------End of Script----------------

14:21:11 ERROR : Could not find FPGA device on the board for connection 'Local'.


Troubleshooting hints:
1. Check whether board is connected to system properly.
2. In case of zynq board, check whether Digilent/Xilinx cable switch settings are correct.
3. If you are using Xilinx Platform Cable USB, ensure that status LED is green.
14:22:08 INFO  : Connected to target on host '127.0.0.1' and port '3121'.
14:22:08 INFO  : Jtag cable 'Digilent Zed 210248BE0D85' is selected.
14:22:08 INFO  : 'jtag frequency' command is executed.
14:22:08 INFO  : Context for 'APU' is selected.
14:22:09 INFO  : System reset is completed.
14:22:12 INFO  : 'after 3000' command is executed.
14:22:12 INFO  : 'targets -set -filter {jtag_cable_name =~ "Digilent Zed 210248BE0D85" && level==0 && jtag_device_ctx=="jsn-Zed-210248BE0D85-23727093-0"}' command is executed.
14:22:14 INFO  : Device configured successfully with "D:/FMCOMMS4_AD9364_Fifo_Tlast_FFT/Ws/FMCOMMS4_AD9364/_ide/bitstream/system_top.bit"
14:22:14 INFO  : Context for 'APU' is selected.
14:22:14 INFO  : Hardware design and registers information is loaded from 'D:/FMCOMMS4_AD9364_Fifo_Tlast_FFT/Ws/system_top/export/system_top/hw/system_top.xsa'.
14:22:14 INFO  : 'configparams force-mem-access 1' command is executed.
14:22:14 INFO  : Context for 'APU' is selected.
14:22:14 INFO  : Sourcing of 'D:/FMCOMMS4_AD9364_Fifo_Tlast_FFT/Ws/FMCOMMS4_AD9364/_ide/psinit/ps7_init.tcl' is done.
14:22:16 INFO  : 'ps7_init' command is executed.
14:22:16 INFO  : 'ps7_post_config' command is executed.
14:22:16 INFO  : Context for processor 'ps7_cortexa9_0' is selected.
14:22:17 INFO  : The application 'D:/FMCOMMS4_AD9364_Fifo_Tlast_FFT/Ws/FMCOMMS4_AD9364/Debug/FMCOMMS4_AD9364.elf' is downloaded to processor 'ps7_cortexa9_0'.
14:22:17 INFO  : 'configparams force-mem-access 0' command is executed.
14:22:17 INFO  : ----------------XSDB Script----------------
connect -url tcp:127.0.0.1:3121
targets -set -nocase -filter {name =~"APU*"}
rst -system
after 3000
targets -set -filter {jtag_cable_name =~ "Digilent Zed 210248BE0D85" && level==0 && jtag_device_ctx=="jsn-Zed-210248BE0D85-23727093-0"}
fpga -file D:/FMCOMMS4_AD9364_Fifo_Tlast_FFT/Ws/FMCOMMS4_AD9364/_ide/bitstream/system_top.bit
targets -set -nocase -filter {name =~"APU*"}
loadhw -hw D:/FMCOMMS4_AD9364_Fifo_Tlast_FFT/Ws/system_top/export/system_top/hw/system_top.xsa -mem-ranges [list {0x40000000 0xbfffffff}] -regs
configparams force-mem-access 1
targets -set -nocase -filter {name =~"APU*"}
source D:/FMCOMMS4_AD9364_Fifo_Tlast_FFT/Ws/FMCOMMS4_AD9364/_ide/psinit/ps7_init.tcl
ps7_init
ps7_post_config
targets -set -nocase -filter {name =~ "*A9*#0"}
dow D:/FMCOMMS4_AD9364_Fifo_Tlast_FFT/Ws/FMCOMMS4_AD9364/Debug/FMCOMMS4_AD9364.elf
configparams force-mem-access 0
----------------End of Script----------------

14:22:17 INFO  : Context for processor 'ps7_cortexa9_0' is selected.
14:22:17 INFO  : 'con' command is executed.
14:22:17 INFO  : ----------------XSDB Script (After Launch)----------------
targets -set -nocase -filter {name =~ "*A9*#0"}
con
----------------End of Script----------------

14:22:17 INFO  : Launch script is exported to file 'D:\FMCOMMS4_AD9364_Fifo_Tlast_FFT\Ws\FMCOMMS4_AD9364_system\_ide\scripts\debugger_fmcomms4_ad9364-default.tcl'
14:34:20 INFO  : Checking for BSP changes to sync application flags for project 'FMCOMMS4_AD9364'...
14:35:25 INFO  : Checking for BSP changes to sync application flags for project 'FMCOMMS4_AD9364'...
14:37:10 INFO  : Disconnected from the channel tcfchan#6.
14:37:11 INFO  : Connected to target on host '127.0.0.1' and port '3121'.
14:37:13 INFO  : Jtag cable 'Digilent Zed 210248BE0D85' is selected.
14:37:13 INFO  : 'jtag frequency' command is executed.
14:37:14 INFO  : Context for 'APU' is selected.
14:37:14 INFO  : System reset is completed.
14:37:17 INFO  : 'after 3000' command is executed.
14:37:17 INFO  : 'targets -set -filter {jtag_cable_name =~ "Digilent Zed 210248BE0D85" && level==0 && jtag_device_ctx=="jsn-Zed-210248BE0D85-23727093-0"}' command is executed.
14:37:19 INFO  : Device configured successfully with "D:/FMCOMMS4_AD9364_Fifo_Tlast_FFT/Ws/FMCOMMS4_AD9364/_ide/bitstream/system_top.bit"
14:37:19 INFO  : Context for 'APU' is selected.
14:37:19 INFO  : Hardware design and registers information is loaded from 'D:/FMCOMMS4_AD9364_Fifo_Tlast_FFT/Ws/system_top/export/system_top/hw/system_top.xsa'.
14:37:19 INFO  : 'configparams force-mem-access 1' command is executed.
14:37:19 INFO  : Context for 'APU' is selected.
14:37:19 INFO  : Sourcing of 'D:/FMCOMMS4_AD9364_Fifo_Tlast_FFT/Ws/FMCOMMS4_AD9364/_ide/psinit/ps7_init.tcl' is done.
14:37:20 INFO  : 'ps7_init' command is executed.
14:37:20 INFO  : 'ps7_post_config' command is executed.
14:37:20 INFO  : Context for processor 'ps7_cortexa9_0' is selected.
14:37:22 INFO  : The application 'D:/FMCOMMS4_AD9364_Fifo_Tlast_FFT/Ws/FMCOMMS4_AD9364/Debug/FMCOMMS4_AD9364.elf' is downloaded to processor 'ps7_cortexa9_0'.
14:37:22 INFO  : 'configparams force-mem-access 0' command is executed.
14:37:22 INFO  : ----------------XSDB Script----------------
connect -url tcp:127.0.0.1:3121
targets -set -nocase -filter {name =~"APU*"}
rst -system
after 3000
targets -set -filter {jtag_cable_name =~ "Digilent Zed 210248BE0D85" && level==0 && jtag_device_ctx=="jsn-Zed-210248BE0D85-23727093-0"}
fpga -file D:/FMCOMMS4_AD9364_Fifo_Tlast_FFT/Ws/FMCOMMS4_AD9364/_ide/bitstream/system_top.bit
targets -set -nocase -filter {name =~"APU*"}
loadhw -hw D:/FMCOMMS4_AD9364_Fifo_Tlast_FFT/Ws/system_top/export/system_top/hw/system_top.xsa -mem-ranges [list {0x40000000 0xbfffffff}] -regs
configparams force-mem-access 1
targets -set -nocase -filter {name =~"APU*"}
source D:/FMCOMMS4_AD9364_Fifo_Tlast_FFT/Ws/FMCOMMS4_AD9364/_ide/psinit/ps7_init.tcl
ps7_init
ps7_post_config
targets -set -nocase -filter {name =~ "*A9*#0"}
dow D:/FMCOMMS4_AD9364_Fifo_Tlast_FFT/Ws/FMCOMMS4_AD9364/Debug/FMCOMMS4_AD9364.elf
configparams force-mem-access 0
----------------End of Script----------------

14:37:22 INFO  : Context for processor 'ps7_cortexa9_0' is selected.
14:37:22 INFO  : 'con' command is executed.
14:37:22 INFO  : ----------------XSDB Script (After Launch)----------------
targets -set -nocase -filter {name =~ "*A9*#0"}
con
----------------End of Script----------------

14:37:22 INFO  : Launch script is exported to file 'D:\FMCOMMS4_AD9364_Fifo_Tlast_FFT\Ws\FMCOMMS4_AD9364_system\_ide\scripts\debugger_fmcomms4_ad9364-default.tcl'
16:53:51 INFO  : Disconnected from the channel tcfchan#9.
16:53:52 INFO  : Connected to target on host '127.0.0.1' and port '3121'.
16:54:01 INFO  : ----------------XSDB Script----------------
connect -url tcp:127.0.0.1:3121
----------------End of Script----------------

16:54:01 ERROR : Could not find FPGA device on the board for connection 'Local'.


Troubleshooting hints:
1. Check whether board is connected to system properly.
2. In case of zynq board, check whether Digilent/Xilinx cable switch settings are correct.
3. If you are using Xilinx Platform Cable USB, ensure that status LED is green.
16:54:16 INFO  : Connected to target on host '127.0.0.1' and port '3121'.
16:54:16 INFO  : Jtag cable 'Digilent Zed 210248BE0D85' is selected.
16:54:16 INFO  : 'jtag frequency' command is executed.
16:54:16 INFO  : Context for 'APU' is selected.
16:54:16 INFO  : System reset is completed.
16:54:19 INFO  : 'after 3000' command is executed.
16:54:19 INFO  : 'targets -set -filter {jtag_cable_name =~ "Digilent Zed 210248BE0D85" && level==0 && jtag_device_ctx=="jsn-Zed-210248BE0D85-23727093-0"}' command is executed.
16:54:21 INFO  : Device configured successfully with "D:/FMCOMMS4_AD9364_Fifo_Tlast_FFT/Ws/FMCOMMS4_AD9364/_ide/bitstream/system_top.bit"
16:54:21 INFO  : Context for 'APU' is selected.
16:54:21 INFO  : Hardware design and registers information is loaded from 'D:/FMCOMMS4_AD9364_Fifo_Tlast_FFT/Ws/system_top/export/system_top/hw/system_top.xsa'.
16:54:21 INFO  : 'configparams force-mem-access 1' command is executed.
16:54:21 INFO  : Context for 'APU' is selected.
16:54:21 INFO  : Sourcing of 'D:/FMCOMMS4_AD9364_Fifo_Tlast_FFT/Ws/FMCOMMS4_AD9364/_ide/psinit/ps7_init.tcl' is done.
16:54:22 INFO  : 'ps7_init' command is executed.
16:54:22 INFO  : 'ps7_post_config' command is executed.
16:54:22 INFO  : Context for processor 'ps7_cortexa9_0' is selected.
16:54:22 INFO  : The application 'D:/FMCOMMS4_AD9364_Fifo_Tlast_FFT/Ws/FMCOMMS4_AD9364/Debug/FMCOMMS4_AD9364.elf' is downloaded to processor 'ps7_cortexa9_0'.
16:54:22 INFO  : 'configparams force-mem-access 0' command is executed.
16:54:22 INFO  : ----------------XSDB Script----------------
connect -url tcp:127.0.0.1:3121
targets -set -nocase -filter {name =~"APU*"}
rst -system
after 3000
targets -set -filter {jtag_cable_name =~ "Digilent Zed 210248BE0D85" && level==0 && jtag_device_ctx=="jsn-Zed-210248BE0D85-23727093-0"}
fpga -file D:/FMCOMMS4_AD9364_Fifo_Tlast_FFT/Ws/FMCOMMS4_AD9364/_ide/bitstream/system_top.bit
targets -set -nocase -filter {name =~"APU*"}
loadhw -hw D:/FMCOMMS4_AD9364_Fifo_Tlast_FFT/Ws/system_top/export/system_top/hw/system_top.xsa -mem-ranges [list {0x40000000 0xbfffffff}] -regs
configparams force-mem-access 1
targets -set -nocase -filter {name =~"APU*"}
source D:/FMCOMMS4_AD9364_Fifo_Tlast_FFT/Ws/FMCOMMS4_AD9364/_ide/psinit/ps7_init.tcl
ps7_init
ps7_post_config
targets -set -nocase -filter {name =~ "*A9*#0"}
dow D:/FMCOMMS4_AD9364_Fifo_Tlast_FFT/Ws/FMCOMMS4_AD9364/Debug/FMCOMMS4_AD9364.elf
configparams force-mem-access 0
----------------End of Script----------------

16:54:22 INFO  : Context for processor 'ps7_cortexa9_0' is selected.
16:54:22 INFO  : 'con' command is executed.
16:54:22 INFO  : ----------------XSDB Script (After Launch)----------------
targets -set -nocase -filter {name =~ "*A9*#0"}
con
----------------End of Script----------------

16:54:22 INFO  : Launch script is exported to file 'D:\FMCOMMS4_AD9364_Fifo_Tlast_FFT\Ws\FMCOMMS4_AD9364_system\_ide\scripts\debugger_fmcomms4_ad9364-default.tcl'
17:00:29 INFO  : Disconnected from the channel tcfchan#10.
17:00:30 INFO  : Connected to target on host '127.0.0.1' and port '3121'.
17:00:30 INFO  : Jtag cable 'Digilent Zed 210248BE0D85' is selected.
17:00:30 INFO  : 'jtag frequency' command is executed.
17:00:30 INFO  : Context for 'APU' is selected.
17:00:30 INFO  : System reset is completed.
17:00:33 INFO  : 'after 3000' command is executed.
17:00:33 INFO  : 'targets -set -filter {jtag_cable_name =~ "Digilent Zed 210248BE0D85" && level==0 && jtag_device_ctx=="jsn-Zed-210248BE0D85-23727093-0"}' command is executed.
17:00:36 INFO  : Device configured successfully with "D:/FMCOMMS4_AD9364_Fifo_Tlast_FFT/Ws/FMCOMMS4_AD9364/_ide/bitstream/system_top.bit"
17:00:36 INFO  : Context for 'APU' is selected.
17:00:36 INFO  : Hardware design and registers information is loaded from 'D:/FMCOMMS4_AD9364_Fifo_Tlast_FFT/Ws/system_top/export/system_top/hw/system_top.xsa'.
17:00:36 INFO  : 'configparams force-mem-access 1' command is executed.
17:00:36 INFO  : Context for 'APU' is selected.
17:00:36 INFO  : Sourcing of 'D:/FMCOMMS4_AD9364_Fifo_Tlast_FFT/Ws/FMCOMMS4_AD9364/_ide/psinit/ps7_init.tcl' is done.
17:00:36 INFO  : 'ps7_init' command is executed.
17:00:36 INFO  : 'ps7_post_config' command is executed.
17:00:36 INFO  : Context for processor 'ps7_cortexa9_0' is selected.
17:00:37 INFO  : The application 'D:/FMCOMMS4_AD9364_Fifo_Tlast_FFT/Ws/FMCOMMS4_AD9364/Debug/FMCOMMS4_AD9364.elf' is downloaded to processor 'ps7_cortexa9_0'.
17:00:37 INFO  : 'configparams force-mem-access 0' command is executed.
17:00:37 INFO  : ----------------XSDB Script----------------
connect -url tcp:127.0.0.1:3121
targets -set -nocase -filter {name =~"APU*"}
rst -system
after 3000
targets -set -filter {jtag_cable_name =~ "Digilent Zed 210248BE0D85" && level==0 && jtag_device_ctx=="jsn-Zed-210248BE0D85-23727093-0"}
fpga -file D:/FMCOMMS4_AD9364_Fifo_Tlast_FFT/Ws/FMCOMMS4_AD9364/_ide/bitstream/system_top.bit
targets -set -nocase -filter {name =~"APU*"}
loadhw -hw D:/FMCOMMS4_AD9364_Fifo_Tlast_FFT/Ws/system_top/export/system_top/hw/system_top.xsa -mem-ranges [list {0x40000000 0xbfffffff}] -regs
configparams force-mem-access 1
targets -set -nocase -filter {name =~"APU*"}
source D:/FMCOMMS4_AD9364_Fifo_Tlast_FFT/Ws/FMCOMMS4_AD9364/_ide/psinit/ps7_init.tcl
ps7_init
ps7_post_config
targets -set -nocase -filter {name =~ "*A9*#0"}
dow D:/FMCOMMS4_AD9364_Fifo_Tlast_FFT/Ws/FMCOMMS4_AD9364/Debug/FMCOMMS4_AD9364.elf
configparams force-mem-access 0
----------------End of Script----------------

17:00:37 INFO  : Context for processor 'ps7_cortexa9_0' is selected.
17:00:37 INFO  : 'con' command is executed.
17:00:37 INFO  : ----------------XSDB Script (After Launch)----------------
targets -set -nocase -filter {name =~ "*A9*#0"}
con
----------------End of Script----------------

17:00:37 INFO  : Launch script is exported to file 'D:\FMCOMMS4_AD9364_Fifo_Tlast_FFT\Ws\FMCOMMS4_AD9364_system\_ide\scripts\debugger_fmcomms4_ad9364-default.tcl'
17:36:27 ERROR : Emulation support is not available for Windows OS. 
17:36:32 INFO  : Disconnected from the channel tcfchan#11.
17:36:33 INFO  : Connected to target on host '127.0.0.1' and port '3121'.
17:36:42 INFO  : ----------------XSDB Script----------------
connect -url tcp:127.0.0.1:3121
----------------End of Script----------------

17:36:42 ERROR : Could not find ARM device on the board for connection 'Local'.
Check if the target is in:
1. Split JTAG - No operations are possible with ARM DAP.
2. Non JTAG bootmode - Bootrom may need time to enable DAP.
Please try again.


Troubleshooting hints:
1. Check whether board is connected to system properly.
2. In case of zynq board, check whether Digilent/Xilinx cable switch settings are correct.
3. If you are using Xilinx Platform Cable USB, ensure that status LED is green.
17:36:47 INFO  : Connected to target on host '127.0.0.1' and port '3121'.
17:36:47 INFO  : Jtag cable 'Digilent Zed 210248BE0D85' is selected.
17:36:47 INFO  : 'jtag frequency' command is executed.
17:36:47 INFO  : Context for 'APU' is selected.
17:36:47 INFO  : System reset is completed.
17:36:50 INFO  : 'after 3000' command is executed.
17:36:50 INFO  : 'targets -set -filter {jtag_cable_name =~ "Digilent Zed 210248BE0D85" && level==0 && jtag_device_ctx=="jsn-Zed-210248BE0D85-23727093-0"}' command is executed.
17:36:53 INFO  : Device configured successfully with "D:/FMCOMMS4_AD9364_Fifo_Tlast_FFT/Ws/FMCOMMS4_AD9364/_ide/bitstream/system_top.bit"
17:36:53 INFO  : Context for 'APU' is selected.
17:36:53 INFO  : Hardware design and registers information is loaded from 'D:/FMCOMMS4_AD9364_Fifo_Tlast_FFT/Ws/system_top/export/system_top/hw/system_top.xsa'.
17:36:53 INFO  : 'configparams force-mem-access 1' command is executed.
17:36:53 INFO  : Context for 'APU' is selected.
17:36:53 INFO  : Sourcing of 'D:/FMCOMMS4_AD9364_Fifo_Tlast_FFT/Ws/FMCOMMS4_AD9364/_ide/psinit/ps7_init.tcl' is done.
17:36:53 INFO  : 'ps7_init' command is executed.
17:36:53 INFO  : 'ps7_post_config' command is executed.
17:36:53 INFO  : Context for processor 'ps7_cortexa9_0' is selected.
17:36:54 INFO  : The application 'D:/FMCOMMS4_AD9364_Fifo_Tlast_FFT/Ws/FMCOMMS4_AD9364/Debug/FMCOMMS4_AD9364.elf' is downloaded to processor 'ps7_cortexa9_0'.
17:36:54 INFO  : 'configparams force-mem-access 0' command is executed.
17:36:54 INFO  : ----------------XSDB Script----------------
connect -url tcp:127.0.0.1:3121
targets -set -nocase -filter {name =~"APU*"}
rst -system
after 3000
targets -set -filter {jtag_cable_name =~ "Digilent Zed 210248BE0D85" && level==0 && jtag_device_ctx=="jsn-Zed-210248BE0D85-23727093-0"}
fpga -file D:/FMCOMMS4_AD9364_Fifo_Tlast_FFT/Ws/FMCOMMS4_AD9364/_ide/bitstream/system_top.bit
targets -set -nocase -filter {name =~"APU*"}
loadhw -hw D:/FMCOMMS4_AD9364_Fifo_Tlast_FFT/Ws/system_top/export/system_top/hw/system_top.xsa -mem-ranges [list {0x40000000 0xbfffffff}] -regs
configparams force-mem-access 1
targets -set -nocase -filter {name =~"APU*"}
source D:/FMCOMMS4_AD9364_Fifo_Tlast_FFT/Ws/FMCOMMS4_AD9364/_ide/psinit/ps7_init.tcl
ps7_init
ps7_post_config
targets -set -nocase -filter {name =~ "*A9*#0"}
dow D:/FMCOMMS4_AD9364_Fifo_Tlast_FFT/Ws/FMCOMMS4_AD9364/Debug/FMCOMMS4_AD9364.elf
configparams force-mem-access 0
----------------End of Script----------------

17:36:54 INFO  : Context for processor 'ps7_cortexa9_0' is selected.
17:36:54 INFO  : 'con' command is executed.
17:36:54 INFO  : ----------------XSDB Script (After Launch)----------------
targets -set -nocase -filter {name =~ "*A9*#0"}
con
----------------End of Script----------------

17:36:54 INFO  : Launch script is exported to file 'D:\FMCOMMS4_AD9364_Fifo_Tlast_FFT\Ws\FMCOMMS4_AD9364_system\_ide\scripts\debugger_fmcomms4_ad9364-default.tcl'
17:58:59 INFO  : Disconnected from the channel tcfchan#12.
17:59:00 INFO  : Connected to target on host '127.0.0.1' and port '3121'.
17:59:03 INFO  : Jtag cable 'Digilent Zed 210248BE0D85' is selected.
17:59:03 INFO  : 'jtag frequency' command is executed.
17:59:03 INFO  : Context for 'APU' is selected.
17:59:03 INFO  : System reset is completed.
17:59:06 INFO  : 'after 3000' command is executed.
17:59:06 INFO  : 'targets -set -filter {jtag_cable_name =~ "Digilent Zed 210248BE0D85" && level==0 && jtag_device_ctx=="jsn-Zed-210248BE0D85-23727093-0"}' command is executed.
17:59:08 INFO  : Device configured successfully with "D:/FMCOMMS4_AD9364_Fifo_Tlast_FFT/Ws/FMCOMMS4_AD9364/_ide/bitstream/system_top.bit"
17:59:08 INFO  : Context for 'APU' is selected.
17:59:08 INFO  : Hardware design and registers information is loaded from 'D:/FMCOMMS4_AD9364_Fifo_Tlast_FFT/Ws/system_top/export/system_top/hw/system_top.xsa'.
17:59:08 INFO  : 'configparams force-mem-access 1' command is executed.
17:59:08 INFO  : Context for 'APU' is selected.
17:59:08 INFO  : Sourcing of 'D:/FMCOMMS4_AD9364_Fifo_Tlast_FFT/Ws/FMCOMMS4_AD9364/_ide/psinit/ps7_init.tcl' is done.
17:59:09 INFO  : 'ps7_init' command is executed.
17:59:09 INFO  : 'ps7_post_config' command is executed.
17:59:09 INFO  : Context for processor 'ps7_cortexa9_0' is selected.
17:59:09 INFO  : The application 'D:/FMCOMMS4_AD9364_Fifo_Tlast_FFT/Ws/FMCOMMS4_AD9364/Debug/FMCOMMS4_AD9364.elf' is downloaded to processor 'ps7_cortexa9_0'.
17:59:09 INFO  : 'configparams force-mem-access 0' command is executed.
17:59:09 INFO  : ----------------XSDB Script----------------
connect -url tcp:127.0.0.1:3121
targets -set -nocase -filter {name =~"APU*"}
rst -system
after 3000
targets -set -filter {jtag_cable_name =~ "Digilent Zed 210248BE0D85" && level==0 && jtag_device_ctx=="jsn-Zed-210248BE0D85-23727093-0"}
fpga -file D:/FMCOMMS4_AD9364_Fifo_Tlast_FFT/Ws/FMCOMMS4_AD9364/_ide/bitstream/system_top.bit
targets -set -nocase -filter {name =~"APU*"}
loadhw -hw D:/FMCOMMS4_AD9364_Fifo_Tlast_FFT/Ws/system_top/export/system_top/hw/system_top.xsa -mem-ranges [list {0x40000000 0xbfffffff}] -regs
configparams force-mem-access 1
targets -set -nocase -filter {name =~"APU*"}
source D:/FMCOMMS4_AD9364_Fifo_Tlast_FFT/Ws/FMCOMMS4_AD9364/_ide/psinit/ps7_init.tcl
ps7_init
ps7_post_config
targets -set -nocase -filter {name =~ "*A9*#0"}
dow D:/FMCOMMS4_AD9364_Fifo_Tlast_FFT/Ws/FMCOMMS4_AD9364/Debug/FMCOMMS4_AD9364.elf
configparams force-mem-access 0
----------------End of Script----------------

17:59:09 INFO  : Context for processor 'ps7_cortexa9_0' is selected.
17:59:09 INFO  : 'con' command is executed.
17:59:09 INFO  : ----------------XSDB Script (After Launch)----------------
targets -set -nocase -filter {name =~ "*A9*#0"}
con
----------------End of Script----------------

17:59:09 INFO  : Launch script is exported to file 'D:\FMCOMMS4_AD9364_Fifo_Tlast_FFT\Ws\FMCOMMS4_AD9364_system\_ide\scripts\debugger_fmcomms4_ad9364-default.tcl'
18:02:57 INFO  : Disconnected from the channel tcfchan#13.
18:02:58 INFO  : Connected to target on host '127.0.0.1' and port '3121'.
18:03:07 INFO  : ----------------XSDB Script----------------
connect -url tcp:127.0.0.1:3121
----------------End of Script----------------

18:03:07 ERROR : Could not find FPGA device on the board for connection 'Local'.


Troubleshooting hints:
1. Check whether board is connected to system properly.
2. In case of zynq board, check whether Digilent/Xilinx cable switch settings are correct.
3. If you are using Xilinx Platform Cable USB, ensure that status LED is green.
18:03:13 INFO  : Connected to target on host '127.0.0.1' and port '3121'.
18:03:13 INFO  : Jtag cable 'Digilent Zed 210248BE0D85' is selected.
18:03:13 INFO  : 'jtag frequency' command is executed.
18:03:13 INFO  : Context for 'APU' is selected.
18:03:13 INFO  : System reset is completed.
18:03:16 INFO  : 'after 3000' command is executed.
18:03:17 INFO  : 'targets -set -filter {jtag_cable_name =~ "Digilent Zed 210248BE0D85" && level==0 && jtag_device_ctx=="jsn-Zed-210248BE0D85-23727093-0"}' command is executed.
18:03:19 INFO  : Device configured successfully with "D:/FMCOMMS4_AD9364_Fifo_Tlast_FFT/Ws/FMCOMMS4_AD9364/_ide/bitstream/system_top.bit"
18:03:19 INFO  : Context for 'APU' is selected.
18:03:19 INFO  : Hardware design and registers information is loaded from 'D:/FMCOMMS4_AD9364_Fifo_Tlast_FFT/Ws/system_top/export/system_top/hw/system_top.xsa'.
18:03:19 INFO  : 'configparams force-mem-access 1' command is executed.
18:03:19 INFO  : Context for 'APU' is selected.
18:03:19 INFO  : Sourcing of 'D:/FMCOMMS4_AD9364_Fifo_Tlast_FFT/Ws/FMCOMMS4_AD9364/_ide/psinit/ps7_init.tcl' is done.
18:03:19 INFO  : 'ps7_init' command is executed.
18:03:19 INFO  : 'ps7_post_config' command is executed.
18:03:19 INFO  : Context for processor 'ps7_cortexa9_0' is selected.
18:03:20 INFO  : The application 'D:/FMCOMMS4_AD9364_Fifo_Tlast_FFT/Ws/FMCOMMS4_AD9364/Debug/FMCOMMS4_AD9364.elf' is downloaded to processor 'ps7_cortexa9_0'.
18:03:20 INFO  : 'configparams force-mem-access 0' command is executed.
18:03:20 INFO  : ----------------XSDB Script----------------
connect -url tcp:127.0.0.1:3121
targets -set -nocase -filter {name =~"APU*"}
rst -system
after 3000
targets -set -filter {jtag_cable_name =~ "Digilent Zed 210248BE0D85" && level==0 && jtag_device_ctx=="jsn-Zed-210248BE0D85-23727093-0"}
fpga -file D:/FMCOMMS4_AD9364_Fifo_Tlast_FFT/Ws/FMCOMMS4_AD9364/_ide/bitstream/system_top.bit
targets -set -nocase -filter {name =~"APU*"}
loadhw -hw D:/FMCOMMS4_AD9364_Fifo_Tlast_FFT/Ws/system_top/export/system_top/hw/system_top.xsa -mem-ranges [list {0x40000000 0xbfffffff}] -regs
configparams force-mem-access 1
targets -set -nocase -filter {name =~"APU*"}
source D:/FMCOMMS4_AD9364_Fifo_Tlast_FFT/Ws/FMCOMMS4_AD9364/_ide/psinit/ps7_init.tcl
ps7_init
ps7_post_config
targets -set -nocase -filter {name =~ "*A9*#0"}
dow D:/FMCOMMS4_AD9364_Fifo_Tlast_FFT/Ws/FMCOMMS4_AD9364/Debug/FMCOMMS4_AD9364.elf
configparams force-mem-access 0
----------------End of Script----------------

18:03:20 INFO  : Context for processor 'ps7_cortexa9_0' is selected.
18:03:20 INFO  : 'con' command is executed.
18:03:20 INFO  : ----------------XSDB Script (After Launch)----------------
targets -set -nocase -filter {name =~ "*A9*#0"}
con
----------------End of Script----------------

18:03:20 INFO  : Launch script is exported to file 'D:\FMCOMMS4_AD9364_Fifo_Tlast_FFT\Ws\FMCOMMS4_AD9364_system\_ide\scripts\debugger_fmcomms4_ad9364-default.tcl'
18:32:01 INFO  : Hardware specification for platform project 'system_top' is updated.
18:33:27 INFO  : Result from executing command 'getProjects': system_top
18:33:27 INFO  : Result from executing command 'getPlatforms': system_top|D:/FMCOMMS4_AD9364_Fifo_Tlast_FFT/Ws/system_top/export/system_top/system_top.xpfm;xilinx_vck190_base_202310_1|D:/Vitis/2023.1/base_platforms/xilinx_vck190_base_202310_1/xilinx_vck190_base_202310_1.xpfm;xilinx_vck190_base_dfx_202310_1|D:/Vitis/2023.1/base_platforms/xilinx_vck190_base_dfx_202310_1/xilinx_vck190_base_dfx_202310_1.xpfm;xilinx_vek280_es1_base_202310_1|D:/Vitis/2023.1/base_platforms/xilinx_vek280_es1_base_202310_1/xilinx_vek280_es1_base_202310_1.xpfm;xilinx_vmk180_base_202310_1|D:/Vitis/2023.1/base_platforms/xilinx_vmk180_base_202310_1/xilinx_vmk180_base_202310_1.xpfm;xilinx_zcu102_base_202310_1|D:/Vitis/2023.1/base_platforms/xilinx_zcu102_base_202310_1/xilinx_zcu102_base_202310_1.xpfm;xilinx_zcu102_base_dfx_202310_1|D:/Vitis/2023.1/base_platforms/xilinx_zcu102_base_dfx_202310_1/xilinx_zcu102_base_dfx_202310_1.xpfm;xilinx_zcu104_base_202310_1|D:/Vitis/2023.1/base_platforms/xilinx_zcu104_base_202310_1/xilinx_zcu104_base_202310_1.xpfm
18:33:41 INFO  : Checking for BSP changes to sync application flags for project 'FMCOMMS4_AD9364'...
18:34:05 INFO  : The hardware specification used by project 'FMCOMMS4_AD9364' is out of sync with the platform. Resource files extracted from the hardware specification will be updated.
18:34:05 INFO  : The file 'D:\FMCOMMS4_AD9364_Fifo_Tlast_FFT\Ws\FMCOMMS4_AD9364\_ide\bitstream\system_top.bit' stored in project is removed.
18:34:05 INFO  : The updated bitstream files are copied from platform to folder 'D:\FMCOMMS4_AD9364_Fifo_Tlast_FFT\Ws\FMCOMMS4_AD9364\_ide\bitstream' in project 'FMCOMMS4_AD9364'.
18:34:05 INFO  : The file 'D:\FMCOMMS4_AD9364_Fifo_Tlast_FFT\Ws\FMCOMMS4_AD9364\_ide\psinit\ps7_init.tcl' stored in project is removed.
18:34:11 INFO  : The updated ps init files are copied from platform to folder 'D:\FMCOMMS4_AD9364_Fifo_Tlast_FFT\Ws\FMCOMMS4_AD9364\_ide\psinit' in project 'FMCOMMS4_AD9364'.
18:34:16 INFO  : Checking for BSP changes to sync application flags for project 'FMCOMMS4_AD9364'...
18:34:17 INFO  : Checking for BSP changes to sync application flags for project 'FMCOMMS4_AD9364'...
18:34:26 INFO  : Disconnected from the channel tcfchan#14.
18:34:28 INFO  : Connected to target on host '127.0.0.1' and port '3121'.
18:34:37 INFO  : ----------------XSDB Script----------------
connect -url tcp:127.0.0.1:3121
----------------End of Script----------------

18:34:37 ERROR : Could not find ARM device on the board for connection 'Local'.
Check if the target is in:
1. Split JTAG - No operations are possible with ARM DAP.
2. Non JTAG bootmode - Bootrom may need time to enable DAP.
Please try again.


Troubleshooting hints:
1. Check whether board is connected to system properly.
2. In case of zynq board, check whether Digilent/Xilinx cable switch settings are correct.
3. If you are using Xilinx Platform Cable USB, ensure that status LED is green.
18:35:40 INFO  : Connected to target on host '127.0.0.1' and port '3121'.
18:35:40 INFO  : Jtag cable 'Digilent Zed 210248BE0D85' is selected.
18:35:40 INFO  : 'jtag frequency' command is executed.
18:35:40 INFO  : Context for 'APU' is selected.
18:35:40 INFO  : System reset is completed.
18:35:43 INFO  : 'after 3000' command is executed.
18:35:43 INFO  : 'targets -set -filter {jtag_cable_name =~ "Digilent Zed 210248BE0D85" && level==0 && jtag_device_ctx=="jsn-Zed-210248BE0D85-23727093-0"}' command is executed.
18:35:46 INFO  : Device configured successfully with "D:/FMCOMMS4_AD9364_Fifo_Tlast_FFT/Ws/FMCOMMS4_AD9364/_ide/bitstream/system_top.bit"
18:35:46 INFO  : Context for 'APU' is selected.
18:35:46 INFO  : Hardware design and registers information is loaded from 'D:/FMCOMMS4_AD9364_Fifo_Tlast_FFT/Ws/system_top/export/system_top/hw/system_top.xsa'.
18:35:46 INFO  : 'configparams force-mem-access 1' command is executed.
18:35:46 INFO  : Context for 'APU' is selected.
18:35:46 INFO  : Sourcing of 'D:/FMCOMMS4_AD9364_Fifo_Tlast_FFT/Ws/FMCOMMS4_AD9364/_ide/psinit/ps7_init.tcl' is done.
18:35:46 INFO  : 'ps7_init' command is executed.
18:35:46 INFO  : 'ps7_post_config' command is executed.
18:35:46 INFO  : Context for processor 'ps7_cortexa9_0' is selected.
18:35:47 INFO  : The application 'D:/FMCOMMS4_AD9364_Fifo_Tlast_FFT/Ws/FMCOMMS4_AD9364/Debug/FMCOMMS4_AD9364.elf' is downloaded to processor 'ps7_cortexa9_0'.
18:35:47 INFO  : 'configparams force-mem-access 0' command is executed.
18:35:47 INFO  : ----------------XSDB Script----------------
connect -url tcp:127.0.0.1:3121
targets -set -nocase -filter {name =~"APU*"}
rst -system
after 3000
targets -set -filter {jtag_cable_name =~ "Digilent Zed 210248BE0D85" && level==0 && jtag_device_ctx=="jsn-Zed-210248BE0D85-23727093-0"}
fpga -file D:/FMCOMMS4_AD9364_Fifo_Tlast_FFT/Ws/FMCOMMS4_AD9364/_ide/bitstream/system_top.bit
targets -set -nocase -filter {name =~"APU*"}
loadhw -hw D:/FMCOMMS4_AD9364_Fifo_Tlast_FFT/Ws/system_top/export/system_top/hw/system_top.xsa -mem-ranges [list {0x40000000 0xbfffffff}] -regs
configparams force-mem-access 1
targets -set -nocase -filter {name =~"APU*"}
source D:/FMCOMMS4_AD9364_Fifo_Tlast_FFT/Ws/FMCOMMS4_AD9364/_ide/psinit/ps7_init.tcl
ps7_init
ps7_post_config
targets -set -nocase -filter {name =~ "*A9*#0"}
dow D:/FMCOMMS4_AD9364_Fifo_Tlast_FFT/Ws/FMCOMMS4_AD9364/Debug/FMCOMMS4_AD9364.elf
configparams force-mem-access 0
----------------End of Script----------------

18:35:47 INFO  : Context for processor 'ps7_cortexa9_0' is selected.
18:35:47 INFO  : 'con' command is executed.
18:35:47 INFO  : ----------------XSDB Script (After Launch)----------------
targets -set -nocase -filter {name =~ "*A9*#0"}
con
----------------End of Script----------------

18:35:47 INFO  : Launch script is exported to file 'D:\FMCOMMS4_AD9364_Fifo_Tlast_FFT\Ws\FMCOMMS4_AD9364_system\_ide\scripts\debugger_fmcomms4_ad9364-default.tcl'
18:36:30 INFO  : Disconnected from the channel tcfchan#18.
18:36:31 INFO  : Connected to target on host '127.0.0.1' and port '3121'.
18:36:40 INFO  : ----------------XSDB Script----------------
connect -url tcp:127.0.0.1:3121
----------------End of Script----------------

18:36:40 ERROR : Could not find Jtag device on the board for connection 'Local'.


Troubleshooting hints:
1. Check whether board is connected to system properly.
2. In case of zynq board, check whether Digilent/Xilinx cable switch settings are correct.
3. If you are using Xilinx Platform Cable USB, ensure that status LED is green.
18:36:50 INFO  : Connected to target on host '127.0.0.1' and port '3121'.
18:36:50 INFO  : Jtag cable 'Digilent Zed 210248BE0D85' is selected.
18:36:50 INFO  : 'jtag frequency' command is executed.
18:36:50 INFO  : Context for 'APU' is selected.
18:36:50 INFO  : System reset is completed.
18:36:53 INFO  : 'after 3000' command is executed.
18:36:53 INFO  : 'targets -set -filter {jtag_cable_name =~ "Digilent Zed 210248BE0D85" && level==0 && jtag_device_ctx=="jsn-Zed-210248BE0D85-23727093-0"}' command is executed.
18:36:55 INFO  : Device configured successfully with "D:/FMCOMMS4_AD9364_Fifo_Tlast_FFT/Ws/FMCOMMS4_AD9364/_ide/bitstream/system_top.bit"
18:36:55 INFO  : Context for 'APU' is selected.
18:36:55 INFO  : Hardware design and registers information is loaded from 'D:/FMCOMMS4_AD9364_Fifo_Tlast_FFT/Ws/system_top/export/system_top/hw/system_top.xsa'.
18:36:55 INFO  : 'configparams force-mem-access 1' command is executed.
18:36:55 INFO  : Context for 'APU' is selected.
18:36:55 INFO  : Sourcing of 'D:/FMCOMMS4_AD9364_Fifo_Tlast_FFT/Ws/FMCOMMS4_AD9364/_ide/psinit/ps7_init.tcl' is done.
18:36:56 INFO  : 'ps7_init' command is executed.
18:36:56 INFO  : 'ps7_post_config' command is executed.
18:36:56 INFO  : Context for processor 'ps7_cortexa9_0' is selected.
18:36:56 INFO  : The application 'D:/FMCOMMS4_AD9364_Fifo_Tlast_FFT/Ws/FMCOMMS4_AD9364/Debug/FMCOMMS4_AD9364.elf' is downloaded to processor 'ps7_cortexa9_0'.
18:36:56 INFO  : 'configparams force-mem-access 0' command is executed.
18:36:56 INFO  : ----------------XSDB Script----------------
connect -url tcp:127.0.0.1:3121
targets -set -nocase -filter {name =~"APU*"}
rst -system
after 3000
targets -set -filter {jtag_cable_name =~ "Digilent Zed 210248BE0D85" && level==0 && jtag_device_ctx=="jsn-Zed-210248BE0D85-23727093-0"}
fpga -file D:/FMCOMMS4_AD9364_Fifo_Tlast_FFT/Ws/FMCOMMS4_AD9364/_ide/bitstream/system_top.bit
targets -set -nocase -filter {name =~"APU*"}
loadhw -hw D:/FMCOMMS4_AD9364_Fifo_Tlast_FFT/Ws/system_top/export/system_top/hw/system_top.xsa -mem-ranges [list {0x40000000 0xbfffffff}] -regs
configparams force-mem-access 1
targets -set -nocase -filter {name =~"APU*"}
source D:/FMCOMMS4_AD9364_Fifo_Tlast_FFT/Ws/FMCOMMS4_AD9364/_ide/psinit/ps7_init.tcl
ps7_init
ps7_post_config
targets -set -nocase -filter {name =~ "*A9*#0"}
dow D:/FMCOMMS4_AD9364_Fifo_Tlast_FFT/Ws/FMCOMMS4_AD9364/Debug/FMCOMMS4_AD9364.elf
configparams force-mem-access 0
----------------End of Script----------------

18:36:57 INFO  : Context for processor 'ps7_cortexa9_0' is selected.
18:36:57 INFO  : 'con' command is executed.
18:36:57 INFO  : ----------------XSDB Script (After Launch)----------------
targets -set -nocase -filter {name =~ "*A9*#0"}
con
----------------End of Script----------------

18:36:57 INFO  : Launch script is exported to file 'D:\FMCOMMS4_AD9364_Fifo_Tlast_FFT\Ws\FMCOMMS4_AD9364_system\_ide\scripts\debugger_fmcomms4_ad9364-default.tcl'
19:06:32 INFO  : Hardware specification for platform project 'system_top' is updated.
19:06:57 INFO  : Result from executing command 'getProjects': system_top
19:06:57 INFO  : Result from executing command 'getPlatforms': system_top|D:/FMCOMMS4_AD9364_Fifo_Tlast_FFT/Ws/system_top/export/system_top/system_top.xpfm;xilinx_vck190_base_202310_1|D:/Vitis/2023.1/base_platforms/xilinx_vck190_base_202310_1/xilinx_vck190_base_202310_1.xpfm;xilinx_vck190_base_dfx_202310_1|D:/Vitis/2023.1/base_platforms/xilinx_vck190_base_dfx_202310_1/xilinx_vck190_base_dfx_202310_1.xpfm;xilinx_vek280_es1_base_202310_1|D:/Vitis/2023.1/base_platforms/xilinx_vek280_es1_base_202310_1/xilinx_vek280_es1_base_202310_1.xpfm;xilinx_vmk180_base_202310_1|D:/Vitis/2023.1/base_platforms/xilinx_vmk180_base_202310_1/xilinx_vmk180_base_202310_1.xpfm;xilinx_zcu102_base_202310_1|D:/Vitis/2023.1/base_platforms/xilinx_zcu102_base_202310_1/xilinx_zcu102_base_202310_1.xpfm;xilinx_zcu102_base_dfx_202310_1|D:/Vitis/2023.1/base_platforms/xilinx_zcu102_base_dfx_202310_1/xilinx_zcu102_base_dfx_202310_1.xpfm;xilinx_zcu104_base_202310_1|D:/Vitis/2023.1/base_platforms/xilinx_zcu104_base_202310_1/xilinx_zcu104_base_202310_1.xpfm
19:09:58 INFO  : Disconnected from the channel tcfchan#19.
19:09:59 INFO  : The hardware specification used by project 'FMCOMMS4_AD9364' is out of sync with the platform. Resource files extracted from the hardware specification will be updated.
19:09:59 INFO  : The file 'D:\FMCOMMS4_AD9364_Fifo_Tlast_FFT\Ws\FMCOMMS4_AD9364\_ide\bitstream\system_top.bit' stored in project is removed.
19:09:59 INFO  : The updated bitstream files are copied from platform to folder 'D:\FMCOMMS4_AD9364_Fifo_Tlast_FFT\Ws\FMCOMMS4_AD9364\_ide\bitstream' in project 'FMCOMMS4_AD9364'.
19:09:59 INFO  : The file 'D:\FMCOMMS4_AD9364_Fifo_Tlast_FFT\Ws\FMCOMMS4_AD9364\_ide\psinit\ps7_init.tcl' stored in project is removed.
19:10:05 INFO  : The updated ps init files are copied from platform to folder 'D:\FMCOMMS4_AD9364_Fifo_Tlast_FFT\Ws\FMCOMMS4_AD9364\_ide\psinit' in project 'FMCOMMS4_AD9364'.
19:10:05 INFO  : Connected to target on host '127.0.0.1' and port '3121'.
19:10:05 INFO  : Jtag cable 'Digilent Zed 210248BE0D85' is selected.
19:10:05 INFO  : 'jtag frequency' command is executed.
19:10:05 INFO  : Context for 'APU' is selected.
19:10:05 INFO  : System reset is completed.
19:10:08 INFO  : 'after 3000' command is executed.
19:10:08 INFO  : 'targets -set -filter {jtag_cable_name =~ "Digilent Zed 210248BE0D85" && level==0 && jtag_device_ctx=="jsn-Zed-210248BE0D85-23727093-0"}' command is executed.
19:10:11 INFO  : Device configured successfully with "D:/FMCOMMS4_AD9364_Fifo_Tlast_FFT/Ws/FMCOMMS4_AD9364/_ide/bitstream/system_top.bit"
19:10:11 INFO  : Context for 'APU' is selected.
19:10:11 INFO  : Hardware design and registers information is loaded from 'D:/FMCOMMS4_AD9364_Fifo_Tlast_FFT/Ws/system_top/export/system_top/hw/system_top.xsa'.
19:10:11 INFO  : 'configparams force-mem-access 1' command is executed.
19:10:11 INFO  : Context for 'APU' is selected.
19:10:11 INFO  : Sourcing of 'D:/FMCOMMS4_AD9364_Fifo_Tlast_FFT/Ws/FMCOMMS4_AD9364/_ide/psinit/ps7_init.tcl' is done.
19:10:11 INFO  : 'ps7_init' command is executed.
19:10:11 INFO  : 'ps7_post_config' command is executed.
19:10:11 INFO  : Context for processor 'ps7_cortexa9_0' is selected.
19:10:12 INFO  : The application 'D:/FMCOMMS4_AD9364_Fifo_Tlast_FFT/Ws/FMCOMMS4_AD9364/Debug/FMCOMMS4_AD9364.elf' is downloaded to processor 'ps7_cortexa9_0'.
19:10:12 INFO  : 'configparams force-mem-access 0' command is executed.
19:10:12 INFO  : ----------------XSDB Script----------------
connect -url tcp:127.0.0.1:3121
targets -set -nocase -filter {name =~"APU*"}
rst -system
after 3000
targets -set -filter {jtag_cable_name =~ "Digilent Zed 210248BE0D85" && level==0 && jtag_device_ctx=="jsn-Zed-210248BE0D85-23727093-0"}
fpga -file D:/FMCOMMS4_AD9364_Fifo_Tlast_FFT/Ws/FMCOMMS4_AD9364/_ide/bitstream/system_top.bit
targets -set -nocase -filter {name =~"APU*"}
loadhw -hw D:/FMCOMMS4_AD9364_Fifo_Tlast_FFT/Ws/system_top/export/system_top/hw/system_top.xsa -mem-ranges [list {0x40000000 0xbfffffff}] -regs
configparams force-mem-access 1
targets -set -nocase -filter {name =~"APU*"}
source D:/FMCOMMS4_AD9364_Fifo_Tlast_FFT/Ws/FMCOMMS4_AD9364/_ide/psinit/ps7_init.tcl
ps7_init
ps7_post_config
targets -set -nocase -filter {name =~ "*A9*#0"}
dow D:/FMCOMMS4_AD9364_Fifo_Tlast_FFT/Ws/FMCOMMS4_AD9364/Debug/FMCOMMS4_AD9364.elf
configparams force-mem-access 0
----------------End of Script----------------

19:10:12 INFO  : Context for processor 'ps7_cortexa9_0' is selected.
19:10:12 INFO  : 'con' command is executed.
19:10:12 INFO  : ----------------XSDB Script (After Launch)----------------
targets -set -nocase -filter {name =~ "*A9*#0"}
con
----------------End of Script----------------

19:10:12 INFO  : Launch script is exported to file 'D:\FMCOMMS4_AD9364_Fifo_Tlast_FFT\Ws\FMCOMMS4_AD9364_system\_ide\scripts\debugger_fmcomms4_ad9364-default.tcl'
19:38:47 INFO  : Hardware specification for platform project 'system_top' is updated.
19:39:10 INFO  : Result from executing command 'getProjects': system_top
19:39:10 INFO  : Result from executing command 'getPlatforms': system_top|D:/FMCOMMS4_AD9364_Fifo_Tlast_FFT/Ws/system_top/export/system_top/system_top.xpfm;xilinx_vck190_base_202310_1|D:/Vitis/2023.1/base_platforms/xilinx_vck190_base_202310_1/xilinx_vck190_base_202310_1.xpfm;xilinx_vck190_base_dfx_202310_1|D:/Vitis/2023.1/base_platforms/xilinx_vck190_base_dfx_202310_1/xilinx_vck190_base_dfx_202310_1.xpfm;xilinx_vek280_es1_base_202310_1|D:/Vitis/2023.1/base_platforms/xilinx_vek280_es1_base_202310_1/xilinx_vek280_es1_base_202310_1.xpfm;xilinx_vmk180_base_202310_1|D:/Vitis/2023.1/base_platforms/xilinx_vmk180_base_202310_1/xilinx_vmk180_base_202310_1.xpfm;xilinx_zcu102_base_202310_1|D:/Vitis/2023.1/base_platforms/xilinx_zcu102_base_202310_1/xilinx_zcu102_base_202310_1.xpfm;xilinx_zcu102_base_dfx_202310_1|D:/Vitis/2023.1/base_platforms/xilinx_zcu102_base_dfx_202310_1/xilinx_zcu102_base_dfx_202310_1.xpfm;xilinx_zcu104_base_202310_1|D:/Vitis/2023.1/base_platforms/xilinx_zcu104_base_202310_1/xilinx_zcu104_base_202310_1.xpfm
19:39:11 INFO  : Checking for BSP changes to sync application flags for project 'FMCOMMS4_AD9364'...
19:39:36 INFO  : The hardware specification used by project 'FMCOMMS4_AD9364' is out of sync with the platform. Resource files extracted from the hardware specification will be updated.
19:39:36 INFO  : The file 'D:\FMCOMMS4_AD9364_Fifo_Tlast_FFT\Ws\FMCOMMS4_AD9364\_ide\bitstream\system_top.bit' stored in project is removed.
19:39:36 INFO  : The updated bitstream files are copied from platform to folder 'D:\FMCOMMS4_AD9364_Fifo_Tlast_FFT\Ws\FMCOMMS4_AD9364\_ide\bitstream' in project 'FMCOMMS4_AD9364'.
19:39:36 INFO  : The file 'D:\FMCOMMS4_AD9364_Fifo_Tlast_FFT\Ws\FMCOMMS4_AD9364\_ide\psinit\ps7_init.tcl' stored in project is removed.
19:39:41 INFO  : The updated ps init files are copied from platform to folder 'D:\FMCOMMS4_AD9364_Fifo_Tlast_FFT\Ws\FMCOMMS4_AD9364\_ide\psinit' in project 'FMCOMMS4_AD9364'.
19:39:46 INFO  : Checking for BSP changes to sync application flags for project 'FMCOMMS4_AD9364'...
19:39:57 INFO  : Disconnected from the channel tcfchan#21.
19:39:59 INFO  : Connected to target on host '127.0.0.1' and port '3121'.
19:40:08 INFO  : ----------------XSDB Script----------------
connect -url tcp:127.0.0.1:3121
----------------End of Script----------------

19:40:08 ERROR : Could not find ARM device on the board for connection 'Local'.
Check if the target is in:
1. Split JTAG - No operations are possible with ARM DAP.
2. Non JTAG bootmode - Bootrom may need time to enable DAP.
Please try again.


Troubleshooting hints:
1. Check whether board is connected to system properly.
2. In case of zynq board, check whether Digilent/Xilinx cable switch settings are correct.
3. If you are using Xilinx Platform Cable USB, ensure that status LED is green.
19:40:13 INFO  : Connected to target on host '127.0.0.1' and port '3121'.
19:40:13 INFO  : Jtag cable 'Digilent Zed 210248BE0D85' is selected.
19:40:13 INFO  : 'jtag frequency' command is executed.
19:40:13 INFO  : Context for 'APU' is selected.
19:40:13 INFO  : System reset is completed.
19:40:16 INFO  : 'after 3000' command is executed.
19:40:16 INFO  : 'targets -set -filter {jtag_cable_name =~ "Digilent Zed 210248BE0D85" && level==0 && jtag_device_ctx=="jsn-Zed-210248BE0D85-23727093-0"}' command is executed.
19:40:19 INFO  : Device configured successfully with "D:/FMCOMMS4_AD9364_Fifo_Tlast_FFT/Ws/FMCOMMS4_AD9364/_ide/bitstream/system_top.bit"
19:40:19 INFO  : Context for 'APU' is selected.
19:40:19 INFO  : Hardware design and registers information is loaded from 'D:/FMCOMMS4_AD9364_Fifo_Tlast_FFT/Ws/system_top/export/system_top/hw/system_top.xsa'.
19:40:19 INFO  : 'configparams force-mem-access 1' command is executed.
19:40:19 INFO  : Context for 'APU' is selected.
19:40:19 INFO  : Sourcing of 'D:/FMCOMMS4_AD9364_Fifo_Tlast_FFT/Ws/FMCOMMS4_AD9364/_ide/psinit/ps7_init.tcl' is done.
19:40:19 INFO  : 'ps7_init' command is executed.
19:40:19 INFO  : 'ps7_post_config' command is executed.
19:40:19 INFO  : Context for processor 'ps7_cortexa9_0' is selected.
19:40:20 INFO  : The application 'D:/FMCOMMS4_AD9364_Fifo_Tlast_FFT/Ws/FMCOMMS4_AD9364/Debug/FMCOMMS4_AD9364.elf' is downloaded to processor 'ps7_cortexa9_0'.
19:40:20 INFO  : 'configparams force-mem-access 0' command is executed.
19:40:20 INFO  : ----------------XSDB Script----------------
connect -url tcp:127.0.0.1:3121
targets -set -nocase -filter {name =~"APU*"}
rst -system
after 3000
targets -set -filter {jtag_cable_name =~ "Digilent Zed 210248BE0D85" && level==0 && jtag_device_ctx=="jsn-Zed-210248BE0D85-23727093-0"}
fpga -file D:/FMCOMMS4_AD9364_Fifo_Tlast_FFT/Ws/FMCOMMS4_AD9364/_ide/bitstream/system_top.bit
targets -set -nocase -filter {name =~"APU*"}
loadhw -hw D:/FMCOMMS4_AD9364_Fifo_Tlast_FFT/Ws/system_top/export/system_top/hw/system_top.xsa -mem-ranges [list {0x40000000 0xbfffffff}] -regs
configparams force-mem-access 1
targets -set -nocase -filter {name =~"APU*"}
source D:/FMCOMMS4_AD9364_Fifo_Tlast_FFT/Ws/FMCOMMS4_AD9364/_ide/psinit/ps7_init.tcl
ps7_init
ps7_post_config
targets -set -nocase -filter {name =~ "*A9*#0"}
dow D:/FMCOMMS4_AD9364_Fifo_Tlast_FFT/Ws/FMCOMMS4_AD9364/Debug/FMCOMMS4_AD9364.elf
configparams force-mem-access 0
----------------End of Script----------------

19:40:20 INFO  : Context for processor 'ps7_cortexa9_0' is selected.
19:40:20 INFO  : 'con' command is executed.
19:40:20 INFO  : ----------------XSDB Script (After Launch)----------------
targets -set -nocase -filter {name =~ "*A9*#0"}
con
----------------End of Script----------------

19:40:20 INFO  : Launch script is exported to file 'D:\FMCOMMS4_AD9364_Fifo_Tlast_FFT\Ws\FMCOMMS4_AD9364_system\_ide\scripts\debugger_fmcomms4_ad9364-default.tcl'
19:47:35 INFO  : Disconnected from the channel tcfchan#24.
09:54:57 DEBUG : Logs will be stored at 'D:/FMCOMMS4_AD9364_Fifo_Tlast_FFT/Ws/IDE.log'.
09:54:57 INFO  : Launching XSCT server: xsct.bat -n  -interactive D:\FMCOMMS4_AD9364_Fifo_Tlast_FFT\Ws\temp_xsdb_launch_script.tcl
09:55:01 INFO  : Registering command handlers for Vitis TCF services
09:55:01 INFO  : XSCT server has started successfully.
09:55:02 INFO  : Platform repository initialization has completed.
09:55:04 INFO  : plnx-install-location is set to ''
09:55:04 INFO  : Successfully done setting XSCT server connection channel  
09:55:25 INFO  : Successfully done query RDI_DATADIR 
09:55:25 INFO  : Successfully done setting workspace for the tool. 
09:56:11 INFO  : Hardware specification for platform project 'system_top' is updated.
09:57:47 INFO  : Result from executing command 'getProjects': system_top
09:57:47 INFO  : Result from executing command 'getPlatforms': system_top|D:/FMCOMMS4_AD9364_Fifo_Tlast_FFT/Ws/system_top/export/system_top/system_top.xpfm;xilinx_vck190_base_202310_1|D:/Vitis/2023.1/base_platforms/xilinx_vck190_base_202310_1/xilinx_vck190_base_202310_1.xpfm;xilinx_vck190_base_dfx_202310_1|D:/Vitis/2023.1/base_platforms/xilinx_vck190_base_dfx_202310_1/xilinx_vck190_base_dfx_202310_1.xpfm;xilinx_vek280_es1_base_202310_1|D:/Vitis/2023.1/base_platforms/xilinx_vek280_es1_base_202310_1/xilinx_vek280_es1_base_202310_1.xpfm;xilinx_vmk180_base_202310_1|D:/Vitis/2023.1/base_platforms/xilinx_vmk180_base_202310_1/xilinx_vmk180_base_202310_1.xpfm;xilinx_zcu102_base_202310_1|D:/Vitis/2023.1/base_platforms/xilinx_zcu102_base_202310_1/xilinx_zcu102_base_202310_1.xpfm;xilinx_zcu102_base_dfx_202310_1|D:/Vitis/2023.1/base_platforms/xilinx_zcu102_base_dfx_202310_1/xilinx_zcu102_base_dfx_202310_1.xpfm;xilinx_zcu104_base_202310_1|D:/Vitis/2023.1/base_platforms/xilinx_zcu104_base_202310_1/xilinx_zcu104_base_202310_1.xpfm
09:58:08 INFO  : Checking for BSP changes to sync application flags for project 'FMCOMMS4_AD9364'...
09:58:35 INFO  : Checking for BSP changes to sync application flags for project 'FMCOMMS4_AD9364'...
09:58:41 INFO  : The hardware specification used by project 'FMCOMMS4_AD9364' is out of sync with the platform. Resource files extracted from the hardware specification will be updated.
09:58:41 INFO  : The file 'D:\FMCOMMS4_AD9364_Fifo_Tlast_FFT\Ws\FMCOMMS4_AD9364\_ide\bitstream\system_top.bit' stored in project is removed.
09:58:41 INFO  : The updated bitstream files are copied from platform to folder 'D:\FMCOMMS4_AD9364_Fifo_Tlast_FFT\Ws\FMCOMMS4_AD9364\_ide\bitstream' in project 'FMCOMMS4_AD9364'.
09:58:41 INFO  : The file 'D:\FMCOMMS4_AD9364_Fifo_Tlast_FFT\Ws\FMCOMMS4_AD9364\_ide\psinit\ps7_init.tcl' stored in project is removed.
09:58:46 INFO  : The updated ps init files are copied from platform to folder 'D:\FMCOMMS4_AD9364_Fifo_Tlast_FFT\Ws\FMCOMMS4_AD9364\_ide\psinit' in project 'FMCOMMS4_AD9364'.
09:58:49 INFO  : Connected to target on host '127.0.0.1' and port '3121'.
09:59:07 INFO  : ----------------XSDB Script----------------
connect -url tcp:127.0.0.1:3121
----------------End of Script----------------

09:59:07 ERROR : Could not find ARM device on the board for connection 'Local'.
Check if the target is in:
1. Split JTAG - No operations are possible with ARM DAP.
2. Non JTAG bootmode - Bootrom may need time to enable DAP.
Please try again.


Troubleshooting hints:
1. Check whether board is connected to system properly.
2. In case of zynq board, check whether Digilent/Xilinx cable switch settings are correct.
3. If you are using Xilinx Platform Cable USB, ensure that status LED is green.
09:59:24 INFO  : Connected to target on host '127.0.0.1' and port '3121'.
09:59:24 INFO  : Jtag cable 'Digilent Zed 210248BE0D85' is selected.
09:59:24 INFO  : 'jtag frequency' command is executed.
09:59:24 INFO  : Context for 'APU' is selected.
09:59:24 INFO  : System reset is completed.
09:59:27 INFO  : 'after 3000' command is executed.
09:59:28 INFO  : 'targets -set -filter {jtag_cable_name =~ "Digilent Zed 210248BE0D85" && level==0 && jtag_device_ctx=="jsn-Zed-210248BE0D85-23727093-0"}' command is executed.
09:59:30 INFO  : Device configured successfully with "D:/FMCOMMS4_AD9364_Fifo_Tlast_FFT/Ws/FMCOMMS4_AD9364/_ide/bitstream/system_top.bit"
09:59:30 INFO  : Context for 'APU' is selected.
09:59:30 INFO  : Hardware design and registers information is loaded from 'D:/FMCOMMS4_AD9364_Fifo_Tlast_FFT/Ws/system_top/export/system_top/hw/system_top.xsa'.
09:59:30 INFO  : 'configparams force-mem-access 1' command is executed.
09:59:30 INFO  : Context for 'APU' is selected.
09:59:30 INFO  : Sourcing of 'D:/FMCOMMS4_AD9364_Fifo_Tlast_FFT/Ws/FMCOMMS4_AD9364/_ide/psinit/ps7_init.tcl' is done.
09:59:31 INFO  : 'ps7_init' command is executed.
09:59:31 INFO  : 'ps7_post_config' command is executed.
09:59:31 INFO  : Context for processor 'ps7_cortexa9_0' is selected.
09:59:31 INFO  : The application 'D:/FMCOMMS4_AD9364_Fifo_Tlast_FFT/Ws/FMCOMMS4_AD9364/Debug/FMCOMMS4_AD9364.elf' is downloaded to processor 'ps7_cortexa9_0'.
09:59:31 INFO  : 'configparams force-mem-access 0' command is executed.
09:59:31 INFO  : ----------------XSDB Script----------------
connect -url tcp:127.0.0.1:3121
targets -set -nocase -filter {name =~"APU*"}
rst -system
after 3000
targets -set -filter {jtag_cable_name =~ "Digilent Zed 210248BE0D85" && level==0 && jtag_device_ctx=="jsn-Zed-210248BE0D85-23727093-0"}
fpga -file D:/FMCOMMS4_AD9364_Fifo_Tlast_FFT/Ws/FMCOMMS4_AD9364/_ide/bitstream/system_top.bit
targets -set -nocase -filter {name =~"APU*"}
loadhw -hw D:/FMCOMMS4_AD9364_Fifo_Tlast_FFT/Ws/system_top/export/system_top/hw/system_top.xsa -mem-ranges [list {0x40000000 0xbfffffff}] -regs
configparams force-mem-access 1
targets -set -nocase -filter {name =~"APU*"}
source D:/FMCOMMS4_AD9364_Fifo_Tlast_FFT/Ws/FMCOMMS4_AD9364/_ide/psinit/ps7_init.tcl
ps7_init
ps7_post_config
targets -set -nocase -filter {name =~ "*A9*#0"}
dow D:/FMCOMMS4_AD9364_Fifo_Tlast_FFT/Ws/FMCOMMS4_AD9364/Debug/FMCOMMS4_AD9364.elf
configparams force-mem-access 0
----------------End of Script----------------

09:59:31 INFO  : Context for processor 'ps7_cortexa9_0' is selected.
09:59:31 INFO  : 'con' command is executed.
09:59:31 INFO  : ----------------XSDB Script (After Launch)----------------
targets -set -nocase -filter {name =~ "*A9*#0"}
con
----------------End of Script----------------

09:59:31 INFO  : Launch script is exported to file 'D:\FMCOMMS4_AD9364_Fifo_Tlast_FFT\Ws\FMCOMMS4_AD9364_system\_ide\scripts\debugger_fmcomms4_ad9364-default.tcl'
09:59:55 INFO  : Disconnected from the channel tcfchan#2.
09:59:56 INFO  : Connected to target on host '127.0.0.1' and port '3121'.
09:59:56 INFO  : Jtag cable 'Digilent Zed 210248BE0D85' is selected.
09:59:56 INFO  : 'jtag frequency' command is executed.
09:59:57 INFO  : Context for 'APU' is selected.
09:59:57 INFO  : System reset is completed.
10:00:00 INFO  : 'after 3000' command is executed.
10:00:00 INFO  : 'targets -set -filter {jtag_cable_name =~ "Digilent Zed 210248BE0D85" && level==0 && jtag_device_ctx=="jsn-Zed-210248BE0D85-23727093-0"}' command is executed.
10:00:02 INFO  : Device configured successfully with "D:/FMCOMMS4_AD9364_Fifo_Tlast_FFT/Ws/FMCOMMS4_AD9364/_ide/bitstream/system_top.bit"
10:00:02 INFO  : Context for 'APU' is selected.
10:00:02 INFO  : Hardware design and registers information is loaded from 'D:/FMCOMMS4_AD9364_Fifo_Tlast_FFT/Ws/system_top/export/system_top/hw/system_top.xsa'.
10:00:02 INFO  : 'configparams force-mem-access 1' command is executed.
10:00:02 INFO  : Context for 'APU' is selected.
10:00:02 INFO  : Sourcing of 'D:/FMCOMMS4_AD9364_Fifo_Tlast_FFT/Ws/FMCOMMS4_AD9364/_ide/psinit/ps7_init.tcl' is done.
10:00:02 INFO  : 'ps7_init' command is executed.
10:00:02 INFO  : 'ps7_post_config' command is executed.
10:00:02 INFO  : Context for processor 'ps7_cortexa9_0' is selected.
10:00:03 INFO  : The application 'D:/FMCOMMS4_AD9364_Fifo_Tlast_FFT/Ws/FMCOMMS4_AD9364/Debug/FMCOMMS4_AD9364.elf' is downloaded to processor 'ps7_cortexa9_0'.
10:00:03 INFO  : 'configparams force-mem-access 0' command is executed.
10:00:03 INFO  : ----------------XSDB Script----------------
connect -url tcp:127.0.0.1:3121
targets -set -nocase -filter {name =~"APU*"}
rst -system
after 3000
targets -set -filter {jtag_cable_name =~ "Digilent Zed 210248BE0D85" && level==0 && jtag_device_ctx=="jsn-Zed-210248BE0D85-23727093-0"}
fpga -file D:/FMCOMMS4_AD9364_Fifo_Tlast_FFT/Ws/FMCOMMS4_AD9364/_ide/bitstream/system_top.bit
targets -set -nocase -filter {name =~"APU*"}
loadhw -hw D:/FMCOMMS4_AD9364_Fifo_Tlast_FFT/Ws/system_top/export/system_top/hw/system_top.xsa -mem-ranges [list {0x40000000 0xbfffffff}] -regs
configparams force-mem-access 1
targets -set -nocase -filter {name =~"APU*"}
source D:/FMCOMMS4_AD9364_Fifo_Tlast_FFT/Ws/FMCOMMS4_AD9364/_ide/psinit/ps7_init.tcl
ps7_init
ps7_post_config
targets -set -nocase -filter {name =~ "*A9*#0"}
dow D:/FMCOMMS4_AD9364_Fifo_Tlast_FFT/Ws/FMCOMMS4_AD9364/Debug/FMCOMMS4_AD9364.elf
configparams force-mem-access 0
----------------End of Script----------------

10:00:03 INFO  : Context for processor 'ps7_cortexa9_0' is selected.
10:00:03 INFO  : 'con' command is executed.
10:00:03 INFO  : ----------------XSDB Script (After Launch)----------------
targets -set -nocase -filter {name =~ "*A9*#0"}
con
----------------End of Script----------------

10:00:03 INFO  : Launch script is exported to file 'D:\FMCOMMS4_AD9364_Fifo_Tlast_FFT\Ws\FMCOMMS4_AD9364_system\_ide\scripts\debugger_fmcomms4_ad9364-default.tcl'
12:16:02 INFO  : Hardware specification for platform project 'system_top' is updated.
12:23:35 INFO  : Result from executing command 'getProjects': system_top
12:23:35 INFO  : Result from executing command 'getPlatforms': system_top|D:/FMCOMMS4_AD9364_Fifo_Tlast_FFT/Ws/system_top/export/system_top/system_top.xpfm;xilinx_vck190_base_202310_1|D:/Vitis/2023.1/base_platforms/xilinx_vck190_base_202310_1/xilinx_vck190_base_202310_1.xpfm;xilinx_vck190_base_dfx_202310_1|D:/Vitis/2023.1/base_platforms/xilinx_vck190_base_dfx_202310_1/xilinx_vck190_base_dfx_202310_1.xpfm;xilinx_vek280_es1_base_202310_1|D:/Vitis/2023.1/base_platforms/xilinx_vek280_es1_base_202310_1/xilinx_vek280_es1_base_202310_1.xpfm;xilinx_vmk180_base_202310_1|D:/Vitis/2023.1/base_platforms/xilinx_vmk180_base_202310_1/xilinx_vmk180_base_202310_1.xpfm;xilinx_zcu102_base_202310_1|D:/Vitis/2023.1/base_platforms/xilinx_zcu102_base_202310_1/xilinx_zcu102_base_202310_1.xpfm;xilinx_zcu102_base_dfx_202310_1|D:/Vitis/2023.1/base_platforms/xilinx_zcu102_base_dfx_202310_1/xilinx_zcu102_base_dfx_202310_1.xpfm;xilinx_zcu104_base_202310_1|D:/Vitis/2023.1/base_platforms/xilinx_zcu104_base_202310_1/xilinx_zcu104_base_202310_1.xpfm
12:31:16 INFO  : Checking for BSP changes to sync application flags for project 'FMCOMMS4_AD9364'...
12:37:03 INFO  : Checking for BSP changes to sync application flags for project 'FMCOMMS4_AD9364'...
12:37:13 INFO  : Disconnected from the channel tcfchan#3.
12:37:14 INFO  : The hardware specification used by project 'FMCOMMS4_AD9364' is out of sync with the platform. Resource files extracted from the hardware specification will be updated.
12:37:14 INFO  : The file 'D:\FMCOMMS4_AD9364_Fifo_Tlast_FFT\Ws\FMCOMMS4_AD9364\_ide\bitstream\system_top.bit' stored in project is removed.
12:37:14 INFO  : The updated bitstream files are copied from platform to folder 'D:\FMCOMMS4_AD9364_Fifo_Tlast_FFT\Ws\FMCOMMS4_AD9364\_ide\bitstream' in project 'FMCOMMS4_AD9364'.
12:37:14 INFO  : The file 'D:\FMCOMMS4_AD9364_Fifo_Tlast_FFT\Ws\FMCOMMS4_AD9364\_ide\psinit\ps7_init.tcl' stored in project is removed.
12:37:21 INFO  : The updated ps init files are copied from platform to folder 'D:\FMCOMMS4_AD9364_Fifo_Tlast_FFT\Ws\FMCOMMS4_AD9364\_ide\psinit' in project 'FMCOMMS4_AD9364'.
12:37:21 INFO  : Connected to target on host '127.0.0.1' and port '3121'.
12:37:21 INFO  : Jtag cable 'Digilent Zed 210248BE0D85' is selected.
12:37:21 INFO  : 'jtag frequency' command is executed.
12:37:21 INFO  : Context for 'APU' is selected.
12:37:21 INFO  : System reset is completed.
12:37:24 INFO  : 'after 3000' command is executed.
12:37:24 INFO  : 'targets -set -filter {jtag_cable_name =~ "Digilent Zed 210248BE0D85" && level==0 && jtag_device_ctx=="jsn-Zed-210248BE0D85-23727093-0"}' command is executed.
12:37:27 INFO  : Device configured successfully with "D:/FMCOMMS4_AD9364_Fifo_Tlast_FFT/Ws/FMCOMMS4_AD9364/_ide/bitstream/system_top.bit"
12:37:27 INFO  : Context for 'APU' is selected.
12:37:27 INFO  : Hardware design and registers information is loaded from 'D:/FMCOMMS4_AD9364_Fifo_Tlast_FFT/Ws/system_top/export/system_top/hw/system_top.xsa'.
12:37:27 INFO  : 'configparams force-mem-access 1' command is executed.
12:37:27 INFO  : Context for 'APU' is selected.
12:37:27 INFO  : Sourcing of 'D:/FMCOMMS4_AD9364_Fifo_Tlast_FFT/Ws/FMCOMMS4_AD9364/_ide/psinit/ps7_init.tcl' is done.
12:37:27 INFO  : 'ps7_init' command is executed.
12:37:27 INFO  : 'ps7_post_config' command is executed.
12:37:27 INFO  : Context for processor 'ps7_cortexa9_0' is selected.
12:37:28 INFO  : The application 'D:/FMCOMMS4_AD9364_Fifo_Tlast_FFT/Ws/FMCOMMS4_AD9364/Debug/FMCOMMS4_AD9364.elf' is downloaded to processor 'ps7_cortexa9_0'.
12:37:28 INFO  : 'configparams force-mem-access 0' command is executed.
12:37:28 INFO  : ----------------XSDB Script----------------
connect -url tcp:127.0.0.1:3121
targets -set -nocase -filter {name =~"APU*"}
rst -system
after 3000
targets -set -filter {jtag_cable_name =~ "Digilent Zed 210248BE0D85" && level==0 && jtag_device_ctx=="jsn-Zed-210248BE0D85-23727093-0"}
fpga -file D:/FMCOMMS4_AD9364_Fifo_Tlast_FFT/Ws/FMCOMMS4_AD9364/_ide/bitstream/system_top.bit
targets -set -nocase -filter {name =~"APU*"}
loadhw -hw D:/FMCOMMS4_AD9364_Fifo_Tlast_FFT/Ws/system_top/export/system_top/hw/system_top.xsa -mem-ranges [list {0x40000000 0xbfffffff}] -regs
configparams force-mem-access 1
targets -set -nocase -filter {name =~"APU*"}
source D:/FMCOMMS4_AD9364_Fifo_Tlast_FFT/Ws/FMCOMMS4_AD9364/_ide/psinit/ps7_init.tcl
ps7_init
ps7_post_config
targets -set -nocase -filter {name =~ "*A9*#0"}
dow D:/FMCOMMS4_AD9364_Fifo_Tlast_FFT/Ws/FMCOMMS4_AD9364/Debug/FMCOMMS4_AD9364.elf
configparams force-mem-access 0
----------------End of Script----------------

12:37:28 INFO  : Context for processor 'ps7_cortexa9_0' is selected.
12:37:28 INFO  : 'con' command is executed.
12:37:28 INFO  : ----------------XSDB Script (After Launch)----------------
targets -set -nocase -filter {name =~ "*A9*#0"}
con
----------------End of Script----------------

12:37:28 INFO  : Launch script is exported to file 'D:\FMCOMMS4_AD9364_Fifo_Tlast_FFT\Ws\FMCOMMS4_AD9364_system\_ide\scripts\debugger_fmcomms4_ad9364-default.tcl'
12:46:20 INFO  : Checking for BSP changes to sync application flags for project 'FMCOMMS4_AD9364'...
12:46:28 INFO  : Checking for BSP changes to sync application flags for project 'FMCOMMS4_AD9364'...
12:46:39 INFO  : Disconnected from the channel tcfchan#5.
12:46:40 INFO  : Connected to target on host '127.0.0.1' and port '3121'.
12:46:40 INFO  : Jtag cable 'Digilent Zed 210248BE0D85' is selected.
12:46:40 ERROR : port closed
12:46:40 INFO  : ----------------XSDB Script----------------
connect -url tcp:127.0.0.1:3121
----------------End of Script----------------

12:46:40 ERROR : port closed
12:46:47 INFO  : Checking for BSP changes to sync application flags for project 'FMCOMMS4_AD9364'...
12:47:00 INFO  : Connected to target on host '127.0.0.1' and port '3121'.
12:47:00 INFO  : Jtag cable 'Digilent Zed 210248BE0D85' is selected.
12:47:00 INFO  : 'jtag frequency' command is executed.
12:47:00 INFO  : Context for 'APU' is selected.
12:47:00 INFO  : System reset is completed.
12:47:03 INFO  : 'after 3000' command is executed.
12:47:04 INFO  : 'targets -set -filter {jtag_cable_name =~ "Digilent Zed 210248BE0D85" && level==0 && jtag_device_ctx=="jsn-Zed-210248BE0D85-23727093-0"}' command is executed.
12:47:06 INFO  : Device configured successfully with "D:/FMCOMMS4_AD9364_Fifo_Tlast_FFT/Ws/FMCOMMS4_AD9364/_ide/bitstream/system_top.bit"
12:47:06 INFO  : Context for 'APU' is selected.
12:47:06 INFO  : Hardware design and registers information is loaded from 'D:/FMCOMMS4_AD9364_Fifo_Tlast_FFT/Ws/system_top/export/system_top/hw/system_top.xsa'.
12:47:06 INFO  : 'configparams force-mem-access 1' command is executed.
12:47:06 INFO  : Context for 'APU' is selected.
12:47:06 INFO  : Sourcing of 'D:/FMCOMMS4_AD9364_Fifo_Tlast_FFT/Ws/FMCOMMS4_AD9364/_ide/psinit/ps7_init.tcl' is done.
12:47:06 INFO  : 'ps7_init' command is executed.
12:47:06 INFO  : 'ps7_post_config' command is executed.
12:47:06 INFO  : Context for processor 'ps7_cortexa9_0' is selected.
12:47:07 INFO  : The application 'D:/FMCOMMS4_AD9364_Fifo_Tlast_FFT/Ws/FMCOMMS4_AD9364/Debug/FMCOMMS4_AD9364.elf' is downloaded to processor 'ps7_cortexa9_0'.
12:47:07 INFO  : 'configparams force-mem-access 0' command is executed.
12:47:07 INFO  : ----------------XSDB Script----------------
connect -url tcp:127.0.0.1:3121
targets -set -nocase -filter {name =~"APU*"}
rst -system
after 3000
targets -set -filter {jtag_cable_name =~ "Digilent Zed 210248BE0D85" && level==0 && jtag_device_ctx=="jsn-Zed-210248BE0D85-23727093-0"}
fpga -file D:/FMCOMMS4_AD9364_Fifo_Tlast_FFT/Ws/FMCOMMS4_AD9364/_ide/bitstream/system_top.bit
targets -set -nocase -filter {name =~"APU*"}
loadhw -hw D:/FMCOMMS4_AD9364_Fifo_Tlast_FFT/Ws/system_top/export/system_top/hw/system_top.xsa -mem-ranges [list {0x40000000 0xbfffffff}] -regs
configparams force-mem-access 1
targets -set -nocase -filter {name =~"APU*"}
source D:/FMCOMMS4_AD9364_Fifo_Tlast_FFT/Ws/FMCOMMS4_AD9364/_ide/psinit/ps7_init.tcl
ps7_init
ps7_post_config
targets -set -nocase -filter {name =~ "*A9*#0"}
dow D:/FMCOMMS4_AD9364_Fifo_Tlast_FFT/Ws/FMCOMMS4_AD9364/Debug/FMCOMMS4_AD9364.elf
configparams force-mem-access 0
----------------End of Script----------------

12:47:07 INFO  : Context for processor 'ps7_cortexa9_0' is selected.
12:47:07 INFO  : 'con' command is executed.
12:47:07 INFO  : ----------------XSDB Script (After Launch)----------------
targets -set -nocase -filter {name =~ "*A9*#0"}
con
----------------End of Script----------------

12:47:07 INFO  : Launch script is exported to file 'D:\FMCOMMS4_AD9364_Fifo_Tlast_FFT\Ws\FMCOMMS4_AD9364_system\_ide\scripts\debugger_fmcomms4_ad9364-default.tcl'
12:51:25 INFO  : Checking for BSP changes to sync application flags for project 'FMCOMMS4_AD9364'...
12:51:34 INFO  : Checking for BSP changes to sync application flags for project 'FMCOMMS4_AD9364'...
12:51:48 INFO  : Disconnected from the channel tcfchan#8.
12:51:49 INFO  : Connected to target on host '127.0.0.1' and port '3121'.
12:51:51 INFO  : Jtag cable 'Digilent Zed 210248BE0D85' is selected.
12:51:51 INFO  : 'jtag frequency' command is executed.
12:51:51 INFO  : Context for 'APU' is selected.
12:51:51 INFO  : System reset is completed.
12:51:54 INFO  : 'after 3000' command is executed.
12:51:54 INFO  : 'targets -set -filter {jtag_cable_name =~ "Digilent Zed 210248BE0D85" && level==0 && jtag_device_ctx=="jsn-Zed-210248BE0D85-23727093-0"}' command is executed.
12:51:57 INFO  : Device configured successfully with "D:/FMCOMMS4_AD9364_Fifo_Tlast_FFT/Ws/FMCOMMS4_AD9364/_ide/bitstream/system_top.bit"
12:51:57 INFO  : Context for 'APU' is selected.
12:51:57 INFO  : Hardware design and registers information is loaded from 'D:/FMCOMMS4_AD9364_Fifo_Tlast_FFT/Ws/system_top/export/system_top/hw/system_top.xsa'.
12:51:57 INFO  : 'configparams force-mem-access 1' command is executed.
12:51:57 INFO  : Context for 'APU' is selected.
12:51:57 INFO  : Sourcing of 'D:/FMCOMMS4_AD9364_Fifo_Tlast_FFT/Ws/FMCOMMS4_AD9364/_ide/psinit/ps7_init.tcl' is done.
12:51:57 INFO  : 'ps7_init' command is executed.
12:51:57 INFO  : 'ps7_post_config' command is executed.
12:51:57 INFO  : Context for processor 'ps7_cortexa9_0' is selected.
12:51:58 INFO  : The application 'D:/FMCOMMS4_AD9364_Fifo_Tlast_FFT/Ws/FMCOMMS4_AD9364/Debug/FMCOMMS4_AD9364.elf' is downloaded to processor 'ps7_cortexa9_0'.
12:51:58 INFO  : 'configparams force-mem-access 0' command is executed.
12:51:58 INFO  : ----------------XSDB Script----------------
connect -url tcp:127.0.0.1:3121
targets -set -nocase -filter {name =~"APU*"}
rst -system
after 3000
targets -set -filter {jtag_cable_name =~ "Digilent Zed 210248BE0D85" && level==0 && jtag_device_ctx=="jsn-Zed-210248BE0D85-23727093-0"}
fpga -file D:/FMCOMMS4_AD9364_Fifo_Tlast_FFT/Ws/FMCOMMS4_AD9364/_ide/bitstream/system_top.bit
targets -set -nocase -filter {name =~"APU*"}
loadhw -hw D:/FMCOMMS4_AD9364_Fifo_Tlast_FFT/Ws/system_top/export/system_top/hw/system_top.xsa -mem-ranges [list {0x40000000 0xbfffffff}] -regs
configparams force-mem-access 1
targets -set -nocase -filter {name =~"APU*"}
source D:/FMCOMMS4_AD9364_Fifo_Tlast_FFT/Ws/FMCOMMS4_AD9364/_ide/psinit/ps7_init.tcl
ps7_init
ps7_post_config
targets -set -nocase -filter {name =~ "*A9*#0"}
dow D:/FMCOMMS4_AD9364_Fifo_Tlast_FFT/Ws/FMCOMMS4_AD9364/Debug/FMCOMMS4_AD9364.elf
configparams force-mem-access 0
----------------End of Script----------------

12:51:58 INFO  : Context for processor 'ps7_cortexa9_0' is selected.
12:51:58 INFO  : 'con' command is executed.
12:51:58 INFO  : ----------------XSDB Script (After Launch)----------------
targets -set -nocase -filter {name =~ "*A9*#0"}
con
----------------End of Script----------------

12:51:58 INFO  : Launch script is exported to file 'D:\FMCOMMS4_AD9364_Fifo_Tlast_FFT\Ws\FMCOMMS4_AD9364_system\_ide\scripts\debugger_fmcomms4_ad9364-default.tcl'
13:03:23 INFO  : Checking for BSP changes to sync application flags for project 'FMCOMMS4_AD9364'...
13:03:39 INFO  : Checking for BSP changes to sync application flags for project 'FMCOMMS4_AD9364'...
13:03:56 INFO  : Disconnected from the channel tcfchan#12.
13:03:57 INFO  : Connected to target on host '127.0.0.1' and port '3121'.
13:03:57 INFO  : Jtag cable 'Digilent Zed 210248BE0D85' is selected.
13:03:57 ERROR : port closed
13:03:57 INFO  : ----------------XSDB Script----------------
connect -url tcp:127.0.0.1:3121
----------------End of Script----------------

13:03:57 ERROR : port closed
13:04:00 INFO  : Connected to target on host '127.0.0.1' and port '3121'.
13:04:00 INFO  : Jtag cable 'Digilent Zed 210248BE0D85' is selected.
13:04:00 INFO  : 'jtag frequency' command is executed.
13:04:00 INFO  : Context for 'APU' is selected.
13:04:00 INFO  : System reset is completed.
13:04:03 INFO  : 'after 3000' command is executed.
13:04:04 INFO  : 'targets -set -filter {jtag_cable_name =~ "Digilent Zed 210248BE0D85" && level==0 && jtag_device_ctx=="jsn-Zed-210248BE0D85-23727093-0"}' command is executed.
13:04:06 INFO  : Device configured successfully with "D:/FMCOMMS4_AD9364_Fifo_Tlast_FFT/Ws/FMCOMMS4_AD9364/_ide/bitstream/system_top.bit"
13:04:06 INFO  : Context for 'APU' is selected.
13:04:06 INFO  : Hardware design and registers information is loaded from 'D:/FMCOMMS4_AD9364_Fifo_Tlast_FFT/Ws/system_top/export/system_top/hw/system_top.xsa'.
13:04:06 INFO  : 'configparams force-mem-access 1' command is executed.
13:04:06 INFO  : Context for 'APU' is selected.
13:04:06 INFO  : Sourcing of 'D:/FMCOMMS4_AD9364_Fifo_Tlast_FFT/Ws/FMCOMMS4_AD9364/_ide/psinit/ps7_init.tcl' is done.
13:04:06 INFO  : 'ps7_init' command is executed.
13:04:06 INFO  : 'ps7_post_config' command is executed.
13:04:06 INFO  : Context for processor 'ps7_cortexa9_0' is selected.
13:04:07 INFO  : The application 'D:/FMCOMMS4_AD9364_Fifo_Tlast_FFT/Ws/FMCOMMS4_AD9364/Debug/FMCOMMS4_AD9364.elf' is downloaded to processor 'ps7_cortexa9_0'.
13:04:07 INFO  : 'configparams force-mem-access 0' command is executed.
13:04:07 INFO  : ----------------XSDB Script----------------
connect -url tcp:127.0.0.1:3121
targets -set -nocase -filter {name =~"APU*"}
rst -system
after 3000
targets -set -filter {jtag_cable_name =~ "Digilent Zed 210248BE0D85" && level==0 && jtag_device_ctx=="jsn-Zed-210248BE0D85-23727093-0"}
fpga -file D:/FMCOMMS4_AD9364_Fifo_Tlast_FFT/Ws/FMCOMMS4_AD9364/_ide/bitstream/system_top.bit
targets -set -nocase -filter {name =~"APU*"}
loadhw -hw D:/FMCOMMS4_AD9364_Fifo_Tlast_FFT/Ws/system_top/export/system_top/hw/system_top.xsa -mem-ranges [list {0x40000000 0xbfffffff}] -regs
configparams force-mem-access 1
targets -set -nocase -filter {name =~"APU*"}
source D:/FMCOMMS4_AD9364_Fifo_Tlast_FFT/Ws/FMCOMMS4_AD9364/_ide/psinit/ps7_init.tcl
ps7_init
ps7_post_config
targets -set -nocase -filter {name =~ "*A9*#0"}
dow D:/FMCOMMS4_AD9364_Fifo_Tlast_FFT/Ws/FMCOMMS4_AD9364/Debug/FMCOMMS4_AD9364.elf
configparams force-mem-access 0
----------------End of Script----------------

13:04:07 INFO  : Context for processor 'ps7_cortexa9_0' is selected.
13:04:07 INFO  : 'con' command is executed.
13:04:07 INFO  : ----------------XSDB Script (After Launch)----------------
targets -set -nocase -filter {name =~ "*A9*#0"}
con
----------------End of Script----------------

13:04:07 INFO  : Launch script is exported to file 'D:\FMCOMMS4_AD9364_Fifo_Tlast_FFT\Ws\FMCOMMS4_AD9364_system\_ide\scripts\debugger_fmcomms4_ad9364-default.tcl'
13:04:25 INFO  : Disconnected from the channel tcfchan#15.
13:04:26 INFO  : Connected to target on host '127.0.0.1' and port '3121'.
13:04:26 INFO  : Jtag cable 'Digilent Zed 210248BE0D85' is selected.
13:04:26 ERROR : port closed
13:04:26 INFO  : ----------------XSDB Script----------------
connect -url tcp:127.0.0.1:3121
----------------End of Script----------------

13:04:26 ERROR : port closed
13:05:46 INFO  : Checking for BSP changes to sync application flags for project 'FMCOMMS4_AD9364'...
13:26:04 INFO  : Checking for BSP changes to sync application flags for project 'FMCOMMS4_AD9364'...
13:26:14 INFO  : Checking for BSP changes to sync application flags for project 'FMCOMMS4_AD9364'...
13:26:19 INFO  : Connected to target on host '127.0.0.1' and port '3121'.
13:26:28 INFO  : ----------------XSDB Script----------------
connect -url tcp:127.0.0.1:3121
----------------End of Script----------------

13:26:28 ERROR : Could not find ARM device on the board for connection 'Local'.
Check if the target is in:
1. Split JTAG - No operations are possible with ARM DAP.
2. Non JTAG bootmode - Bootrom may need time to enable DAP.
Please try again.


Troubleshooting hints:
1. Check whether board is connected to system properly.
2. In case of zynq board, check whether Digilent/Xilinx cable switch settings are correct.
3. If you are using Xilinx Platform Cable USB, ensure that status LED is green.
13:26:43 INFO  : Connected to target on host '127.0.0.1' and port '3121'.
13:26:52 INFO  : ----------------XSDB Script----------------
connect -url tcp:127.0.0.1:3121
----------------End of Script----------------

13:26:52 ERROR : Could not find ARM device on the board for connection 'Local'.
Check if the target is in:
1. Split JTAG - No operations are possible with ARM DAP.
2. Non JTAG bootmode - Bootrom may need time to enable DAP.
Please try again.


Troubleshooting hints:
1. Check whether board is connected to system properly.
2. In case of zynq board, check whether Digilent/Xilinx cable switch settings are correct.
3. If you are using Xilinx Platform Cable USB, ensure that status LED is green.
13:26:55 INFO  : Connected to target on host '127.0.0.1' and port '3121'.
13:26:55 INFO  : Jtag cable 'Digilent Zed 210248BE0D85' is selected.
13:26:55 INFO  : 'jtag frequency' command is executed.
13:26:55 INFO  : Context for 'APU' is selected.
13:26:55 INFO  : System reset is completed.
13:26:58 INFO  : 'after 3000' command is executed.
13:26:58 INFO  : 'targets -set -filter {jtag_cable_name =~ "Digilent Zed 210248BE0D85" && level==0 && jtag_device_ctx=="jsn-Zed-210248BE0D85-23727093-0"}' command is executed.
13:27:01 INFO  : Device configured successfully with "D:/FMCOMMS4_AD9364_Fifo_Tlast_FFT/Ws/FMCOMMS4_AD9364/_ide/bitstream/system_top.bit"
13:27:01 INFO  : Context for 'APU' is selected.
13:27:01 INFO  : Hardware design and registers information is loaded from 'D:/FMCOMMS4_AD9364_Fifo_Tlast_FFT/Ws/system_top/export/system_top/hw/system_top.xsa'.
13:27:01 INFO  : 'configparams force-mem-access 1' command is executed.
13:27:01 INFO  : Context for 'APU' is selected.
13:27:01 INFO  : Sourcing of 'D:/FMCOMMS4_AD9364_Fifo_Tlast_FFT/Ws/FMCOMMS4_AD9364/_ide/psinit/ps7_init.tcl' is done.
13:27:01 INFO  : 'ps7_init' command is executed.
13:27:01 INFO  : 'ps7_post_config' command is executed.
13:27:01 INFO  : Context for processor 'ps7_cortexa9_0' is selected.
13:27:02 INFO  : The application 'D:/FMCOMMS4_AD9364_Fifo_Tlast_FFT/Ws/FMCOMMS4_AD9364/Debug/FMCOMMS4_AD9364.elf' is downloaded to processor 'ps7_cortexa9_0'.
13:27:02 INFO  : 'configparams force-mem-access 0' command is executed.
13:27:02 INFO  : ----------------XSDB Script----------------
connect -url tcp:127.0.0.1:3121
targets -set -nocase -filter {name =~"APU*"}
rst -system
after 3000
targets -set -filter {jtag_cable_name =~ "Digilent Zed 210248BE0D85" && level==0 && jtag_device_ctx=="jsn-Zed-210248BE0D85-23727093-0"}
fpga -file D:/FMCOMMS4_AD9364_Fifo_Tlast_FFT/Ws/FMCOMMS4_AD9364/_ide/bitstream/system_top.bit
targets -set -nocase -filter {name =~"APU*"}
loadhw -hw D:/FMCOMMS4_AD9364_Fifo_Tlast_FFT/Ws/system_top/export/system_top/hw/system_top.xsa -mem-ranges [list {0x40000000 0xbfffffff}] -regs
configparams force-mem-access 1
targets -set -nocase -filter {name =~"APU*"}
source D:/FMCOMMS4_AD9364_Fifo_Tlast_FFT/Ws/FMCOMMS4_AD9364/_ide/psinit/ps7_init.tcl
ps7_init
ps7_post_config
targets -set -nocase -filter {name =~ "*A9*#0"}
dow D:/FMCOMMS4_AD9364_Fifo_Tlast_FFT/Ws/FMCOMMS4_AD9364/Debug/FMCOMMS4_AD9364.elf
configparams force-mem-access 0
----------------End of Script----------------

13:27:02 INFO  : Context for processor 'ps7_cortexa9_0' is selected.
13:27:02 INFO  : 'con' command is executed.
13:27:02 INFO  : ----------------XSDB Script (After Launch)----------------
targets -set -nocase -filter {name =~ "*A9*#0"}
con
----------------End of Script----------------

13:27:02 INFO  : Launch script is exported to file 'D:\FMCOMMS4_AD9364_Fifo_Tlast_FFT\Ws\FMCOMMS4_AD9364_system\_ide\scripts\debugger_fmcomms4_ad9364-default.tcl'
13:27:16 INFO  : Disconnected from the channel tcfchan#16.
13:27:17 INFO  : Connected to target on host '127.0.0.1' and port '3121'.
13:27:17 INFO  : Jtag cable 'Digilent Zed 210248BE0D85' is selected.
13:27:17 ERROR : port closed
13:27:17 INFO  : ----------------XSDB Script----------------
connect -url tcp:127.0.0.1:3121
----------------End of Script----------------

13:27:17 ERROR : port closed
13:27:22 INFO  : Connected to target on host '127.0.0.1' and port '3121'.
13:27:22 INFO  : Jtag cable 'Digilent Zed 210248BE0D85' is selected.
13:27:22 INFO  : 'jtag frequency' command is executed.
13:27:22 INFO  : Context for 'APU' is selected.
13:27:22 INFO  : System reset is completed.
13:27:25 INFO  : 'after 3000' command is executed.
13:27:25 INFO  : 'targets -set -filter {jtag_cable_name =~ "Digilent Zed 210248BE0D85" && level==0 && jtag_device_ctx=="jsn-Zed-210248BE0D85-23727093-0"}' command is executed.
13:27:28 INFO  : Device configured successfully with "D:/FMCOMMS4_AD9364_Fifo_Tlast_FFT/Ws/FMCOMMS4_AD9364/_ide/bitstream/system_top.bit"
13:27:28 INFO  : Context for 'APU' is selected.
13:27:28 INFO  : Hardware design and registers information is loaded from 'D:/FMCOMMS4_AD9364_Fifo_Tlast_FFT/Ws/system_top/export/system_top/hw/system_top.xsa'.
13:27:28 INFO  : 'configparams force-mem-access 1' command is executed.
13:27:28 INFO  : Context for 'APU' is selected.
13:27:28 INFO  : Sourcing of 'D:/FMCOMMS4_AD9364_Fifo_Tlast_FFT/Ws/FMCOMMS4_AD9364/_ide/psinit/ps7_init.tcl' is done.
13:27:28 INFO  : 'ps7_init' command is executed.
13:27:28 INFO  : 'ps7_post_config' command is executed.
13:27:28 INFO  : Context for processor 'ps7_cortexa9_0' is selected.
13:27:28 INFO  : The application 'D:/FMCOMMS4_AD9364_Fifo_Tlast_FFT/Ws/FMCOMMS4_AD9364/Debug/FMCOMMS4_AD9364.elf' is downloaded to processor 'ps7_cortexa9_0'.
13:27:29 INFO  : 'configparams force-mem-access 0' command is executed.
13:27:29 INFO  : ----------------XSDB Script----------------
connect -url tcp:127.0.0.1:3121
targets -set -nocase -filter {name =~"APU*"}
rst -system
after 3000
targets -set -filter {jtag_cable_name =~ "Digilent Zed 210248BE0D85" && level==0 && jtag_device_ctx=="jsn-Zed-210248BE0D85-23727093-0"}
fpga -file D:/FMCOMMS4_AD9364_Fifo_Tlast_FFT/Ws/FMCOMMS4_AD9364/_ide/bitstream/system_top.bit
targets -set -nocase -filter {name =~"APU*"}
loadhw -hw D:/FMCOMMS4_AD9364_Fifo_Tlast_FFT/Ws/system_top/export/system_top/hw/system_top.xsa -mem-ranges [list {0x40000000 0xbfffffff}] -regs
configparams force-mem-access 1
targets -set -nocase -filter {name =~"APU*"}
source D:/FMCOMMS4_AD9364_Fifo_Tlast_FFT/Ws/FMCOMMS4_AD9364/_ide/psinit/ps7_init.tcl
ps7_init
ps7_post_config
targets -set -nocase -filter {name =~ "*A9*#0"}
dow D:/FMCOMMS4_AD9364_Fifo_Tlast_FFT/Ws/FMCOMMS4_AD9364/Debug/FMCOMMS4_AD9364.elf
configparams force-mem-access 0
----------------End of Script----------------

13:27:29 INFO  : Context for processor 'ps7_cortexa9_0' is selected.
13:27:29 INFO  : 'con' command is executed.
13:27:29 INFO  : ----------------XSDB Script (After Launch)----------------
targets -set -nocase -filter {name =~ "*A9*#0"}
con
----------------End of Script----------------

13:27:29 INFO  : Launch script is exported to file 'D:\FMCOMMS4_AD9364_Fifo_Tlast_FFT\Ws\FMCOMMS4_AD9364_system\_ide\scripts\debugger_fmcomms4_ad9364-default.tcl'
13:29:04 INFO  : Checking for BSP changes to sync application flags for project 'FMCOMMS4_AD9364'...
13:29:12 INFO  : Checking for BSP changes to sync application flags for project 'FMCOMMS4_AD9364'...
13:29:23 INFO  : Disconnected from the channel tcfchan#20.
13:29:24 INFO  : Connected to target on host '127.0.0.1' and port '3121'.
13:29:26 INFO  : ----------------XSDB Script----------------
connect -url tcp:127.0.0.1:3121
----------------End of Script----------------

13:29:26 ERROR : Could not find FPGA device on the board for connection 'Local'.


Troubleshooting hints:
1. Check whether board is connected to system properly.
2. In case of zynq board, check whether Digilent/Xilinx cable switch settings are correct.
3. If you are using Xilinx Platform Cable USB, ensure that status LED is green.
13:29:28 INFO  : Connected to target on host '127.0.0.1' and port '3121'.
13:29:28 INFO  : Jtag cable 'Digilent Zed 210248BE0D85' is selected.
13:29:28 INFO  : 'jtag frequency' command is executed.
13:29:28 INFO  : Context for 'APU' is selected.
13:29:28 INFO  : System reset is completed.
13:29:31 INFO  : 'after 3000' command is executed.
13:29:31 INFO  : 'targets -set -filter {jtag_cable_name =~ "Digilent Zed 210248BE0D85" && level==0 && jtag_device_ctx=="jsn-Zed-210248BE0D85-23727093-0"}' command is executed.
13:29:34 INFO  : Device configured successfully with "D:/FMCOMMS4_AD9364_Fifo_Tlast_FFT/Ws/FMCOMMS4_AD9364/_ide/bitstream/system_top.bit"
13:29:34 INFO  : Context for 'APU' is selected.
13:29:34 INFO  : Hardware design and registers information is loaded from 'D:/FMCOMMS4_AD9364_Fifo_Tlast_FFT/Ws/system_top/export/system_top/hw/system_top.xsa'.
13:29:34 INFO  : 'configparams force-mem-access 1' command is executed.
13:29:34 INFO  : Context for 'APU' is selected.
13:29:34 INFO  : Sourcing of 'D:/FMCOMMS4_AD9364_Fifo_Tlast_FFT/Ws/FMCOMMS4_AD9364/_ide/psinit/ps7_init.tcl' is done.
13:29:34 INFO  : 'ps7_init' command is executed.
13:29:34 INFO  : 'ps7_post_config' command is executed.
13:29:34 INFO  : Context for processor 'ps7_cortexa9_0' is selected.
13:29:35 INFO  : The application 'D:/FMCOMMS4_AD9364_Fifo_Tlast_FFT/Ws/FMCOMMS4_AD9364/Debug/FMCOMMS4_AD9364.elf' is downloaded to processor 'ps7_cortexa9_0'.
13:29:35 INFO  : 'configparams force-mem-access 0' command is executed.
13:29:35 INFO  : ----------------XSDB Script----------------
connect -url tcp:127.0.0.1:3121
targets -set -nocase -filter {name =~"APU*"}
rst -system
after 3000
targets -set -filter {jtag_cable_name =~ "Digilent Zed 210248BE0D85" && level==0 && jtag_device_ctx=="jsn-Zed-210248BE0D85-23727093-0"}
fpga -file D:/FMCOMMS4_AD9364_Fifo_Tlast_FFT/Ws/FMCOMMS4_AD9364/_ide/bitstream/system_top.bit
targets -set -nocase -filter {name =~"APU*"}
loadhw -hw D:/FMCOMMS4_AD9364_Fifo_Tlast_FFT/Ws/system_top/export/system_top/hw/system_top.xsa -mem-ranges [list {0x40000000 0xbfffffff}] -regs
configparams force-mem-access 1
targets -set -nocase -filter {name =~"APU*"}
source D:/FMCOMMS4_AD9364_Fifo_Tlast_FFT/Ws/FMCOMMS4_AD9364/_ide/psinit/ps7_init.tcl
ps7_init
ps7_post_config
targets -set -nocase -filter {name =~ "*A9*#0"}
dow D:/FMCOMMS4_AD9364_Fifo_Tlast_FFT/Ws/FMCOMMS4_AD9364/Debug/FMCOMMS4_AD9364.elf
configparams force-mem-access 0
----------------End of Script----------------

13:29:35 INFO  : Context for processor 'ps7_cortexa9_0' is selected.
13:29:35 INFO  : 'con' command is executed.
13:29:35 INFO  : ----------------XSDB Script (After Launch)----------------
targets -set -nocase -filter {name =~ "*A9*#0"}
con
----------------End of Script----------------

13:29:35 INFO  : Launch script is exported to file 'D:\FMCOMMS4_AD9364_Fifo_Tlast_FFT\Ws\FMCOMMS4_AD9364_system\_ide\scripts\debugger_fmcomms4_ad9364-default.tcl'
13:30:36 INFO  : Checking for BSP changes to sync application flags for project 'FMCOMMS4_AD9364'...
13:30:43 INFO  : Checking for BSP changes to sync application flags for project 'FMCOMMS4_AD9364'...
13:30:52 INFO  : Disconnected from the channel tcfchan#23.
13:30:53 INFO  : Connected to target on host '127.0.0.1' and port '3121'.
13:30:53 INFO  : Jtag cable 'Digilent Zed 210248BE0D85' is selected.
13:30:53 ERROR : port closed
13:30:53 INFO  : ----------------XSDB Script----------------
connect -url tcp:127.0.0.1:3121
----------------End of Script----------------

13:30:53 ERROR : port closed
13:30:55 INFO  : Connected to target on host '127.0.0.1' and port '3121'.
13:30:55 INFO  : Jtag cable 'Digilent Zed 210248BE0D85' is selected.
13:30:55 INFO  : 'jtag frequency' command is executed.
13:30:55 INFO  : Context for 'APU' is selected.
13:30:55 INFO  : System reset is completed.
13:30:58 INFO  : 'after 3000' command is executed.
13:30:58 INFO  : 'targets -set -filter {jtag_cable_name =~ "Digilent Zed 210248BE0D85" && level==0 && jtag_device_ctx=="jsn-Zed-210248BE0D85-23727093-0"}' command is executed.
13:31:01 INFO  : Device configured successfully with "D:/FMCOMMS4_AD9364_Fifo_Tlast_FFT/Ws/FMCOMMS4_AD9364/_ide/bitstream/system_top.bit"
13:31:01 INFO  : Context for 'APU' is selected.
13:31:01 INFO  : Hardware design and registers information is loaded from 'D:/FMCOMMS4_AD9364_Fifo_Tlast_FFT/Ws/system_top/export/system_top/hw/system_top.xsa'.
13:31:01 INFO  : 'configparams force-mem-access 1' command is executed.
13:31:01 INFO  : Context for 'APU' is selected.
13:31:01 INFO  : Sourcing of 'D:/FMCOMMS4_AD9364_Fifo_Tlast_FFT/Ws/FMCOMMS4_AD9364/_ide/psinit/ps7_init.tcl' is done.
13:31:01 INFO  : 'ps7_init' command is executed.
13:31:01 INFO  : 'ps7_post_config' command is executed.
13:31:01 INFO  : Context for processor 'ps7_cortexa9_0' is selected.
13:31:02 INFO  : The application 'D:/FMCOMMS4_AD9364_Fifo_Tlast_FFT/Ws/FMCOMMS4_AD9364/Debug/FMCOMMS4_AD9364.elf' is downloaded to processor 'ps7_cortexa9_0'.
13:31:02 INFO  : 'configparams force-mem-access 0' command is executed.
13:31:02 INFO  : ----------------XSDB Script----------------
connect -url tcp:127.0.0.1:3121
targets -set -nocase -filter {name =~"APU*"}
rst -system
after 3000
targets -set -filter {jtag_cable_name =~ "Digilent Zed 210248BE0D85" && level==0 && jtag_device_ctx=="jsn-Zed-210248BE0D85-23727093-0"}
fpga -file D:/FMCOMMS4_AD9364_Fifo_Tlast_FFT/Ws/FMCOMMS4_AD9364/_ide/bitstream/system_top.bit
targets -set -nocase -filter {name =~"APU*"}
loadhw -hw D:/FMCOMMS4_AD9364_Fifo_Tlast_FFT/Ws/system_top/export/system_top/hw/system_top.xsa -mem-ranges [list {0x40000000 0xbfffffff}] -regs
configparams force-mem-access 1
targets -set -nocase -filter {name =~"APU*"}
source D:/FMCOMMS4_AD9364_Fifo_Tlast_FFT/Ws/FMCOMMS4_AD9364/_ide/psinit/ps7_init.tcl
ps7_init
ps7_post_config
targets -set -nocase -filter {name =~ "*A9*#0"}
dow D:/FMCOMMS4_AD9364_Fifo_Tlast_FFT/Ws/FMCOMMS4_AD9364/Debug/FMCOMMS4_AD9364.elf
configparams force-mem-access 0
----------------End of Script----------------

13:31:02 INFO  : Context for processor 'ps7_cortexa9_0' is selected.
13:31:02 INFO  : 'con' command is executed.
13:31:02 INFO  : ----------------XSDB Script (After Launch)----------------
targets -set -nocase -filter {name =~ "*A9*#0"}
con
----------------End of Script----------------

13:31:02 INFO  : Launch script is exported to file 'D:\FMCOMMS4_AD9364_Fifo_Tlast_FFT\Ws\FMCOMMS4_AD9364_system\_ide\scripts\debugger_fmcomms4_ad9364-default.tcl'
14:32:23 INFO  : Checking for BSP changes to sync application flags for project 'FMCOMMS4_AD9364'...
14:32:42 INFO  : Checking for BSP changes to sync application flags for project 'FMCOMMS4_AD9364'...
14:38:21 INFO  : Checking for BSP changes to sync application flags for project 'FMCOMMS4_AD9364'...
14:38:52 INFO  : Disconnected from the channel tcfchan#26.
14:38:53 INFO  : Connected to target on host '127.0.0.1' and port '3121'.
14:39:02 INFO  : ----------------XSDB Script----------------
connect -url tcp:127.0.0.1:3121
----------------End of Script----------------

14:39:02 ERROR : Could not find Jtag device on the board for connection 'Local'.


Troubleshooting hints:
1. Check whether board is connected to system properly.
2. In case of zynq board, check whether Digilent/Xilinx cable switch settings are correct.
3. If you are using Xilinx Platform Cable USB, ensure that status LED is green.
14:39:07 INFO  : Connected to target on host '127.0.0.1' and port '3121'.
14:39:08 INFO  : Jtag cable 'Digilent Zed 210248BE0D85' is selected.
14:39:08 INFO  : 'jtag frequency' command is executed.
14:39:08 INFO  : Context for 'APU' is selected.
14:39:08 INFO  : System reset is completed.
14:39:11 INFO  : 'after 3000' command is executed.
14:39:11 INFO  : 'targets -set -filter {jtag_cable_name =~ "Digilent Zed 210248BE0D85" && level==0 && jtag_device_ctx=="jsn-Zed-210248BE0D85-23727093-0"}' command is executed.
14:39:13 INFO  : Device configured successfully with "D:/FMCOMMS4_AD9364_Fifo_Tlast_FFT/Ws/FMCOMMS4_AD9364/_ide/bitstream/system_top.bit"
14:39:13 INFO  : Context for 'APU' is selected.
14:39:13 INFO  : Hardware design and registers information is loaded from 'D:/FMCOMMS4_AD9364_Fifo_Tlast_FFT/Ws/system_top/export/system_top/hw/system_top.xsa'.
14:39:13 INFO  : 'configparams force-mem-access 1' command is executed.
14:39:13 INFO  : Context for 'APU' is selected.
14:39:13 INFO  : Sourcing of 'D:/FMCOMMS4_AD9364_Fifo_Tlast_FFT/Ws/FMCOMMS4_AD9364/_ide/psinit/ps7_init.tcl' is done.
14:39:13 INFO  : 'ps7_init' command is executed.
14:39:13 INFO  : 'ps7_post_config' command is executed.
14:39:13 INFO  : Context for processor 'ps7_cortexa9_0' is selected.
14:39:14 INFO  : The application 'D:/FMCOMMS4_AD9364_Fifo_Tlast_FFT/Ws/FMCOMMS4_AD9364/Debug/FMCOMMS4_AD9364.elf' is downloaded to processor 'ps7_cortexa9_0'.
14:39:14 INFO  : 'configparams force-mem-access 0' command is executed.
14:39:14 INFO  : ----------------XSDB Script----------------
connect -url tcp:127.0.0.1:3121
targets -set -nocase -filter {name =~"APU*"}
rst -system
after 3000
targets -set -filter {jtag_cable_name =~ "Digilent Zed 210248BE0D85" && level==0 && jtag_device_ctx=="jsn-Zed-210248BE0D85-23727093-0"}
fpga -file D:/FMCOMMS4_AD9364_Fifo_Tlast_FFT/Ws/FMCOMMS4_AD9364/_ide/bitstream/system_top.bit
targets -set -nocase -filter {name =~"APU*"}
loadhw -hw D:/FMCOMMS4_AD9364_Fifo_Tlast_FFT/Ws/system_top/export/system_top/hw/system_top.xsa -mem-ranges [list {0x40000000 0xbfffffff}] -regs
configparams force-mem-access 1
targets -set -nocase -filter {name =~"APU*"}
source D:/FMCOMMS4_AD9364_Fifo_Tlast_FFT/Ws/FMCOMMS4_AD9364/_ide/psinit/ps7_init.tcl
ps7_init
ps7_post_config
targets -set -nocase -filter {name =~ "*A9*#0"}
dow D:/FMCOMMS4_AD9364_Fifo_Tlast_FFT/Ws/FMCOMMS4_AD9364/Debug/FMCOMMS4_AD9364.elf
configparams force-mem-access 0
----------------End of Script----------------

14:39:14 INFO  : Context for processor 'ps7_cortexa9_0' is selected.
14:39:14 INFO  : 'con' command is executed.
14:39:14 INFO  : ----------------XSDB Script (After Launch)----------------
targets -set -nocase -filter {name =~ "*A9*#0"}
con
----------------End of Script----------------

14:39:14 INFO  : Launch script is exported to file 'D:\FMCOMMS4_AD9364_Fifo_Tlast_FFT\Ws\FMCOMMS4_AD9364_system\_ide\scripts\debugger_fmcomms4_ad9364-default.tcl'
14:51:53 INFO  : Checking for BSP changes to sync application flags for project 'FMCOMMS4_AD9364'...
14:52:02 INFO  : Checking for BSP changes to sync application flags for project 'FMCOMMS4_AD9364'...
14:56:11 INFO  : Checking for BSP changes to sync application flags for project 'FMCOMMS4_AD9364'...
14:56:22 INFO  : Disconnected from the channel tcfchan#30.
14:56:23 INFO  : Connected to target on host '127.0.0.1' and port '3121'.
14:56:32 INFO  : ----------------XSDB Script----------------
connect -url tcp:127.0.0.1:3121
----------------End of Script----------------

14:56:32 ERROR : Could not find ARM device on the board for connection 'Local'.
Check if the target is in:
1. Split JTAG - No operations are possible with ARM DAP.
2. Non JTAG bootmode - Bootrom may need time to enable DAP.
Please try again.


Troubleshooting hints:
1. Check whether board is connected to system properly.
2. In case of zynq board, check whether Digilent/Xilinx cable switch settings are correct.
3. If you are using Xilinx Platform Cable USB, ensure that status LED is green.
14:56:39 INFO  : Connected to target on host '127.0.0.1' and port '3121'.
14:56:39 INFO  : Jtag cable 'Digilent Zed 210248BE0D85' is selected.
14:56:39 INFO  : 'jtag frequency' command is executed.
14:56:39 INFO  : Context for 'APU' is selected.
14:56:39 INFO  : System reset is completed.
14:56:42 INFO  : 'after 3000' command is executed.
14:56:42 INFO  : 'targets -set -filter {jtag_cable_name =~ "Digilent Zed 210248BE0D85" && level==0 && jtag_device_ctx=="jsn-Zed-210248BE0D85-23727093-0"}' command is executed.
14:56:44 INFO  : Device configured successfully with "D:/FMCOMMS4_AD9364_Fifo_Tlast_FFT/Ws/FMCOMMS4_AD9364/_ide/bitstream/system_top.bit"
14:56:44 INFO  : Context for 'APU' is selected.
14:56:44 INFO  : Hardware design and registers information is loaded from 'D:/FMCOMMS4_AD9364_Fifo_Tlast_FFT/Ws/system_top/export/system_top/hw/system_top.xsa'.
14:56:44 INFO  : 'configparams force-mem-access 1' command is executed.
14:56:44 INFO  : Context for 'APU' is selected.
14:56:44 INFO  : Sourcing of 'D:/FMCOMMS4_AD9364_Fifo_Tlast_FFT/Ws/FMCOMMS4_AD9364/_ide/psinit/ps7_init.tcl' is done.
14:56:45 INFO  : 'ps7_init' command is executed.
14:56:45 INFO  : 'ps7_post_config' command is executed.
14:56:45 INFO  : Context for processor 'ps7_cortexa9_0' is selected.
14:56:45 INFO  : The application 'D:/FMCOMMS4_AD9364_Fifo_Tlast_FFT/Ws/FMCOMMS4_AD9364/Debug/FMCOMMS4_AD9364.elf' is downloaded to processor 'ps7_cortexa9_0'.
14:56:45 INFO  : 'configparams force-mem-access 0' command is executed.
14:56:45 INFO  : ----------------XSDB Script----------------
connect -url tcp:127.0.0.1:3121
targets -set -nocase -filter {name =~"APU*"}
rst -system
after 3000
targets -set -filter {jtag_cable_name =~ "Digilent Zed 210248BE0D85" && level==0 && jtag_device_ctx=="jsn-Zed-210248BE0D85-23727093-0"}
fpga -file D:/FMCOMMS4_AD9364_Fifo_Tlast_FFT/Ws/FMCOMMS4_AD9364/_ide/bitstream/system_top.bit
targets -set -nocase -filter {name =~"APU*"}
loadhw -hw D:/FMCOMMS4_AD9364_Fifo_Tlast_FFT/Ws/system_top/export/system_top/hw/system_top.xsa -mem-ranges [list {0x40000000 0xbfffffff}] -regs
configparams force-mem-access 1
targets -set -nocase -filter {name =~"APU*"}
source D:/FMCOMMS4_AD9364_Fifo_Tlast_FFT/Ws/FMCOMMS4_AD9364/_ide/psinit/ps7_init.tcl
ps7_init
ps7_post_config
targets -set -nocase -filter {name =~ "*A9*#0"}
dow D:/FMCOMMS4_AD9364_Fifo_Tlast_FFT/Ws/FMCOMMS4_AD9364/Debug/FMCOMMS4_AD9364.elf
configparams force-mem-access 0
----------------End of Script----------------

14:56:45 INFO  : Context for processor 'ps7_cortexa9_0' is selected.
14:56:45 INFO  : 'con' command is executed.
14:56:45 INFO  : ----------------XSDB Script (After Launch)----------------
targets -set -nocase -filter {name =~ "*A9*#0"}
con
----------------End of Script----------------

14:56:45 INFO  : Launch script is exported to file 'D:\FMCOMMS4_AD9364_Fifo_Tlast_FFT\Ws\FMCOMMS4_AD9364_system\_ide\scripts\debugger_fmcomms4_ad9364-default.tcl'
14:57:47 INFO  : Checking for BSP changes to sync application flags for project 'FMCOMMS4_AD9364'...
14:57:55 INFO  : Checking for BSP changes to sync application flags for project 'FMCOMMS4_AD9364'...
14:58:04 INFO  : Disconnected from the channel tcfchan#34.
14:58:05 INFO  : Connected to target on host '127.0.0.1' and port '3121'.
14:58:06 INFO  : Jtag cable 'Digilent Zed 210248BE0D85' is selected.
14:58:06 INFO  : 'jtag frequency' command is executed.
14:58:06 INFO  : Context for 'APU' is selected.
14:58:06 INFO  : System reset is completed.
14:58:09 INFO  : 'after 3000' command is executed.
14:58:09 INFO  : 'targets -set -filter {jtag_cable_name =~ "Digilent Zed 210248BE0D85" && level==0 && jtag_device_ctx=="jsn-Zed-210248BE0D85-23727093-0"}' command is executed.
14:58:12 INFO  : Device configured successfully with "D:/FMCOMMS4_AD9364_Fifo_Tlast_FFT/Ws/FMCOMMS4_AD9364/_ide/bitstream/system_top.bit"
14:58:12 INFO  : Context for 'APU' is selected.
14:58:12 INFO  : Hardware design and registers information is loaded from 'D:/FMCOMMS4_AD9364_Fifo_Tlast_FFT/Ws/system_top/export/system_top/hw/system_top.xsa'.
14:58:12 INFO  : 'configparams force-mem-access 1' command is executed.
14:58:12 INFO  : Context for 'APU' is selected.
14:58:12 INFO  : Sourcing of 'D:/FMCOMMS4_AD9364_Fifo_Tlast_FFT/Ws/FMCOMMS4_AD9364/_ide/psinit/ps7_init.tcl' is done.
14:58:12 INFO  : 'ps7_init' command is executed.
14:58:12 INFO  : 'ps7_post_config' command is executed.
14:58:12 INFO  : Context for processor 'ps7_cortexa9_0' is selected.
14:58:13 INFO  : The application 'D:/FMCOMMS4_AD9364_Fifo_Tlast_FFT/Ws/FMCOMMS4_AD9364/Debug/FMCOMMS4_AD9364.elf' is downloaded to processor 'ps7_cortexa9_0'.
14:58:13 INFO  : 'configparams force-mem-access 0' command is executed.
14:58:13 INFO  : ----------------XSDB Script----------------
connect -url tcp:127.0.0.1:3121
targets -set -nocase -filter {name =~"APU*"}
rst -system
after 3000
targets -set -filter {jtag_cable_name =~ "Digilent Zed 210248BE0D85" && level==0 && jtag_device_ctx=="jsn-Zed-210248BE0D85-23727093-0"}
fpga -file D:/FMCOMMS4_AD9364_Fifo_Tlast_FFT/Ws/FMCOMMS4_AD9364/_ide/bitstream/system_top.bit
targets -set -nocase -filter {name =~"APU*"}
loadhw -hw D:/FMCOMMS4_AD9364_Fifo_Tlast_FFT/Ws/system_top/export/system_top/hw/system_top.xsa -mem-ranges [list {0x40000000 0xbfffffff}] -regs
configparams force-mem-access 1
targets -set -nocase -filter {name =~"APU*"}
source D:/FMCOMMS4_AD9364_Fifo_Tlast_FFT/Ws/FMCOMMS4_AD9364/_ide/psinit/ps7_init.tcl
ps7_init
ps7_post_config
targets -set -nocase -filter {name =~ "*A9*#0"}
dow D:/FMCOMMS4_AD9364_Fifo_Tlast_FFT/Ws/FMCOMMS4_AD9364/Debug/FMCOMMS4_AD9364.elf
configparams force-mem-access 0
----------------End of Script----------------

14:58:13 INFO  : Context for processor 'ps7_cortexa9_0' is selected.
14:58:13 INFO  : 'con' command is executed.
14:58:13 INFO  : ----------------XSDB Script (After Launch)----------------
targets -set -nocase -filter {name =~ "*A9*#0"}
con
----------------End of Script----------------

14:58:13 INFO  : Launch script is exported to file 'D:\FMCOMMS4_AD9364_Fifo_Tlast_FFT\Ws\FMCOMMS4_AD9364_system\_ide\scripts\debugger_fmcomms4_ad9364-default.tcl'
15:01:14 INFO  : Disconnected from the channel tcfchan#37.
15:01:15 INFO  : Connected to target on host '127.0.0.1' and port '3121'.
15:01:15 INFO  : Jtag cable 'Digilent Zed 210248BE0D85' is selected.
15:01:15 ERROR : port closed
15:01:15 INFO  : ----------------XSDB Script----------------
connect -url tcp:127.0.0.1:3121
----------------End of Script----------------

15:01:15 ERROR : port closed
15:01:22 INFO  : Connected to target on host '127.0.0.1' and port '3121'.
15:01:22 INFO  : Jtag cable 'Digilent Zed 210248BE0D85' is selected.
15:01:22 INFO  : 'jtag frequency' command is executed.
15:01:22 INFO  : Context for 'APU' is selected.
15:01:22 INFO  : System reset is completed.
15:01:25 INFO  : 'after 3000' command is executed.
15:01:25 INFO  : 'targets -set -filter {jtag_cable_name =~ "Digilent Zed 210248BE0D85" && level==0 && jtag_device_ctx=="jsn-Zed-210248BE0D85-23727093-0"}' command is executed.
15:01:27 INFO  : Device configured successfully with "D:/FMCOMMS4_AD9364_Fifo_Tlast_FFT/Ws/FMCOMMS4_AD9364/_ide/bitstream/system_top.bit"
15:01:27 INFO  : Context for 'APU' is selected.
15:01:28 INFO  : Hardware design and registers information is loaded from 'D:/FMCOMMS4_AD9364_Fifo_Tlast_FFT/Ws/system_top/export/system_top/hw/system_top.xsa'.
15:01:28 INFO  : 'configparams force-mem-access 1' command is executed.
15:01:28 INFO  : Context for 'APU' is selected.
15:01:28 INFO  : Sourcing of 'D:/FMCOMMS4_AD9364_Fifo_Tlast_FFT/Ws/FMCOMMS4_AD9364/_ide/psinit/ps7_init.tcl' is done.
15:01:28 INFO  : 'ps7_init' command is executed.
15:01:28 INFO  : 'ps7_post_config' command is executed.
15:01:28 INFO  : Context for processor 'ps7_cortexa9_0' is selected.
15:01:28 INFO  : The application 'D:/FMCOMMS4_AD9364_Fifo_Tlast_FFT/Ws/FMCOMMS4_AD9364/Debug/FMCOMMS4_AD9364.elf' is downloaded to processor 'ps7_cortexa9_0'.
15:01:28 INFO  : 'configparams force-mem-access 0' command is executed.
15:01:28 INFO  : ----------------XSDB Script----------------
connect -url tcp:127.0.0.1:3121
targets -set -nocase -filter {name =~"APU*"}
rst -system
after 3000
targets -set -filter {jtag_cable_name =~ "Digilent Zed 210248BE0D85" && level==0 && jtag_device_ctx=="jsn-Zed-210248BE0D85-23727093-0"}
fpga -file D:/FMCOMMS4_AD9364_Fifo_Tlast_FFT/Ws/FMCOMMS4_AD9364/_ide/bitstream/system_top.bit
targets -set -nocase -filter {name =~"APU*"}
loadhw -hw D:/FMCOMMS4_AD9364_Fifo_Tlast_FFT/Ws/system_top/export/system_top/hw/system_top.xsa -mem-ranges [list {0x40000000 0xbfffffff}] -regs
configparams force-mem-access 1
targets -set -nocase -filter {name =~"APU*"}
source D:/FMCOMMS4_AD9364_Fifo_Tlast_FFT/Ws/FMCOMMS4_AD9364/_ide/psinit/ps7_init.tcl
ps7_init
ps7_post_config
targets -set -nocase -filter {name =~ "*A9*#0"}
dow D:/FMCOMMS4_AD9364_Fifo_Tlast_FFT/Ws/FMCOMMS4_AD9364/Debug/FMCOMMS4_AD9364.elf
configparams force-mem-access 0
----------------End of Script----------------

15:01:29 INFO  : Context for processor 'ps7_cortexa9_0' is selected.
15:01:29 INFO  : 'con' command is executed.
15:01:29 INFO  : ----------------XSDB Script (After Launch)----------------
targets -set -nocase -filter {name =~ "*A9*#0"}
con
----------------End of Script----------------

15:01:29 INFO  : Launch script is exported to file 'D:\FMCOMMS4_AD9364_Fifo_Tlast_FFT\Ws\FMCOMMS4_AD9364_system\_ide\scripts\debugger_fmcomms4_ad9364-default.tcl'
15:06:32 INFO  : Checking for BSP changes to sync application flags for project 'FMCOMMS4_AD9364'...
15:10:21 INFO  : Checking for BSP changes to sync application flags for project 'FMCOMMS4_AD9364'...
15:10:29 INFO  : Checking for BSP changes to sync application flags for project 'FMCOMMS4_AD9364'...
15:10:36 INFO  : Disconnected from the channel tcfchan#38.
15:10:37 INFO  : Connected to target on host '127.0.0.1' and port '3121'.
15:10:38 INFO  : Jtag cable 'Digilent Zed 210248BE0D85' is selected.
15:10:38 INFO  : 'jtag frequency' command is executed.
15:10:40 INFO  : Context for 'APU' is selected.
15:10:40 INFO  : System reset is completed.
15:10:43 INFO  : 'after 3000' command is executed.
15:10:43 INFO  : 'targets -set -filter {jtag_cable_name =~ "Digilent Zed 210248BE0D85" && level==0 && jtag_device_ctx=="jsn-Zed-210248BE0D85-23727093-0"}' command is executed.
15:10:45 INFO  : Device configured successfully with "D:/FMCOMMS4_AD9364_Fifo_Tlast_FFT/Ws/FMCOMMS4_AD9364/_ide/bitstream/system_top.bit"
15:10:45 INFO  : Context for 'APU' is selected.
15:10:45 INFO  : Hardware design and registers information is loaded from 'D:/FMCOMMS4_AD9364_Fifo_Tlast_FFT/Ws/system_top/export/system_top/hw/system_top.xsa'.
15:10:45 INFO  : 'configparams force-mem-access 1' command is executed.
15:10:45 INFO  : Context for 'APU' is selected.
15:10:45 INFO  : Sourcing of 'D:/FMCOMMS4_AD9364_Fifo_Tlast_FFT/Ws/FMCOMMS4_AD9364/_ide/psinit/ps7_init.tcl' is done.
15:10:45 INFO  : 'ps7_init' command is executed.
15:10:45 INFO  : 'ps7_post_config' command is executed.
15:10:45 INFO  : Context for processor 'ps7_cortexa9_0' is selected.
15:10:46 INFO  : The application 'D:/FMCOMMS4_AD9364_Fifo_Tlast_FFT/Ws/FMCOMMS4_AD9364/Debug/FMCOMMS4_AD9364.elf' is downloaded to processor 'ps7_cortexa9_0'.
15:10:46 INFO  : 'configparams force-mem-access 0' command is executed.
15:10:46 INFO  : ----------------XSDB Script----------------
connect -url tcp:127.0.0.1:3121
targets -set -nocase -filter {name =~"APU*"}
rst -system
after 3000
targets -set -filter {jtag_cable_name =~ "Digilent Zed 210248BE0D85" && level==0 && jtag_device_ctx=="jsn-Zed-210248BE0D85-23727093-0"}
fpga -file D:/FMCOMMS4_AD9364_Fifo_Tlast_FFT/Ws/FMCOMMS4_AD9364/_ide/bitstream/system_top.bit
targets -set -nocase -filter {name =~"APU*"}
loadhw -hw D:/FMCOMMS4_AD9364_Fifo_Tlast_FFT/Ws/system_top/export/system_top/hw/system_top.xsa -mem-ranges [list {0x40000000 0xbfffffff}] -regs
configparams force-mem-access 1
targets -set -nocase -filter {name =~"APU*"}
source D:/FMCOMMS4_AD9364_Fifo_Tlast_FFT/Ws/FMCOMMS4_AD9364/_ide/psinit/ps7_init.tcl
ps7_init
ps7_post_config
targets -set -nocase -filter {name =~ "*A9*#0"}
dow D:/FMCOMMS4_AD9364_Fifo_Tlast_FFT/Ws/FMCOMMS4_AD9364/Debug/FMCOMMS4_AD9364.elf
configparams force-mem-access 0
----------------End of Script----------------

15:10:46 INFO  : Context for processor 'ps7_cortexa9_0' is selected.
15:10:46 INFO  : 'con' command is executed.
15:10:46 INFO  : ----------------XSDB Script (After Launch)----------------
targets -set -nocase -filter {name =~ "*A9*#0"}
con
----------------End of Script----------------

15:10:46 INFO  : Launch script is exported to file 'D:\FMCOMMS4_AD9364_Fifo_Tlast_FFT\Ws\FMCOMMS4_AD9364_system\_ide\scripts\debugger_fmcomms4_ad9364-default.tcl'
15:23:26 INFO  : Checking for BSP changes to sync application flags for project 'FMCOMMS4_AD9364'...
15:23:37 INFO  : Checking for BSP changes to sync application flags for project 'FMCOMMS4_AD9364'...
15:23:46 INFO  : Disconnected from the channel tcfchan#41.
15:23:47 INFO  : Connected to target on host '127.0.0.1' and port '3121'.
15:24:05 INFO  : ----------------XSDB Script----------------
connect -url tcp:127.0.0.1:3121
----------------End of Script----------------

15:24:05 ERROR : Could not find ARM device on the board for connection 'Local'.
Check if the target is in:
1. Split JTAG - No operations are possible with ARM DAP.
2. Non JTAG bootmode - Bootrom may need time to enable DAP.
Please try again.


Troubleshooting hints:
1. Check whether board is connected to system properly.
2. In case of zynq board, check whether Digilent/Xilinx cable switch settings are correct.
3. If you are using Xilinx Platform Cable USB, ensure that status LED is green.
15:24:08 INFO  : Connected to target on host '127.0.0.1' and port '3121'.
15:24:08 INFO  : Jtag cable 'Digilent Zed 210248BE0D85' is selected.
15:24:08 INFO  : 'jtag frequency' command is executed.
15:24:08 INFO  : Context for 'APU' is selected.
15:24:08 INFO  : System reset is completed.
15:24:11 INFO  : 'after 3000' command is executed.
15:24:11 INFO  : Connected to target on host '127.0.0.1' and port '3121'.
15:24:11 INFO  : 'targets -set -filter {jtag_cable_name =~ "Digilent Zed 210248BE0D85" && level==0 && jtag_device_ctx=="jsn-Zed-210248BE0D85-23727093-0"}' command is executed.
15:24:14 INFO  : Device configured successfully with "D:/FMCOMMS4_AD9364_Fifo_Tlast_FFT/Ws/FMCOMMS4_AD9364/_ide/bitstream/system_top.bit"
15:24:14 INFO  : Context for 'APU' is selected.
15:24:14 INFO  : Hardware design and registers information is loaded from 'D:/FMCOMMS4_AD9364_Fifo_Tlast_FFT/Ws/system_top/export/system_top/hw/system_top.xsa'.
15:24:14 INFO  : 'configparams force-mem-access 1' command is executed.
15:24:14 INFO  : Context for 'APU' is selected.
15:24:14 INFO  : Sourcing of 'D:/FMCOMMS4_AD9364_Fifo_Tlast_FFT/Ws/FMCOMMS4_AD9364/_ide/psinit/ps7_init.tcl' is done.
15:24:14 INFO  : 'ps7_init' command is executed.
15:24:14 INFO  : 'ps7_post_config' command is executed.
15:24:14 INFO  : Jtag cable 'Digilent Zed 210248BE0D85' is selected.
15:24:14 INFO  : Context for processor 'ps7_cortexa9_0' is selected.
15:24:14 INFO  : 'jtag frequency' command is executed.
15:24:15 INFO  : The application 'D:/FMCOMMS4_AD9364_Fifo_Tlast_FFT/Ws/FMCOMMS4_AD9364/Debug/FMCOMMS4_AD9364.elf' is downloaded to processor 'ps7_cortexa9_0'.
15:24:15 INFO  : Context for 'APU' is selected.
15:24:15 INFO  : 'configparams force-mem-access 0' command is executed.
15:24:15 INFO  : ----------------XSDB Script----------------
connect -url tcp:127.0.0.1:3121
targets -set -nocase -filter {name =~"APU*"}
rst -system
after 3000
targets -set -filter {jtag_cable_name =~ "Digilent Zed 210248BE0D85" && level==0 && jtag_device_ctx=="jsn-Zed-210248BE0D85-23727093-0"}
fpga -file D:/FMCOMMS4_AD9364_Fifo_Tlast_FFT/Ws/FMCOMMS4_AD9364/_ide/bitstream/system_top.bit
targets -set -nocase -filter {name =~"APU*"}
loadhw -hw D:/FMCOMMS4_AD9364_Fifo_Tlast_FFT/Ws/system_top/export/system_top/hw/system_top.xsa -mem-ranges [list {0x40000000 0xbfffffff}] -regs
configparams force-mem-access 1
targets -set -nocase -filter {name =~"APU*"}
source D:/FMCOMMS4_AD9364_Fifo_Tlast_FFT/Ws/FMCOMMS4_AD9364/_ide/psinit/ps7_init.tcl
ps7_init
ps7_post_config
targets -set -nocase -filter {name =~ "*A9*#0"}
dow D:/FMCOMMS4_AD9364_Fifo_Tlast_FFT/Ws/FMCOMMS4_AD9364/Debug/FMCOMMS4_AD9364.elf
configparams force-mem-access 0
----------------End of Script----------------

15:24:15 INFO  : System reset is completed.
15:24:15 INFO  : Context for processor 'ps7_cortexa9_0' is selected.
15:24:18 INFO  : 'after 3000' command is executed.
15:24:18 ERROR : Already running
15:24:18 INFO  : 'targets -set -filter {jtag_cable_name =~ "Digilent Zed 210248BE0D85" && level==0 && jtag_device_ctx=="jsn-Zed-210248BE0D85-23727093-0"}' command is executed.
15:24:20 INFO  : Device configured successfully with "D:/FMCOMMS4_AD9364_Fifo_Tlast_FFT/Ws/FMCOMMS4_AD9364/_ide/bitstream/system_top.bit"
15:24:20 INFO  : Context for 'APU' is selected.
15:24:20 INFO  : Hardware design and registers information is loaded from 'D:/FMCOMMS4_AD9364_Fifo_Tlast_FFT/Ws/system_top/export/system_top/hw/system_top.xsa'.
15:24:20 INFO  : 'configparams force-mem-access 1' command is executed.
15:24:20 INFO  : Context for 'APU' is selected.
15:24:20 INFO  : Sourcing of 'D:/FMCOMMS4_AD9364_Fifo_Tlast_FFT/Ws/FMCOMMS4_AD9364/_ide/psinit/ps7_init.tcl' is done.
15:24:21 INFO  : 'ps7_init' command is executed.
15:24:21 INFO  : 'ps7_post_config' command is executed.
15:24:21 INFO  : Context for processor 'ps7_cortexa9_0' is selected.
15:24:21 INFO  : The application 'D:/FMCOMMS4_AD9364_Fifo_Tlast_FFT/Ws/FMCOMMS4_AD9364/Debug/FMCOMMS4_AD9364.elf' is downloaded to processor 'ps7_cortexa9_0'.
15:24:21 INFO  : 'configparams force-mem-access 0' command is executed.
15:24:21 INFO  : ----------------XSDB Script----------------
connect -url tcp:127.0.0.1:3121
targets -set -nocase -filter {name =~"APU*"}
rst -system
after 3000
targets -set -filter {jtag_cable_name =~ "Digilent Zed 210248BE0D85" && level==0 && jtag_device_ctx=="jsn-Zed-210248BE0D85-23727093-0"}
fpga -file D:/FMCOMMS4_AD9364_Fifo_Tlast_FFT/Ws/FMCOMMS4_AD9364/_ide/bitstream/system_top.bit
targets -set -nocase -filter {name =~"APU*"}
loadhw -hw D:/FMCOMMS4_AD9364_Fifo_Tlast_FFT/Ws/system_top/export/system_top/hw/system_top.xsa -mem-ranges [list {0x40000000 0xbfffffff}] -regs
configparams force-mem-access 1
targets -set -nocase -filter {name =~"APU*"}
source D:/FMCOMMS4_AD9364_Fifo_Tlast_FFT/Ws/FMCOMMS4_AD9364/_ide/psinit/ps7_init.tcl
ps7_init
ps7_post_config
targets -set -nocase -filter {name =~ "*A9*#0"}
dow D:/FMCOMMS4_AD9364_Fifo_Tlast_FFT/Ws/FMCOMMS4_AD9364/Debug/FMCOMMS4_AD9364.elf
configparams force-mem-access 0
----------------End of Script----------------

15:24:21 INFO  : Context for processor 'ps7_cortexa9_0' is selected.
15:24:21 INFO  : 'con' command is executed.
15:24:21 INFO  : ----------------XSDB Script (After Launch)----------------
targets -set -nocase -filter {name =~ "*A9*#0"}
con
----------------End of Script----------------

15:24:21 INFO  : Launch script is exported to file 'D:\FMCOMMS4_AD9364_Fifo_Tlast_FFT\Ws\FMCOMMS4_AD9364_system\_ide\scripts\debugger_fmcomms4_ad9364-default.tcl'
16:53:08 INFO  : Hardware specification for platform project 'system_top' is updated.
16:53:35 INFO  : Result from executing command 'getProjects': system_top
16:53:35 INFO  : Result from executing command 'getPlatforms': system_top|D:/FMCOMMS4_AD9364_Fifo_Tlast_FFT/Ws/system_top/export/system_top/system_top.xpfm;xilinx_vck190_base_202310_1|D:/Vitis/2023.1/base_platforms/xilinx_vck190_base_202310_1/xilinx_vck190_base_202310_1.xpfm;xilinx_vck190_base_dfx_202310_1|D:/Vitis/2023.1/base_platforms/xilinx_vck190_base_dfx_202310_1/xilinx_vck190_base_dfx_202310_1.xpfm;xilinx_vek280_es1_base_202310_1|D:/Vitis/2023.1/base_platforms/xilinx_vek280_es1_base_202310_1/xilinx_vek280_es1_base_202310_1.xpfm;xilinx_vmk180_base_202310_1|D:/Vitis/2023.1/base_platforms/xilinx_vmk180_base_202310_1/xilinx_vmk180_base_202310_1.xpfm;xilinx_zcu102_base_202310_1|D:/Vitis/2023.1/base_platforms/xilinx_zcu102_base_202310_1/xilinx_zcu102_base_202310_1.xpfm;xilinx_zcu102_base_dfx_202310_1|D:/Vitis/2023.1/base_platforms/xilinx_zcu102_base_dfx_202310_1/xilinx_zcu102_base_dfx_202310_1.xpfm;xilinx_zcu104_base_202310_1|D:/Vitis/2023.1/base_platforms/xilinx_zcu104_base_202310_1/xilinx_zcu104_base_202310_1.xpfm
16:53:40 INFO  : Checking for BSP changes to sync application flags for project 'FMCOMMS4_AD9364'...
16:54:02 INFO  : Updating application flags with new BSP settings...
16:54:02 INFO  : Successfully updated application flags for project FMCOMMS4_AD9364.
16:54:09 INFO  : The hardware specification used by project 'FMCOMMS4_AD9364' is out of sync with the platform. Resource files extracted from the hardware specification will be updated.
16:54:09 INFO  : The file 'D:\FMCOMMS4_AD9364_Fifo_Tlast_FFT\Ws\FMCOMMS4_AD9364\_ide\bitstream\system_top.bit' stored in project is removed.
16:54:09 INFO  : The updated bitstream files are copied from platform to folder 'D:\FMCOMMS4_AD9364_Fifo_Tlast_FFT\Ws\FMCOMMS4_AD9364\_ide\bitstream' in project 'FMCOMMS4_AD9364'.
16:54:09 INFO  : The file 'D:\FMCOMMS4_AD9364_Fifo_Tlast_FFT\Ws\FMCOMMS4_AD9364\_ide\psinit\ps7_init.tcl' stored in project is removed.
16:54:15 INFO  : The updated ps init files are copied from platform to folder 'D:\FMCOMMS4_AD9364_Fifo_Tlast_FFT\Ws\FMCOMMS4_AD9364\_ide\psinit' in project 'FMCOMMS4_AD9364'.
16:54:18 INFO  : Checking for BSP changes to sync application flags for project 'FMCOMMS4_AD9364'...
17:05:10 INFO  : Checking for BSP changes to sync application flags for project 'FMCOMMS4_AD9364'...
17:10:11 INFO  : Checking for BSP changes to sync application flags for project 'FMCOMMS4_AD9364'...
17:11:51 INFO  : Checking for BSP changes to sync application flags for project 'FMCOMMS4_AD9364'...
18:33:25 INFO  : Checking for BSP changes to sync application flags for project 'FMCOMMS4_AD9364'...
18:33:48 INFO  : Disconnected from the channel tcfchan#44.
18:33:49 INFO  : Connected to target on host '127.0.0.1' and port '3121'.
18:33:49 INFO  : Jtag cable 'Digilent Zed 210248BE0D85' is selected.
18:33:49 INFO  : 'jtag frequency' command is executed.
18:33:49 INFO  : Context for 'APU' is selected.
18:33:49 INFO  : System reset is completed.
18:33:52 INFO  : 'after 3000' command is executed.
18:33:52 INFO  : 'targets -set -filter {jtag_cable_name =~ "Digilent Zed 210248BE0D85" && level==0 && jtag_device_ctx=="jsn-Zed-210248BE0D85-23727093-0"}' command is executed.
18:33:53 ERROR : couldn't open "D:/FMCOMMS4_AD9364_Fifo_Tlast_FFT/Ws/FMCOMMS4_AD9364/_ide/bitstream/system_top.bit": no such file or directory
18:33:53 ERROR : Exception occured while running Program Device.
java.lang.RuntimeException: couldn't open "D:/FMCOMMS4_AD9364_Fifo_Tlast_FFT/Ws/FMCOMMS4_AD9364/_ide/bitstream/system_top.bit": no such file or directory
18:33:53 INFO  : ----------------XSDB Script----------------
connect -url tcp:127.0.0.1:3121
targets -set -nocase -filter {name =~"APU*"}
rst -system
after 3000
----------------End of Script----------------

18:33:53 ERROR : couldn't open "D:/FMCOMMS4_AD9364_Fifo_Tlast_FFT/Ws/FMCOMMS4_AD9364/_ide/bitstream/system_top.bit": no such file or directory
18:33:58 INFO  : Connected to target on host '127.0.0.1' and port '3121'.
18:33:58 INFO  : Jtag cable 'Digilent Zed 210248BE0D85' is selected.
18:33:58 INFO  : 'jtag frequency' command is executed.
18:33:58 INFO  : Context for 'APU' is selected.
18:33:58 INFO  : System reset is completed.
18:34:01 INFO  : 'after 3000' command is executed.
18:34:01 INFO  : 'targets -set -filter {jtag_cable_name =~ "Digilent Zed 210248BE0D85" && level==0 && jtag_device_ctx=="jsn-Zed-210248BE0D85-23727093-0"}' command is executed.
18:34:01 ERROR : couldn't open "D:/FMCOMMS4_AD9364_Fifo_Tlast_FFT/Ws/FMCOMMS4_AD9364/_ide/bitstream/system_top.bit": no such file or directory
18:34:01 ERROR : Exception occured while running Program Device.
java.lang.RuntimeException: couldn't open "D:/FMCOMMS4_AD9364_Fifo_Tlast_FFT/Ws/FMCOMMS4_AD9364/_ide/bitstream/system_top.bit": no such file or directory
18:34:01 INFO  : ----------------XSDB Script----------------
connect -url tcp:127.0.0.1:3121
targets -set -nocase -filter {name =~"APU*"}
rst -system
after 3000
----------------End of Script----------------

18:34:01 ERROR : couldn't open "D:/FMCOMMS4_AD9364_Fifo_Tlast_FFT/Ws/FMCOMMS4_AD9364/_ide/bitstream/system_top.bit": no such file or directory
18:34:09 INFO  : Connected to target on host '127.0.0.1' and port '3121'.
18:34:09 INFO  : Jtag cable 'Digilent Zed 210248BE0D85' is selected.
18:34:09 INFO  : 'jtag frequency' command is executed.
18:34:09 INFO  : Context for 'APU' is selected.
18:34:09 INFO  : System reset is completed.
18:34:12 INFO  : 'after 3000' command is executed.
18:34:12 INFO  : 'targets -set -filter {jtag_cable_name =~ "Digilent Zed 210248BE0D85" && level==0 && jtag_device_ctx=="jsn-Zed-210248BE0D85-23727093-0"}' command is executed.
18:34:12 ERROR : couldn't open "D:/FMCOMMS4_AD9364_Fifo_Tlast_FFT/Ws/FMCOMMS4_AD9364/_ide/bitstream/system_top.bit": no such file or directory
18:34:12 ERROR : Exception occured while running Program Device.
java.lang.RuntimeException: couldn't open "D:/FMCOMMS4_AD9364_Fifo_Tlast_FFT/Ws/FMCOMMS4_AD9364/_ide/bitstream/system_top.bit": no such file or directory
18:34:12 INFO  : ----------------XSDB Script----------------
connect -url tcp:127.0.0.1:3121
targets -set -nocase -filter {name =~"APU*"}
rst -system
after 3000
----------------End of Script----------------

18:34:12 ERROR : couldn't open "D:/FMCOMMS4_AD9364_Fifo_Tlast_FFT/Ws/FMCOMMS4_AD9364/_ide/bitstream/system_top.bit": no such file or directory
18:34:32 INFO  : Result from executing command 'removePlatformRepo': 
18:35:16 INFO  : Result from executing command 'getProjects': system_top
18:35:16 INFO  : Result from executing command 'getPlatforms': xilinx_vck190_base_202310_1|D:/Vitis/2023.1/base_platforms/xilinx_vck190_base_202310_1/xilinx_vck190_base_202310_1.xpfm;xilinx_vck190_base_dfx_202310_1|D:/Vitis/2023.1/base_platforms/xilinx_vck190_base_dfx_202310_1/xilinx_vck190_base_dfx_202310_1.xpfm;xilinx_vek280_es1_base_202310_1|D:/Vitis/2023.1/base_platforms/xilinx_vek280_es1_base_202310_1/xilinx_vek280_es1_base_202310_1.xpfm;xilinx_vmk180_base_202310_1|D:/Vitis/2023.1/base_platforms/xilinx_vmk180_base_202310_1/xilinx_vmk180_base_202310_1.xpfm;xilinx_zcu102_base_202310_1|D:/Vitis/2023.1/base_platforms/xilinx_zcu102_base_202310_1/xilinx_zcu102_base_202310_1.xpfm;xilinx_zcu102_base_dfx_202310_1|D:/Vitis/2023.1/base_platforms/xilinx_zcu102_base_dfx_202310_1/xilinx_zcu102_base_dfx_202310_1.xpfm;xilinx_zcu104_base_202310_1|D:/Vitis/2023.1/base_platforms/xilinx_zcu104_base_202310_1/xilinx_zcu104_base_202310_1.xpfm
18:35:28 INFO  : Connected to target on host '127.0.0.1' and port '3121'.
18:35:28 INFO  : Jtag cable 'Digilent Zed 210248BE0D85' is selected.
18:35:28 INFO  : 'jtag frequency' command is executed.
18:35:28 INFO  : Context for 'APU' is selected.
18:35:28 INFO  : System reset is completed.
18:35:31 INFO  : 'after 3000' command is executed.
18:35:31 INFO  : 'targets -set -filter {jtag_cable_name =~ "Digilent Zed 210248BE0D85" && level==0 && jtag_device_ctx=="jsn-Zed-210248BE0D85-23727093-0"}' command is executed.
18:35:31 ERROR : couldn't open "D:/FMCOMMS4_AD9364_Fifo_Tlast_FFT/Ws/FMCOMMS4_AD9364/_ide/bitstream/system_top.bit": no such file or directory
18:35:31 ERROR : Exception occured while running Program Device.
java.lang.RuntimeException: couldn't open "D:/FMCOMMS4_AD9364_Fifo_Tlast_FFT/Ws/FMCOMMS4_AD9364/_ide/bitstream/system_top.bit": no such file or directory
18:35:31 INFO  : ----------------XSDB Script----------------
connect -url tcp:127.0.0.1:3121
targets -set -nocase -filter {name =~"APU*"}
rst -system
after 3000
----------------End of Script----------------

18:35:31 ERROR : couldn't open "D:/FMCOMMS4_AD9364_Fifo_Tlast_FFT/Ws/FMCOMMS4_AD9364/_ide/bitstream/system_top.bit": no such file or directory
18:35:46 INFO  : Result from executing command 'removePlatformRepo': 
18:36:13 INFO  : Result from executing command 'getProjects': system_top
18:36:13 INFO  : Result from executing command 'getPlatforms': xilinx_vck190_base_202310_1|D:/Vitis/2023.1/base_platforms/xilinx_vck190_base_202310_1/xilinx_vck190_base_202310_1.xpfm;xilinx_vck190_base_dfx_202310_1|D:/Vitis/2023.1/base_platforms/xilinx_vck190_base_dfx_202310_1/xilinx_vck190_base_dfx_202310_1.xpfm;xilinx_vek280_es1_base_202310_1|D:/Vitis/2023.1/base_platforms/xilinx_vek280_es1_base_202310_1/xilinx_vek280_es1_base_202310_1.xpfm;xilinx_vmk180_base_202310_1|D:/Vitis/2023.1/base_platforms/xilinx_vmk180_base_202310_1/xilinx_vmk180_base_202310_1.xpfm;xilinx_zcu102_base_202310_1|D:/Vitis/2023.1/base_platforms/xilinx_zcu102_base_202310_1/xilinx_zcu102_base_202310_1.xpfm;xilinx_zcu102_base_dfx_202310_1|D:/Vitis/2023.1/base_platforms/xilinx_zcu102_base_dfx_202310_1/xilinx_zcu102_base_dfx_202310_1.xpfm;xilinx_zcu104_base_202310_1|D:/Vitis/2023.1/base_platforms/xilinx_zcu104_base_202310_1/xilinx_zcu104_base_202310_1.xpfm
18:36:23 ERROR : Emulation support is not available for Windows OS. 
18:36:25 INFO  : Connected to target on host '127.0.0.1' and port '3121'.
18:36:26 INFO  : Jtag cable 'Digilent Zed 210248BE0D85' is selected.
18:36:26 INFO  : 'jtag frequency' command is executed.
18:36:26 INFO  : Context for 'APU' is selected.
18:36:26 INFO  : System reset is completed.
18:36:29 INFO  : 'after 3000' command is executed.
18:36:29 INFO  : 'targets -set -filter {jtag_cable_name =~ "Digilent Zed 210248BE0D85" && level==0 && jtag_device_ctx=="jsn-Zed-210248BE0D85-23727093-0"}' command is executed.
18:36:29 ERROR : couldn't open "D:/FMCOMMS4_AD9364_Fifo_Tlast_FFT/Ws/FMCOMMS4_AD9364/_ide/bitstream/system_top.bit": no such file or directory
18:36:29 ERROR : Exception occured while running Program Device.
java.lang.RuntimeException: couldn't open "D:/FMCOMMS4_AD9364_Fifo_Tlast_FFT/Ws/FMCOMMS4_AD9364/_ide/bitstream/system_top.bit": no such file or directory
18:36:29 INFO  : ----------------XSDB Script----------------
connect -url tcp:127.0.0.1:3121
targets -set -nocase -filter {name =~"APU*"}
rst -system
after 3000
----------------End of Script----------------

18:36:29 ERROR : couldn't open "D:/FMCOMMS4_AD9364_Fifo_Tlast_FFT/Ws/FMCOMMS4_AD9364/_ide/bitstream/system_top.bit": no such file or directory
18:37:43 INFO  : Hardware specification for platform project 'system_top' is updated.
18:38:13 INFO  : Result from executing command 'getProjects': system_top
18:38:13 INFO  : Result from executing command 'getPlatforms': system_top|D:/FMCOMMS4_AD9364_Fifo_Tlast_FFT/Ws/system_top/export/system_top/system_top.xpfm;xilinx_vck190_base_202310_1|D:/Vitis/2023.1/base_platforms/xilinx_vck190_base_202310_1/xilinx_vck190_base_202310_1.xpfm;xilinx_vck190_base_dfx_202310_1|D:/Vitis/2023.1/base_platforms/xilinx_vck190_base_dfx_202310_1/xilinx_vck190_base_dfx_202310_1.xpfm;xilinx_vek280_es1_base_202310_1|D:/Vitis/2023.1/base_platforms/xilinx_vek280_es1_base_202310_1/xilinx_vek280_es1_base_202310_1.xpfm;xilinx_vmk180_base_202310_1|D:/Vitis/2023.1/base_platforms/xilinx_vmk180_base_202310_1/xilinx_vmk180_base_202310_1.xpfm;xilinx_zcu102_base_202310_1|D:/Vitis/2023.1/base_platforms/xilinx_zcu102_base_202310_1/xilinx_zcu102_base_202310_1.xpfm;xilinx_zcu102_base_dfx_202310_1|D:/Vitis/2023.1/base_platforms/xilinx_zcu102_base_dfx_202310_1/xilinx_zcu102_base_dfx_202310_1.xpfm;xilinx_zcu104_base_202310_1|D:/Vitis/2023.1/base_platforms/xilinx_zcu104_base_202310_1/xilinx_zcu104_base_202310_1.xpfm
18:38:14 INFO  : Checking for BSP changes to sync application flags for project 'FMCOMMS4_AD9364'...
18:38:34 INFO  : Checking for BSP changes to sync application flags for project 'FMCOMMS4_AD9364'...
18:39:22 INFO  : Connected to target on host '127.0.0.1' and port '3121'.
18:39:22 INFO  : Jtag cable 'Digilent Zed 210248BE0D85' is selected.
18:39:22 INFO  : 'jtag frequency' command is executed.
18:39:22 INFO  : Context for 'APU' is selected.
18:39:22 INFO  : System reset is completed.
18:39:25 INFO  : 'after 3000' command is executed.
18:39:25 INFO  : 'targets -set -filter {jtag_cable_name =~ "Digilent Zed 210248BE0D85" && level==0 && jtag_device_ctx=="jsn-Zed-210248BE0D85-23727093-0"}' command is executed.
18:39:25 ERROR : couldn't open "D:/FMCOMMS4_AD9364_Fifo_Tlast_FFT/Ws/FMCOMMS4_AD9364/_ide/bitstream/system_top.bit": no such file or directory
18:39:25 ERROR : Exception occured while running Program Device.
java.lang.RuntimeException: couldn't open "D:/FMCOMMS4_AD9364_Fifo_Tlast_FFT/Ws/FMCOMMS4_AD9364/_ide/bitstream/system_top.bit": no such file or directory
18:39:25 INFO  : ----------------XSDB Script----------------
connect -url tcp:127.0.0.1:3121
targets -set -nocase -filter {name =~"APU*"}
rst -system
after 3000
----------------End of Script----------------

18:39:25 ERROR : couldn't open "D:/FMCOMMS4_AD9364_Fifo_Tlast_FFT/Ws/FMCOMMS4_AD9364/_ide/bitstream/system_top.bit": no such file or directory
18:40:16 DEBUG : Logs will be stored at 'D:/FMCOMMS4_AD9364_Fifo_Tlast_FFT/Ws/IDE.log'.
18:40:16 INFO  : Launching XSCT server: xsct.bat -n  -interactive D:\FMCOMMS4_AD9364_Fifo_Tlast_FFT\Ws\temp_xsdb_launch_script.tcl
18:40:19 INFO  : XSCT server has started successfully.
18:40:19 INFO  : Successfully done setting XSCT server connection channel  
18:40:19 INFO  : plnx-install-location is set to ''
18:40:19 INFO  : Successfully done setting workspace for the tool. 
18:40:20 INFO  : Registering command handlers for Vitis TCF services
18:40:21 INFO  : Platform repository initialization has completed.
18:40:23 INFO  : Successfully done query RDI_DATADIR 
18:40:48 INFO  : Connected to target on host '127.0.0.1' and port '3121'.
18:40:48 INFO  : Jtag cable 'Digilent Zed 210248BE0D85' is selected.
18:40:48 INFO  : 'jtag frequency' command is executed.
18:40:48 INFO  : Context for 'APU' is selected.
18:40:48 INFO  : System reset is completed.
18:40:51 INFO  : 'after 3000' command is executed.
18:40:51 INFO  : 'targets -set -filter {jtag_cable_name =~ "Digilent Zed 210248BE0D85" && level==0 && jtag_device_ctx=="jsn-Zed-210248BE0D85-23727093-0"}' command is executed.
18:40:51 ERROR : couldn't open "D:/FMCOMMS4_AD9364_Fifo_Tlast_FFT/Ws/FMCOMMS4_AD9364/_ide/bitstream/system_top.bit": no such file or directory
18:40:51 ERROR : Exception occured while running Program Device.
java.lang.RuntimeException: couldn't open "D:/FMCOMMS4_AD9364_Fifo_Tlast_FFT/Ws/FMCOMMS4_AD9364/_ide/bitstream/system_top.bit": no such file or directory
18:40:51 INFO  : ----------------XSDB Script----------------
connect -url tcp:127.0.0.1:3121
targets -set -nocase -filter {name =~"APU*"}
rst -system
after 3000
----------------End of Script----------------

18:40:51 ERROR : couldn't open "D:/FMCOMMS4_AD9364_Fifo_Tlast_FFT/Ws/FMCOMMS4_AD9364/_ide/bitstream/system_top.bit": no such file or directory
18:44:17 INFO  : Hardware specification for platform project 'system_top' is updated.
18:45:07 INFO  : Result from executing command 'getProjects': system_top
18:45:07 INFO  : Result from executing command 'getPlatforms': system_top|D:/FMCOMMS4_AD9364_Fifo_Tlast_FFT/Ws/system_top/export/system_top/system_top.xpfm;xilinx_vck190_base_202310_1|D:/Vitis/2023.1/base_platforms/xilinx_vck190_base_202310_1/xilinx_vck190_base_202310_1.xpfm;xilinx_vck190_base_dfx_202310_1|D:/Vitis/2023.1/base_platforms/xilinx_vck190_base_dfx_202310_1/xilinx_vck190_base_dfx_202310_1.xpfm;xilinx_vek280_es1_base_202310_1|D:/Vitis/2023.1/base_platforms/xilinx_vek280_es1_base_202310_1/xilinx_vek280_es1_base_202310_1.xpfm;xilinx_vmk180_base_202310_1|D:/Vitis/2023.1/base_platforms/xilinx_vmk180_base_202310_1/xilinx_vmk180_base_202310_1.xpfm;xilinx_zcu102_base_202310_1|D:/Vitis/2023.1/base_platforms/xilinx_zcu102_base_202310_1/xilinx_zcu102_base_202310_1.xpfm;xilinx_zcu102_base_dfx_202310_1|D:/Vitis/2023.1/base_platforms/xilinx_zcu102_base_dfx_202310_1/xilinx_zcu102_base_dfx_202310_1.xpfm;xilinx_zcu104_base_202310_1|D:/Vitis/2023.1/base_platforms/xilinx_zcu104_base_202310_1/xilinx_zcu104_base_202310_1.xpfm
18:45:35 INFO  : The hardware specification used by project 'FMCOMMS4_AD9364' is out of sync with the platform. Resource files extracted from the hardware specification will be updated.
18:45:35 INFO  : The file 'D:\FMCOMMS4_AD9364_Fifo_Tlast_FFT\Ws\FMCOMMS4_AD9364\_ide\bitstream\system_top_Gpio.bit' stored in project is removed.
18:45:35 INFO  : The updated bitstream files are copied from platform to folder 'D:\FMCOMMS4_AD9364_Fifo_Tlast_FFT\Ws\FMCOMMS4_AD9364\_ide\bitstream' in project 'FMCOMMS4_AD9364'.
18:45:35 INFO  : The file 'D:\FMCOMMS4_AD9364_Fifo_Tlast_FFT\Ws\FMCOMMS4_AD9364\_ide\psinit\ps7_init.tcl' stored in project is removed.
18:45:41 INFO  : The updated ps init files are copied from platform to folder 'D:\FMCOMMS4_AD9364_Fifo_Tlast_FFT\Ws\FMCOMMS4_AD9364\_ide\psinit' in project 'FMCOMMS4_AD9364'.
18:45:41 INFO  : Connected to target on host '127.0.0.1' and port '3121'.
18:45:41 INFO  : Jtag cable 'Digilent Zed 210248BE0D85' is selected.
18:45:41 INFO  : 'jtag frequency' command is executed.
18:45:41 INFO  : Context for 'APU' is selected.
18:45:41 INFO  : System reset is completed.
18:45:44 INFO  : 'after 3000' command is executed.
18:45:44 INFO  : 'targets -set -filter {jtag_cable_name =~ "Digilent Zed 210248BE0D85" && level==0 && jtag_device_ctx=="jsn-Zed-210248BE0D85-23727093-0"}' command is executed.
18:45:47 INFO  : Device configured successfully with "D:/FMCOMMS4_AD9364_Fifo_Tlast_FFT/Ws/FMCOMMS4_AD9364/_ide/bitstream/system_top.bit"
18:45:47 INFO  : Context for 'APU' is selected.
18:45:47 INFO  : Hardware design and registers information is loaded from 'D:/FMCOMMS4_AD9364_Fifo_Tlast_FFT/Ws/system_top/export/system_top/hw/system_top.xsa'.
18:45:47 INFO  : 'configparams force-mem-access 1' command is executed.
18:45:47 INFO  : Context for 'APU' is selected.
18:45:47 INFO  : Sourcing of 'D:/FMCOMMS4_AD9364_Fifo_Tlast_FFT/Ws/FMCOMMS4_AD9364/_ide/psinit/ps7_init.tcl' is done.
18:45:47 INFO  : 'ps7_init' command is executed.
18:45:47 INFO  : 'ps7_post_config' command is executed.
18:45:47 INFO  : Context for processor 'ps7_cortexa9_0' is selected.
18:45:48 INFO  : The application 'D:/FMCOMMS4_AD9364_Fifo_Tlast_FFT/Ws/FMCOMMS4_AD9364/Debug/FMCOMMS4_AD9364.elf' is downloaded to processor 'ps7_cortexa9_0'.
18:45:48 INFO  : 'configparams force-mem-access 0' command is executed.
18:45:48 INFO  : ----------------XSDB Script----------------
connect -url tcp:127.0.0.1:3121
targets -set -nocase -filter {name =~"APU*"}
rst -system
after 3000
targets -set -filter {jtag_cable_name =~ "Digilent Zed 210248BE0D85" && level==0 && jtag_device_ctx=="jsn-Zed-210248BE0D85-23727093-0"}
fpga -file D:/FMCOMMS4_AD9364_Fifo_Tlast_FFT/Ws/FMCOMMS4_AD9364/_ide/bitstream/system_top.bit
targets -set -nocase -filter {name =~"APU*"}
loadhw -hw D:/FMCOMMS4_AD9364_Fifo_Tlast_FFT/Ws/system_top/export/system_top/hw/system_top.xsa -mem-ranges [list {0x40000000 0xbfffffff}] -regs
configparams force-mem-access 1
targets -set -nocase -filter {name =~"APU*"}
source D:/FMCOMMS4_AD9364_Fifo_Tlast_FFT/Ws/FMCOMMS4_AD9364/_ide/psinit/ps7_init.tcl
ps7_init
ps7_post_config
targets -set -nocase -filter {name =~ "*A9*#0"}
dow D:/FMCOMMS4_AD9364_Fifo_Tlast_FFT/Ws/FMCOMMS4_AD9364/Debug/FMCOMMS4_AD9364.elf
configparams force-mem-access 0
----------------End of Script----------------

18:45:48 INFO  : Context for processor 'ps7_cortexa9_0' is selected.
18:45:48 INFO  : 'con' command is executed.
18:45:48 INFO  : ----------------XSDB Script (After Launch)----------------
targets -set -nocase -filter {name =~ "*A9*#0"}
con
----------------End of Script----------------

18:45:48 INFO  : Launch script is exported to file 'D:\FMCOMMS4_AD9364_Fifo_Tlast_FFT\Ws\FMCOMMS4_AD9364_system\_ide\scripts\debugger_fmcomms4_ad9364-default.tcl'
18:46:01 INFO  : Disconnected from the channel tcfchan#1.
18:46:02 INFO  : Connected to target on host '127.0.0.1' and port '3121'.
18:46:02 INFO  : Jtag cable 'Digilent Zed 210248BE0D85' is selected.
18:46:02 ERROR : port closed
18:46:02 INFO  : ----------------XSDB Script----------------
connect -url tcp:127.0.0.1:3121
----------------End of Script----------------

18:46:02 ERROR : port closed
18:46:09 INFO  : Connected to target on host '127.0.0.1' and port '3121'.
18:46:09 INFO  : Jtag cable 'Digilent Zed 210248BE0D85' is selected.
18:46:09 INFO  : 'jtag frequency' command is executed.
18:46:09 INFO  : Context for 'APU' is selected.
18:46:09 INFO  : System reset is completed.
18:46:12 INFO  : 'after 3000' command is executed.
18:46:12 INFO  : 'targets -set -filter {jtag_cable_name =~ "Digilent Zed 210248BE0D85" && level==0 && jtag_device_ctx=="jsn-Zed-210248BE0D85-23727093-0"}' command is executed.
18:46:14 INFO  : Device configured successfully with "D:/FMCOMMS4_AD9364_Fifo_Tlast_FFT/Ws/FMCOMMS4_AD9364/_ide/bitstream/system_top.bit"
18:46:15 INFO  : Context for 'APU' is selected.
18:46:15 INFO  : Hardware design and registers information is loaded from 'D:/FMCOMMS4_AD9364_Fifo_Tlast_FFT/Ws/system_top/export/system_top/hw/system_top.xsa'.
18:46:15 INFO  : 'configparams force-mem-access 1' command is executed.
18:46:15 INFO  : Context for 'APU' is selected.
18:46:15 INFO  : Sourcing of 'D:/FMCOMMS4_AD9364_Fifo_Tlast_FFT/Ws/FMCOMMS4_AD9364/_ide/psinit/ps7_init.tcl' is done.
18:46:15 INFO  : 'ps7_init' command is executed.
18:46:15 INFO  : 'ps7_post_config' command is executed.
18:46:15 INFO  : Context for processor 'ps7_cortexa9_0' is selected.
18:46:16 INFO  : The application 'D:/FMCOMMS4_AD9364_Fifo_Tlast_FFT/Ws/FMCOMMS4_AD9364/Debug/FMCOMMS4_AD9364.elf' is downloaded to processor 'ps7_cortexa9_0'.
18:46:16 INFO  : 'configparams force-mem-access 0' command is executed.
18:46:16 INFO  : ----------------XSDB Script----------------
connect -url tcp:127.0.0.1:3121
targets -set -nocase -filter {name =~"APU*"}
rst -system
after 3000
targets -set -filter {jtag_cable_name =~ "Digilent Zed 210248BE0D85" && level==0 && jtag_device_ctx=="jsn-Zed-210248BE0D85-23727093-0"}
fpga -file D:/FMCOMMS4_AD9364_Fifo_Tlast_FFT/Ws/FMCOMMS4_AD9364/_ide/bitstream/system_top.bit
targets -set -nocase -filter {name =~"APU*"}
loadhw -hw D:/FMCOMMS4_AD9364_Fifo_Tlast_FFT/Ws/system_top/export/system_top/hw/system_top.xsa -mem-ranges [list {0x40000000 0xbfffffff}] -regs
configparams force-mem-access 1
targets -set -nocase -filter {name =~"APU*"}
source D:/FMCOMMS4_AD9364_Fifo_Tlast_FFT/Ws/FMCOMMS4_AD9364/_ide/psinit/ps7_init.tcl
ps7_init
ps7_post_config
targets -set -nocase -filter {name =~ "*A9*#0"}
dow D:/FMCOMMS4_AD9364_Fifo_Tlast_FFT/Ws/FMCOMMS4_AD9364/Debug/FMCOMMS4_AD9364.elf
configparams force-mem-access 0
----------------End of Script----------------

18:46:16 INFO  : Context for processor 'ps7_cortexa9_0' is selected.
18:46:16 INFO  : 'con' command is executed.
18:46:16 INFO  : ----------------XSDB Script (After Launch)----------------
targets -set -nocase -filter {name =~ "*A9*#0"}
con
----------------End of Script----------------

18:46:16 INFO  : Launch script is exported to file 'D:\FMCOMMS4_AD9364_Fifo_Tlast_FFT\Ws\FMCOMMS4_AD9364_system\_ide\scripts\debugger_fmcomms4_ad9364-default.tcl'
18:46:31 INFO  : Disconnected from the channel tcfchan#3.
18:46:32 INFO  : Connected to target on host '127.0.0.1' and port '3121'.
18:46:41 INFO  : ----------------XSDB Script----------------
connect -url tcp:127.0.0.1:3121
----------------End of Script----------------

18:46:41 ERROR : Could not find Jtag device on the board for connection 'Local'.


Troubleshooting hints:
1. Check whether board is connected to system properly.
2. In case of zynq board, check whether Digilent/Xilinx cable switch settings are correct.
3. If you are using Xilinx Platform Cable USB, ensure that status LED is green.
18:46:45 INFO  : Connected to target on host '127.0.0.1' and port '3121'.
18:46:45 INFO  : Jtag cable 'Digilent Zed 210248BE0D85' is selected.
18:46:45 INFO  : 'jtag frequency' command is executed.
18:46:45 INFO  : Context for 'APU' is selected.
18:46:45 INFO  : System reset is completed.
18:46:48 INFO  : 'after 3000' command is executed.
18:46:48 INFO  : 'targets -set -filter {jtag_cable_name =~ "Digilent Zed 210248BE0D85" && level==0 && jtag_device_ctx=="jsn-Zed-210248BE0D85-23727093-0"}' command is executed.
18:46:51 INFO  : Device configured successfully with "D:/FMCOMMS4_AD9364_Fifo_Tlast_FFT/Ws/FMCOMMS4_AD9364/_ide/bitstream/system_top.bit"
18:46:51 INFO  : Context for 'APU' is selected.
18:46:51 INFO  : Hardware design and registers information is loaded from 'D:/FMCOMMS4_AD9364_Fifo_Tlast_FFT/Ws/system_top/export/system_top/hw/system_top.xsa'.
18:46:51 INFO  : 'configparams force-mem-access 1' command is executed.
18:46:51 INFO  : Context for 'APU' is selected.
18:46:51 INFO  : Sourcing of 'D:/FMCOMMS4_AD9364_Fifo_Tlast_FFT/Ws/FMCOMMS4_AD9364/_ide/psinit/ps7_init.tcl' is done.
18:46:51 INFO  : 'ps7_init' command is executed.
18:46:51 INFO  : 'ps7_post_config' command is executed.
18:46:51 INFO  : Context for processor 'ps7_cortexa9_0' is selected.
18:46:52 INFO  : The application 'D:/FMCOMMS4_AD9364_Fifo_Tlast_FFT/Ws/FMCOMMS4_AD9364/Debug/FMCOMMS4_AD9364.elf' is downloaded to processor 'ps7_cortexa9_0'.
18:46:52 INFO  : 'configparams force-mem-access 0' command is executed.
18:46:52 INFO  : ----------------XSDB Script----------------
connect -url tcp:127.0.0.1:3121
targets -set -nocase -filter {name =~"APU*"}
rst -system
after 3000
targets -set -filter {jtag_cable_name =~ "Digilent Zed 210248BE0D85" && level==0 && jtag_device_ctx=="jsn-Zed-210248BE0D85-23727093-0"}
fpga -file D:/FMCOMMS4_AD9364_Fifo_Tlast_FFT/Ws/FMCOMMS4_AD9364/_ide/bitstream/system_top.bit
targets -set -nocase -filter {name =~"APU*"}
loadhw -hw D:/FMCOMMS4_AD9364_Fifo_Tlast_FFT/Ws/system_top/export/system_top/hw/system_top.xsa -mem-ranges [list {0x40000000 0xbfffffff}] -regs
configparams force-mem-access 1
targets -set -nocase -filter {name =~"APU*"}
source D:/FMCOMMS4_AD9364_Fifo_Tlast_FFT/Ws/FMCOMMS4_AD9364/_ide/psinit/ps7_init.tcl
ps7_init
ps7_post_config
targets -set -nocase -filter {name =~ "*A9*#0"}
dow D:/FMCOMMS4_AD9364_Fifo_Tlast_FFT/Ws/FMCOMMS4_AD9364/Debug/FMCOMMS4_AD9364.elf
configparams force-mem-access 0
----------------End of Script----------------

18:46:52 INFO  : Context for processor 'ps7_cortexa9_0' is selected.
18:46:52 INFO  : 'con' command is executed.
18:46:52 INFO  : ----------------XSDB Script (After Launch)----------------
targets -set -nocase -filter {name =~ "*A9*#0"}
con
----------------End of Script----------------

18:46:52 INFO  : Launch script is exported to file 'D:\FMCOMMS4_AD9364_Fifo_Tlast_FFT\Ws\FMCOMMS4_AD9364_system\_ide\scripts\debugger_fmcomms4_ad9364-default.tcl'
18:47:07 INFO  : Disconnected from the channel tcfchan#4.
18:47:08 INFO  : Connected to target on host '127.0.0.1' and port '3121'.
18:47:08 INFO  : Jtag cable 'Digilent Zed 210248BE0D85' is selected.
18:47:08 INFO  : 'jtag frequency' command is executed.
18:47:08 INFO  : Context for 'APU' is selected.
18:47:08 INFO  : System reset is completed.
18:47:11 INFO  : 'after 3000' command is executed.
18:47:11 INFO  : 'targets -set -filter {jtag_cable_name =~ "Digilent Zed 210248BE0D85" && level==0 && jtag_device_ctx=="jsn-Zed-210248BE0D85-23727093-0"}' command is executed.
18:47:14 INFO  : Device configured successfully with "D:/FMCOMMS4_AD9364_Fifo_Tlast_FFT/Ws/FMCOMMS4_AD9364/_ide/bitstream/system_top.bit"
18:47:14 INFO  : Context for 'APU' is selected.
18:47:14 INFO  : Hardware design and registers information is loaded from 'D:/FMCOMMS4_AD9364_Fifo_Tlast_FFT/Ws/system_top/export/system_top/hw/system_top.xsa'.
18:47:14 INFO  : 'configparams force-mem-access 1' command is executed.
18:47:14 INFO  : Context for 'APU' is selected.
18:47:14 INFO  : Sourcing of 'D:/FMCOMMS4_AD9364_Fifo_Tlast_FFT/Ws/FMCOMMS4_AD9364/_ide/psinit/ps7_init.tcl' is done.
18:47:14 INFO  : 'ps7_init' command is executed.
18:47:14 INFO  : 'ps7_post_config' command is executed.
18:47:14 INFO  : Context for processor 'ps7_cortexa9_0' is selected.
18:47:15 INFO  : The application 'D:/FMCOMMS4_AD9364_Fifo_Tlast_FFT/Ws/FMCOMMS4_AD9364/Debug/FMCOMMS4_AD9364.elf' is downloaded to processor 'ps7_cortexa9_0'.
18:47:15 INFO  : 'configparams force-mem-access 0' command is executed.
18:47:15 INFO  : ----------------XSDB Script----------------
connect -url tcp:127.0.0.1:3121
targets -set -nocase -filter {name =~"APU*"}
rst -system
after 3000
targets -set -filter {jtag_cable_name =~ "Digilent Zed 210248BE0D85" && level==0 && jtag_device_ctx=="jsn-Zed-210248BE0D85-23727093-0"}
fpga -file D:/FMCOMMS4_AD9364_Fifo_Tlast_FFT/Ws/FMCOMMS4_AD9364/_ide/bitstream/system_top.bit
targets -set -nocase -filter {name =~"APU*"}
loadhw -hw D:/FMCOMMS4_AD9364_Fifo_Tlast_FFT/Ws/system_top/export/system_top/hw/system_top.xsa -mem-ranges [list {0x40000000 0xbfffffff}] -regs
configparams force-mem-access 1
targets -set -nocase -filter {name =~"APU*"}
source D:/FMCOMMS4_AD9364_Fifo_Tlast_FFT/Ws/FMCOMMS4_AD9364/_ide/psinit/ps7_init.tcl
ps7_init
ps7_post_config
targets -set -nocase -filter {name =~ "*A9*#0"}
dow D:/FMCOMMS4_AD9364_Fifo_Tlast_FFT/Ws/FMCOMMS4_AD9364/Debug/FMCOMMS4_AD9364.elf
configparams force-mem-access 0
----------------End of Script----------------

18:47:15 INFO  : Context for processor 'ps7_cortexa9_0' is selected.
18:47:15 INFO  : 'con' command is executed.
18:47:15 INFO  : ----------------XSDB Script (After Launch)----------------
targets -set -nocase -filter {name =~ "*A9*#0"}
con
----------------End of Script----------------

18:47:15 INFO  : Launch script is exported to file 'D:\FMCOMMS4_AD9364_Fifo_Tlast_FFT\Ws\FMCOMMS4_AD9364_system\_ide\scripts\debugger_fmcomms4_ad9364-default.tcl'
18:48:17 INFO  : Disconnected from the channel tcfchan#5.
18:48:18 INFO  : Connected to target on host '127.0.0.1' and port '3121'.
18:48:18 INFO  : Jtag cable 'Digilent Zed 210248BE0D85' is selected.
18:48:18 INFO  : 'jtag frequency' command is executed.
18:48:19 INFO  : Context for 'APU' is selected.
18:48:19 INFO  : System reset is completed.
18:48:22 INFO  : 'after 3000' command is executed.
18:48:22 INFO  : 'targets -set -filter {jtag_cable_name =~ "Digilent Zed 210248BE0D85" && level==0 && jtag_device_ctx=="jsn-Zed-210248BE0D85-23727093-0"}' command is executed.
18:48:25 INFO  : Device configured successfully with "D:/FMCOMMS4_AD9364_Fifo_Tlast_FFT/Ws/FMCOMMS4_AD9364/_ide/bitstream/system_top.bit"
18:48:25 INFO  : Context for 'APU' is selected.
18:48:25 INFO  : Hardware design and registers information is loaded from 'D:/FMCOMMS4_AD9364_Fifo_Tlast_FFT/Ws/system_top/export/system_top/hw/system_top.xsa'.
18:48:25 INFO  : 'configparams force-mem-access 1' command is executed.
18:48:25 INFO  : Context for 'APU' is selected.
18:48:25 INFO  : Sourcing of 'D:/FMCOMMS4_AD9364_Fifo_Tlast_FFT/Ws/FMCOMMS4_AD9364/_ide/psinit/ps7_init.tcl' is done.
18:48:25 INFO  : 'ps7_init' command is executed.
18:48:25 INFO  : 'ps7_post_config' command is executed.
18:48:25 INFO  : Context for processor 'ps7_cortexa9_0' is selected.
18:48:26 INFO  : The application 'D:/FMCOMMS4_AD9364_Fifo_Tlast_FFT/Ws/FMCOMMS4_AD9364/Debug/FMCOMMS4_AD9364.elf' is downloaded to processor 'ps7_cortexa9_0'.
18:48:26 INFO  : 'configparams force-mem-access 0' command is executed.
18:48:26 INFO  : ----------------XSDB Script----------------
connect -url tcp:127.0.0.1:3121
targets -set -nocase -filter {name =~"APU*"}
rst -system
after 3000
targets -set -filter {jtag_cable_name =~ "Digilent Zed 210248BE0D85" && level==0 && jtag_device_ctx=="jsn-Zed-210248BE0D85-23727093-0"}
fpga -file D:/FMCOMMS4_AD9364_Fifo_Tlast_FFT/Ws/FMCOMMS4_AD9364/_ide/bitstream/system_top.bit
targets -set -nocase -filter {name =~"APU*"}
loadhw -hw D:/FMCOMMS4_AD9364_Fifo_Tlast_FFT/Ws/system_top/export/system_top/hw/system_top.xsa -mem-ranges [list {0x40000000 0xbfffffff}] -regs
configparams force-mem-access 1
targets -set -nocase -filter {name =~"APU*"}
source D:/FMCOMMS4_AD9364_Fifo_Tlast_FFT/Ws/FMCOMMS4_AD9364/_ide/psinit/ps7_init.tcl
ps7_init
ps7_post_config
targets -set -nocase -filter {name =~ "*A9*#0"}
dow D:/FMCOMMS4_AD9364_Fifo_Tlast_FFT/Ws/FMCOMMS4_AD9364/Debug/FMCOMMS4_AD9364.elf
configparams force-mem-access 0
----------------End of Script----------------

18:48:26 INFO  : Context for processor 'ps7_cortexa9_0' is selected.
18:48:26 INFO  : 'con' command is executed.
18:48:26 INFO  : ----------------XSDB Script (After Launch)----------------
targets -set -nocase -filter {name =~ "*A9*#0"}
con
----------------End of Script----------------

18:48:26 INFO  : Launch script is exported to file 'D:\FMCOMMS4_AD9364_Fifo_Tlast_FFT\Ws\FMCOMMS4_AD9364_system\_ide\scripts\debugger_fmcomms4_ad9364-default.tcl'
19:27:04 INFO  : Hardware specification for platform project 'system_top' is updated.
19:27:39 INFO  : Result from executing command 'getProjects': system_top
19:27:39 INFO  : Result from executing command 'getPlatforms': system_top|D:/FMCOMMS4_AD9364_Fifo_Tlast_FFT/Ws/system_top/export/system_top/system_top.xpfm;xilinx_vck190_base_202310_1|D:/Vitis/2023.1/base_platforms/xilinx_vck190_base_202310_1/xilinx_vck190_base_202310_1.xpfm;xilinx_vck190_base_dfx_202310_1|D:/Vitis/2023.1/base_platforms/xilinx_vck190_base_dfx_202310_1/xilinx_vck190_base_dfx_202310_1.xpfm;xilinx_vek280_es1_base_202310_1|D:/Vitis/2023.1/base_platforms/xilinx_vek280_es1_base_202310_1/xilinx_vek280_es1_base_202310_1.xpfm;xilinx_vmk180_base_202310_1|D:/Vitis/2023.1/base_platforms/xilinx_vmk180_base_202310_1/xilinx_vmk180_base_202310_1.xpfm;xilinx_zcu102_base_202310_1|D:/Vitis/2023.1/base_platforms/xilinx_zcu102_base_202310_1/xilinx_zcu102_base_202310_1.xpfm;xilinx_zcu102_base_dfx_202310_1|D:/Vitis/2023.1/base_platforms/xilinx_zcu102_base_dfx_202310_1/xilinx_zcu102_base_dfx_202310_1.xpfm;xilinx_zcu104_base_202310_1|D:/Vitis/2023.1/base_platforms/xilinx_zcu104_base_202310_1/xilinx_zcu104_base_202310_1.xpfm
19:28:17 INFO  : Disconnected from the channel tcfchan#6.
19:28:18 INFO  : The hardware specification used by project 'FMCOMMS4_AD9364' is out of sync with the platform. Resource files extracted from the hardware specification will be updated.
19:28:18 INFO  : The file 'D:\FMCOMMS4_AD9364_Fifo_Tlast_FFT\Ws\FMCOMMS4_AD9364\_ide\bitstream\system_top.bit' stored in project is removed.
19:28:18 INFO  : The updated bitstream files are copied from platform to folder 'D:\FMCOMMS4_AD9364_Fifo_Tlast_FFT\Ws\FMCOMMS4_AD9364\_ide\bitstream' in project 'FMCOMMS4_AD9364'.
19:28:18 INFO  : The file 'D:\FMCOMMS4_AD9364_Fifo_Tlast_FFT\Ws\FMCOMMS4_AD9364\_ide\psinit\ps7_init.tcl' stored in project is removed.
19:28:23 INFO  : The updated ps init files are copied from platform to folder 'D:\FMCOMMS4_AD9364_Fifo_Tlast_FFT\Ws\FMCOMMS4_AD9364\_ide\psinit' in project 'FMCOMMS4_AD9364'.
19:28:23 INFO  : Connected to target on host '127.0.0.1' and port '3121'.
19:28:23 INFO  : Jtag cable 'Digilent Zed 210248BE0D85' is selected.
19:28:23 INFO  : 'jtag frequency' command is executed.
19:28:24 INFO  : Context for 'APU' is selected.
19:28:24 INFO  : System reset is completed.
19:28:27 INFO  : 'after 3000' command is executed.
19:28:27 INFO  : 'targets -set -filter {jtag_cable_name =~ "Digilent Zed 210248BE0D85" && level==0 && jtag_device_ctx=="jsn-Zed-210248BE0D85-23727093-0"}' command is executed.
19:28:29 INFO  : Device configured successfully with "D:/FMCOMMS4_AD9364_Fifo_Tlast_FFT/Ws/FMCOMMS4_AD9364/_ide/bitstream/system_top.bit"
19:28:29 INFO  : Context for 'APU' is selected.
19:28:29 INFO  : Hardware design and registers information is loaded from 'D:/FMCOMMS4_AD9364_Fifo_Tlast_FFT/Ws/system_top/export/system_top/hw/system_top.xsa'.
19:28:29 INFO  : 'configparams force-mem-access 1' command is executed.
19:28:29 INFO  : Context for 'APU' is selected.
19:28:29 INFO  : Sourcing of 'D:/FMCOMMS4_AD9364_Fifo_Tlast_FFT/Ws/FMCOMMS4_AD9364/_ide/psinit/ps7_init.tcl' is done.
19:28:29 INFO  : 'ps7_init' command is executed.
19:28:29 INFO  : 'ps7_post_config' command is executed.
19:28:29 INFO  : Context for processor 'ps7_cortexa9_0' is selected.
19:28:30 INFO  : The application 'D:/FMCOMMS4_AD9364_Fifo_Tlast_FFT/Ws/FMCOMMS4_AD9364/Debug/FMCOMMS4_AD9364.elf' is downloaded to processor 'ps7_cortexa9_0'.
19:28:30 INFO  : 'configparams force-mem-access 0' command is executed.
19:28:30 INFO  : ----------------XSDB Script----------------
connect -url tcp:127.0.0.1:3121
targets -set -nocase -filter {name =~"APU*"}
rst -system
after 3000
targets -set -filter {jtag_cable_name =~ "Digilent Zed 210248BE0D85" && level==0 && jtag_device_ctx=="jsn-Zed-210248BE0D85-23727093-0"}
fpga -file D:/FMCOMMS4_AD9364_Fifo_Tlast_FFT/Ws/FMCOMMS4_AD9364/_ide/bitstream/system_top.bit
targets -set -nocase -filter {name =~"APU*"}
loadhw -hw D:/FMCOMMS4_AD9364_Fifo_Tlast_FFT/Ws/system_top/export/system_top/hw/system_top.xsa -mem-ranges [list {0x40000000 0xbfffffff}] -regs
configparams force-mem-access 1
targets -set -nocase -filter {name =~"APU*"}
source D:/FMCOMMS4_AD9364_Fifo_Tlast_FFT/Ws/FMCOMMS4_AD9364/_ide/psinit/ps7_init.tcl
ps7_init
ps7_post_config
targets -set -nocase -filter {name =~ "*A9*#0"}
dow D:/FMCOMMS4_AD9364_Fifo_Tlast_FFT/Ws/FMCOMMS4_AD9364/Debug/FMCOMMS4_AD9364.elf
configparams force-mem-access 0
----------------End of Script----------------

19:28:30 INFO  : Context for processor 'ps7_cortexa9_0' is selected.
19:28:30 INFO  : 'con' command is executed.
19:28:30 INFO  : ----------------XSDB Script (After Launch)----------------
targets -set -nocase -filter {name =~ "*A9*#0"}
con
----------------End of Script----------------

19:28:30 INFO  : Launch script is exported to file 'D:\FMCOMMS4_AD9364_Fifo_Tlast_FFT\Ws\FMCOMMS4_AD9364_system\_ide\scripts\debugger_fmcomms4_ad9364-default.tcl'
19:47:12 INFO  : Hardware specification for platform project 'system_top' is updated.
19:47:38 INFO  : Result from executing command 'getProjects': system_top
19:47:38 INFO  : Result from executing command 'getPlatforms': system_top|D:/FMCOMMS4_AD9364_Fifo_Tlast_FFT/Ws/system_top/export/system_top/system_top.xpfm;xilinx_vck190_base_202310_1|D:/Vitis/2023.1/base_platforms/xilinx_vck190_base_202310_1/xilinx_vck190_base_202310_1.xpfm;xilinx_vck190_base_dfx_202310_1|D:/Vitis/2023.1/base_platforms/xilinx_vck190_base_dfx_202310_1/xilinx_vck190_base_dfx_202310_1.xpfm;xilinx_vek280_es1_base_202310_1|D:/Vitis/2023.1/base_platforms/xilinx_vek280_es1_base_202310_1/xilinx_vek280_es1_base_202310_1.xpfm;xilinx_vmk180_base_202310_1|D:/Vitis/2023.1/base_platforms/xilinx_vmk180_base_202310_1/xilinx_vmk180_base_202310_1.xpfm;xilinx_zcu102_base_202310_1|D:/Vitis/2023.1/base_platforms/xilinx_zcu102_base_202310_1/xilinx_zcu102_base_202310_1.xpfm;xilinx_zcu102_base_dfx_202310_1|D:/Vitis/2023.1/base_platforms/xilinx_zcu102_base_dfx_202310_1/xilinx_zcu102_base_dfx_202310_1.xpfm;xilinx_zcu104_base_202310_1|D:/Vitis/2023.1/base_platforms/xilinx_zcu104_base_202310_1/xilinx_zcu104_base_202310_1.xpfm
19:50:13 INFO  : Disconnected from the channel tcfchan#8.
19:50:14 INFO  : The hardware specification used by project 'FMCOMMS4_AD9364' is out of sync with the platform. Resource files extracted from the hardware specification will be updated.
19:50:14 INFO  : The file 'D:\FMCOMMS4_AD9364_Fifo_Tlast_FFT\Ws\FMCOMMS4_AD9364\_ide\bitstream\system_top.bit' stored in project is removed.
19:50:14 INFO  : The updated bitstream files are copied from platform to folder 'D:\FMCOMMS4_AD9364_Fifo_Tlast_FFT\Ws\FMCOMMS4_AD9364\_ide\bitstream' in project 'FMCOMMS4_AD9364'.
19:50:14 INFO  : The file 'D:\FMCOMMS4_AD9364_Fifo_Tlast_FFT\Ws\FMCOMMS4_AD9364\_ide\psinit\ps7_init.tcl' stored in project is removed.
19:50:19 INFO  : The updated ps init files are copied from platform to folder 'D:\FMCOMMS4_AD9364_Fifo_Tlast_FFT\Ws\FMCOMMS4_AD9364\_ide\psinit' in project 'FMCOMMS4_AD9364'.
19:50:19 INFO  : Connected to target on host '127.0.0.1' and port '3121'.
19:50:20 INFO  : Jtag cable 'Digilent Zed 210248BE0D85' is selected.
19:50:20 INFO  : 'jtag frequency' command is executed.
19:50:20 INFO  : Context for 'APU' is selected.
19:50:20 INFO  : System reset is completed.
19:50:23 INFO  : 'after 3000' command is executed.
19:50:23 INFO  : 'targets -set -filter {jtag_cable_name =~ "Digilent Zed 210248BE0D85" && level==0 && jtag_device_ctx=="jsn-Zed-210248BE0D85-23727093-0"}' command is executed.
19:50:25 INFO  : Device configured successfully with "D:/FMCOMMS4_AD9364_Fifo_Tlast_FFT/Ws/FMCOMMS4_AD9364/_ide/bitstream/system_top.bit"
19:50:25 INFO  : Context for 'APU' is selected.
19:50:25 INFO  : Hardware design and registers information is loaded from 'D:/FMCOMMS4_AD9364_Fifo_Tlast_FFT/Ws/system_top/export/system_top/hw/system_top.xsa'.
19:50:25 INFO  : 'configparams force-mem-access 1' command is executed.
19:50:25 INFO  : Context for 'APU' is selected.
19:50:25 INFO  : Sourcing of 'D:/FMCOMMS4_AD9364_Fifo_Tlast_FFT/Ws/FMCOMMS4_AD9364/_ide/psinit/ps7_init.tcl' is done.
19:50:26 INFO  : 'ps7_init' command is executed.
19:50:26 INFO  : 'ps7_post_config' command is executed.
19:50:26 INFO  : Context for processor 'ps7_cortexa9_0' is selected.
19:50:26 INFO  : The application 'D:/FMCOMMS4_AD9364_Fifo_Tlast_FFT/Ws/FMCOMMS4_AD9364/Debug/FMCOMMS4_AD9364.elf' is downloaded to processor 'ps7_cortexa9_0'.
19:50:26 INFO  : 'configparams force-mem-access 0' command is executed.
19:50:26 INFO  : ----------------XSDB Script----------------
connect -url tcp:127.0.0.1:3121
targets -set -nocase -filter {name =~"APU*"}
rst -system
after 3000
targets -set -filter {jtag_cable_name =~ "Digilent Zed 210248BE0D85" && level==0 && jtag_device_ctx=="jsn-Zed-210248BE0D85-23727093-0"}
fpga -file D:/FMCOMMS4_AD9364_Fifo_Tlast_FFT/Ws/FMCOMMS4_AD9364/_ide/bitstream/system_top.bit
targets -set -nocase -filter {name =~"APU*"}
loadhw -hw D:/FMCOMMS4_AD9364_Fifo_Tlast_FFT/Ws/system_top/export/system_top/hw/system_top.xsa -mem-ranges [list {0x40000000 0xbfffffff}] -regs
configparams force-mem-access 1
targets -set -nocase -filter {name =~"APU*"}
source D:/FMCOMMS4_AD9364_Fifo_Tlast_FFT/Ws/FMCOMMS4_AD9364/_ide/psinit/ps7_init.tcl
ps7_init
ps7_post_config
targets -set -nocase -filter {name =~ "*A9*#0"}
dow D:/FMCOMMS4_AD9364_Fifo_Tlast_FFT/Ws/FMCOMMS4_AD9364/Debug/FMCOMMS4_AD9364.elf
configparams force-mem-access 0
----------------End of Script----------------

19:50:26 INFO  : Context for processor 'ps7_cortexa9_0' is selected.
19:50:26 INFO  : 'con' command is executed.
19:50:26 INFO  : ----------------XSDB Script (After Launch)----------------
targets -set -nocase -filter {name =~ "*A9*#0"}
con
----------------End of Script----------------

19:50:26 INFO  : Launch script is exported to file 'D:\FMCOMMS4_AD9364_Fifo_Tlast_FFT\Ws\FMCOMMS4_AD9364_system\_ide\scripts\debugger_fmcomms4_ad9364-default.tcl'
19:59:15 INFO  : Checking for BSP changes to sync application flags for project 'FMCOMMS4_AD9364'...
19:59:30 INFO  : Checking for BSP changes to sync application flags for project 'FMCOMMS4_AD9364'...
19:59:49 INFO  : Disconnected from the channel tcfchan#10.
19:59:50 INFO  : Connected to target on host '127.0.0.1' and port '3121'.
19:59:50 INFO  : Jtag cable 'Digilent Zed 210248BE0D85' is selected.
19:59:50 INFO  : 'jtag frequency' command is executed.
19:59:50 INFO  : Context for 'APU' is selected.
19:59:50 INFO  : System reset is completed.
19:59:53 INFO  : 'after 3000' command is executed.
19:59:53 INFO  : 'targets -set -filter {jtag_cable_name =~ "Digilent Zed 210248BE0D85" && level==0 && jtag_device_ctx=="jsn-Zed-210248BE0D85-23727093-0"}' command is executed.
19:59:56 INFO  : Device configured successfully with "D:/FMCOMMS4_AD9364_Fifo_Tlast_FFT/Ws/FMCOMMS4_AD9364/_ide/bitstream/system_top.bit"
19:59:56 INFO  : Context for 'APU' is selected.
19:59:56 INFO  : Hardware design and registers information is loaded from 'D:/FMCOMMS4_AD9364_Fifo_Tlast_FFT/Ws/system_top/export/system_top/hw/system_top.xsa'.
19:59:56 INFO  : 'configparams force-mem-access 1' command is executed.
19:59:56 INFO  : Context for 'APU' is selected.
19:59:56 INFO  : Sourcing of 'D:/FMCOMMS4_AD9364_Fifo_Tlast_FFT/Ws/FMCOMMS4_AD9364/_ide/psinit/ps7_init.tcl' is done.
19:59:56 INFO  : 'ps7_init' command is executed.
19:59:56 INFO  : 'ps7_post_config' command is executed.
19:59:56 INFO  : Context for processor 'ps7_cortexa9_0' is selected.
19:59:57 INFO  : The application 'D:/FMCOMMS4_AD9364_Fifo_Tlast_FFT/Ws/FMCOMMS4_AD9364/Debug/FMCOMMS4_AD9364.elf' is downloaded to processor 'ps7_cortexa9_0'.
19:59:57 INFO  : 'configparams force-mem-access 0' command is executed.
19:59:57 INFO  : ----------------XSDB Script----------------
connect -url tcp:127.0.0.1:3121
targets -set -nocase -filter {name =~"APU*"}
rst -system
after 3000
targets -set -filter {jtag_cable_name =~ "Digilent Zed 210248BE0D85" && level==0 && jtag_device_ctx=="jsn-Zed-210248BE0D85-23727093-0"}
fpga -file D:/FMCOMMS4_AD9364_Fifo_Tlast_FFT/Ws/FMCOMMS4_AD9364/_ide/bitstream/system_top.bit
targets -set -nocase -filter {name =~"APU*"}
loadhw -hw D:/FMCOMMS4_AD9364_Fifo_Tlast_FFT/Ws/system_top/export/system_top/hw/system_top.xsa -mem-ranges [list {0x40000000 0xbfffffff}] -regs
configparams force-mem-access 1
targets -set -nocase -filter {name =~"APU*"}
source D:/FMCOMMS4_AD9364_Fifo_Tlast_FFT/Ws/FMCOMMS4_AD9364/_ide/psinit/ps7_init.tcl
ps7_init
ps7_post_config
targets -set -nocase -filter {name =~ "*A9*#0"}
dow D:/FMCOMMS4_AD9364_Fifo_Tlast_FFT/Ws/FMCOMMS4_AD9364/Debug/FMCOMMS4_AD9364.elf
configparams force-mem-access 0
----------------End of Script----------------

19:59:57 INFO  : Context for processor 'ps7_cortexa9_0' is selected.
19:59:57 INFO  : 'con' command is executed.
19:59:57 INFO  : ----------------XSDB Script (After Launch)----------------
targets -set -nocase -filter {name =~ "*A9*#0"}
con
----------------End of Script----------------

19:59:57 INFO  : Launch script is exported to file 'D:\FMCOMMS4_AD9364_Fifo_Tlast_FFT\Ws\FMCOMMS4_AD9364_system\_ide\scripts\debugger_fmcomms4_ad9364-default.tcl'
20:00:33 INFO  : Disconnected from the channel tcfchan#13.
20:00:34 INFO  : Connected to target on host '127.0.0.1' and port '3121'.
20:00:43 INFO  : ----------------XSDB Script----------------
connect -url tcp:127.0.0.1:3121
----------------End of Script----------------

20:00:43 ERROR : Could not find Jtag device on the board for connection 'Local'.


Troubleshooting hints:
1. Check whether board is connected to system properly.
2. In case of zynq board, check whether Digilent/Xilinx cable switch settings are correct.
3. If you are using Xilinx Platform Cable USB, ensure that status LED is green.
20:00:50 INFO  : Connected to target on host '127.0.0.1' and port '3121'.
20:00:50 INFO  : Jtag cable 'Digilent Zed 210248BE0D85' is selected.
20:00:50 INFO  : 'jtag frequency' command is executed.
20:00:50 INFO  : Context for 'APU' is selected.
20:00:50 INFO  : System reset is completed.
20:00:53 INFO  : 'after 3000' command is executed.
20:00:53 INFO  : 'targets -set -filter {jtag_cable_name =~ "Digilent Zed 210248BE0D85" && level==0 && jtag_device_ctx=="jsn-Zed-210248BE0D85-23727093-0"}' command is executed.
20:00:55 INFO  : Device configured successfully with "D:/FMCOMMS4_AD9364_Fifo_Tlast_FFT/Ws/FMCOMMS4_AD9364/_ide/bitstream/system_top.bit"
20:00:55 INFO  : Context for 'APU' is selected.
20:00:55 INFO  : Hardware design and registers information is loaded from 'D:/FMCOMMS4_AD9364_Fifo_Tlast_FFT/Ws/system_top/export/system_top/hw/system_top.xsa'.
20:00:55 INFO  : 'configparams force-mem-access 1' command is executed.
20:00:55 INFO  : Context for 'APU' is selected.
20:00:55 INFO  : Sourcing of 'D:/FMCOMMS4_AD9364_Fifo_Tlast_FFT/Ws/FMCOMMS4_AD9364/_ide/psinit/ps7_init.tcl' is done.
20:00:56 INFO  : 'ps7_init' command is executed.
20:00:56 INFO  : 'ps7_post_config' command is executed.
20:00:56 INFO  : Context for processor 'ps7_cortexa9_0' is selected.
20:00:56 INFO  : The application 'D:/FMCOMMS4_AD9364_Fifo_Tlast_FFT/Ws/FMCOMMS4_AD9364/Debug/FMCOMMS4_AD9364.elf' is downloaded to processor 'ps7_cortexa9_0'.
20:00:56 INFO  : 'configparams force-mem-access 0' command is executed.
20:00:56 INFO  : ----------------XSDB Script----------------
connect -url tcp:127.0.0.1:3121
targets -set -nocase -filter {name =~"APU*"}
rst -system
after 3000
targets -set -filter {jtag_cable_name =~ "Digilent Zed 210248BE0D85" && level==0 && jtag_device_ctx=="jsn-Zed-210248BE0D85-23727093-0"}
fpga -file D:/FMCOMMS4_AD9364_Fifo_Tlast_FFT/Ws/FMCOMMS4_AD9364/_ide/bitstream/system_top.bit
targets -set -nocase -filter {name =~"APU*"}
loadhw -hw D:/FMCOMMS4_AD9364_Fifo_Tlast_FFT/Ws/system_top/export/system_top/hw/system_top.xsa -mem-ranges [list {0x40000000 0xbfffffff}] -regs
configparams force-mem-access 1
targets -set -nocase -filter {name =~"APU*"}
source D:/FMCOMMS4_AD9364_Fifo_Tlast_FFT/Ws/FMCOMMS4_AD9364/_ide/psinit/ps7_init.tcl
ps7_init
ps7_post_config
targets -set -nocase -filter {name =~ "*A9*#0"}
dow D:/FMCOMMS4_AD9364_Fifo_Tlast_FFT/Ws/FMCOMMS4_AD9364/Debug/FMCOMMS4_AD9364.elf
configparams force-mem-access 0
----------------End of Script----------------

20:00:57 INFO  : Context for processor 'ps7_cortexa9_0' is selected.
20:00:57 INFO  : 'con' command is executed.
20:00:57 INFO  : ----------------XSDB Script (After Launch)----------------
targets -set -nocase -filter {name =~ "*A9*#0"}
con
----------------End of Script----------------

20:00:57 INFO  : Launch script is exported to file 'D:\FMCOMMS4_AD9364_Fifo_Tlast_FFT\Ws\FMCOMMS4_AD9364_system\_ide\scripts\debugger_fmcomms4_ad9364-default.tcl'
20:01:18 INFO  : Disconnected from the channel tcfchan#14.
20:01:19 INFO  : Connected to target on host '127.0.0.1' and port '3121'.
20:01:19 INFO  : Jtag cable 'Digilent Zed 210248BE0D85' is selected.
20:01:19 ERROR : port closed
20:01:19 INFO  : ----------------XSDB Script----------------
connect -url tcp:127.0.0.1:3121
----------------End of Script----------------

20:01:19 ERROR : port closed
20:01:24 INFO  : Connected to target on host '127.0.0.1' and port '3121'.
20:01:25 INFO  : Jtag cable 'Digilent Zed 210248BE0D85' is selected.
20:01:25 INFO  : 'jtag frequency' command is executed.
20:01:25 INFO  : Context for 'APU' is selected.
20:01:25 INFO  : System reset is completed.
20:01:28 INFO  : 'after 3000' command is executed.
20:01:28 INFO  : 'targets -set -filter {jtag_cable_name =~ "Digilent Zed 210248BE0D85" && level==0 && jtag_device_ctx=="jsn-Zed-210248BE0D85-23727093-0"}' command is executed.
20:01:30 INFO  : Device configured successfully with "D:/FMCOMMS4_AD9364_Fifo_Tlast_FFT/Ws/FMCOMMS4_AD9364/_ide/bitstream/system_top.bit"
20:01:30 INFO  : Context for 'APU' is selected.
20:01:30 INFO  : Hardware design and registers information is loaded from 'D:/FMCOMMS4_AD9364_Fifo_Tlast_FFT/Ws/system_top/export/system_top/hw/system_top.xsa'.
20:01:30 INFO  : 'configparams force-mem-access 1' command is executed.
20:01:30 INFO  : Context for 'APU' is selected.
20:01:30 INFO  : Sourcing of 'D:/FMCOMMS4_AD9364_Fifo_Tlast_FFT/Ws/FMCOMMS4_AD9364/_ide/psinit/ps7_init.tcl' is done.
20:01:30 INFO  : 'ps7_init' command is executed.
20:01:30 INFO  : 'ps7_post_config' command is executed.
20:01:30 INFO  : Context for processor 'ps7_cortexa9_0' is selected.
20:01:31 INFO  : The application 'D:/FMCOMMS4_AD9364_Fifo_Tlast_FFT/Ws/FMCOMMS4_AD9364/Debug/FMCOMMS4_AD9364.elf' is downloaded to processor 'ps7_cortexa9_0'.
20:01:31 INFO  : 'configparams force-mem-access 0' command is executed.
20:01:31 INFO  : ----------------XSDB Script----------------
connect -url tcp:127.0.0.1:3121
targets -set -nocase -filter {name =~"APU*"}
rst -system
after 3000
targets -set -filter {jtag_cable_name =~ "Digilent Zed 210248BE0D85" && level==0 && jtag_device_ctx=="jsn-Zed-210248BE0D85-23727093-0"}
fpga -file D:/FMCOMMS4_AD9364_Fifo_Tlast_FFT/Ws/FMCOMMS4_AD9364/_ide/bitstream/system_top.bit
targets -set -nocase -filter {name =~"APU*"}
loadhw -hw D:/FMCOMMS4_AD9364_Fifo_Tlast_FFT/Ws/system_top/export/system_top/hw/system_top.xsa -mem-ranges [list {0x40000000 0xbfffffff}] -regs
configparams force-mem-access 1
targets -set -nocase -filter {name =~"APU*"}
source D:/FMCOMMS4_AD9364_Fifo_Tlast_FFT/Ws/FMCOMMS4_AD9364/_ide/psinit/ps7_init.tcl
ps7_init
ps7_post_config
targets -set -nocase -filter {name =~ "*A9*#0"}
dow D:/FMCOMMS4_AD9364_Fifo_Tlast_FFT/Ws/FMCOMMS4_AD9364/Debug/FMCOMMS4_AD9364.elf
configparams force-mem-access 0
----------------End of Script----------------

20:01:31 INFO  : Context for processor 'ps7_cortexa9_0' is selected.
20:01:31 INFO  : 'con' command is executed.
20:01:31 INFO  : ----------------XSDB Script (After Launch)----------------
targets -set -nocase -filter {name =~ "*A9*#0"}
con
----------------End of Script----------------

20:01:31 INFO  : Launch script is exported to file 'D:\FMCOMMS4_AD9364_Fifo_Tlast_FFT\Ws\FMCOMMS4_AD9364_system\_ide\scripts\debugger_fmcomms4_ad9364-default.tcl'
20:01:44 INFO  : Disconnected from the channel tcfchan#15.
20:01:45 INFO  : Connected to target on host '127.0.0.1' and port '3121'.
20:01:45 INFO  : Jtag cable 'Digilent Zed 210248BE0D85' is selected.
20:01:45 INFO  : 'jtag frequency' command is executed.
20:01:45 INFO  : Context for 'APU' is selected.
20:01:45 INFO  : System reset is completed.
20:01:48 INFO  : 'after 3000' command is executed.
20:01:48 INFO  : 'targets -set -filter {jtag_cable_name =~ "Digilent Zed 210248BE0D85" && level==0 && jtag_device_ctx=="jsn-Zed-210248BE0D85-23727093-0"}' command is executed.
20:01:50 INFO  : Device configured successfully with "D:/FMCOMMS4_AD9364_Fifo_Tlast_FFT/Ws/FMCOMMS4_AD9364/_ide/bitstream/system_top.bit"
20:01:51 INFO  : Context for 'APU' is selected.
20:01:51 INFO  : Hardware design and registers information is loaded from 'D:/FMCOMMS4_AD9364_Fifo_Tlast_FFT/Ws/system_top/export/system_top/hw/system_top.xsa'.
20:01:51 INFO  : 'configparams force-mem-access 1' command is executed.
20:01:51 INFO  : Context for 'APU' is selected.
20:01:51 INFO  : Sourcing of 'D:/FMCOMMS4_AD9364_Fifo_Tlast_FFT/Ws/FMCOMMS4_AD9364/_ide/psinit/ps7_init.tcl' is done.
20:01:51 INFO  : 'ps7_init' command is executed.
20:01:51 INFO  : 'ps7_post_config' command is executed.
20:01:51 INFO  : Context for processor 'ps7_cortexa9_0' is selected.
20:01:51 INFO  : The application 'D:/FMCOMMS4_AD9364_Fifo_Tlast_FFT/Ws/FMCOMMS4_AD9364/Debug/FMCOMMS4_AD9364.elf' is downloaded to processor 'ps7_cortexa9_0'.
20:01:51 INFO  : 'configparams force-mem-access 0' command is executed.
20:01:51 INFO  : ----------------XSDB Script----------------
connect -url tcp:127.0.0.1:3121
targets -set -nocase -filter {name =~"APU*"}
rst -system
after 3000
targets -set -filter {jtag_cable_name =~ "Digilent Zed 210248BE0D85" && level==0 && jtag_device_ctx=="jsn-Zed-210248BE0D85-23727093-0"}
fpga -file D:/FMCOMMS4_AD9364_Fifo_Tlast_FFT/Ws/FMCOMMS4_AD9364/_ide/bitstream/system_top.bit
targets -set -nocase -filter {name =~"APU*"}
loadhw -hw D:/FMCOMMS4_AD9364_Fifo_Tlast_FFT/Ws/system_top/export/system_top/hw/system_top.xsa -mem-ranges [list {0x40000000 0xbfffffff}] -regs
configparams force-mem-access 1
targets -set -nocase -filter {name =~"APU*"}
source D:/FMCOMMS4_AD9364_Fifo_Tlast_FFT/Ws/FMCOMMS4_AD9364/_ide/psinit/ps7_init.tcl
ps7_init
ps7_post_config
targets -set -nocase -filter {name =~ "*A9*#0"}
dow D:/FMCOMMS4_AD9364_Fifo_Tlast_FFT/Ws/FMCOMMS4_AD9364/Debug/FMCOMMS4_AD9364.elf
configparams force-mem-access 0
----------------End of Script----------------

20:01:52 INFO  : Context for processor 'ps7_cortexa9_0' is selected.
20:01:52 INFO  : 'con' command is executed.
20:01:52 INFO  : ----------------XSDB Script (After Launch)----------------
targets -set -nocase -filter {name =~ "*A9*#0"}
con
----------------End of Script----------------

20:01:52 INFO  : Launch script is exported to file 'D:\FMCOMMS4_AD9364_Fifo_Tlast_FFT\Ws\FMCOMMS4_AD9364_system\_ide\scripts\debugger_fmcomms4_ad9364-default.tcl'
20:13:10 INFO  : Checking for BSP changes to sync application flags for project 'FMCOMMS4_AD9364'...
20:14:12 INFO  : Checking for BSP changes to sync application flags for project 'FMCOMMS4_AD9364'...
20:14:32 INFO  : Disconnected from the channel tcfchan#16.
20:14:33 INFO  : Connected to target on host '127.0.0.1' and port '3121'.
20:14:33 INFO  : Jtag cable 'Digilent Zed 210248BE0D85' is selected.
20:14:33 INFO  : 'jtag frequency' command is executed.
20:14:33 INFO  : Context for 'APU' is selected.
20:14:33 INFO  : System reset is completed.
20:14:36 INFO  : 'after 3000' command is executed.
20:14:36 INFO  : 'targets -set -filter {jtag_cable_name =~ "Digilent Zed 210248BE0D85" && level==0 && jtag_device_ctx=="jsn-Zed-210248BE0D85-23727093-0"}' command is executed.
20:14:39 INFO  : Device configured successfully with "D:/FMCOMMS4_AD9364_Fifo_Tlast_FFT/Ws/FMCOMMS4_AD9364/_ide/bitstream/system_top.bit"
20:14:39 INFO  : Context for 'APU' is selected.
20:14:39 INFO  : Hardware design and registers information is loaded from 'D:/FMCOMMS4_AD9364_Fifo_Tlast_FFT/Ws/system_top/export/system_top/hw/system_top.xsa'.
20:14:39 INFO  : 'configparams force-mem-access 1' command is executed.
20:14:39 INFO  : Context for 'APU' is selected.
20:14:39 INFO  : Sourcing of 'D:/FMCOMMS4_AD9364_Fifo_Tlast_FFT/Ws/FMCOMMS4_AD9364/_ide/psinit/ps7_init.tcl' is done.
20:14:39 INFO  : 'ps7_init' command is executed.
20:14:39 INFO  : 'ps7_post_config' command is executed.
20:14:39 INFO  : Context for processor 'ps7_cortexa9_0' is selected.
20:14:40 INFO  : The application 'D:/FMCOMMS4_AD9364_Fifo_Tlast_FFT/Ws/FMCOMMS4_AD9364/Debug/FMCOMMS4_AD9364.elf' is downloaded to processor 'ps7_cortexa9_0'.
20:14:40 INFO  : 'configparams force-mem-access 0' command is executed.
20:14:40 INFO  : ----------------XSDB Script----------------
connect -url tcp:127.0.0.1:3121
targets -set -nocase -filter {name =~"APU*"}
rst -system
after 3000
targets -set -filter {jtag_cable_name =~ "Digilent Zed 210248BE0D85" && level==0 && jtag_device_ctx=="jsn-Zed-210248BE0D85-23727093-0"}
fpga -file D:/FMCOMMS4_AD9364_Fifo_Tlast_FFT/Ws/FMCOMMS4_AD9364/_ide/bitstream/system_top.bit
targets -set -nocase -filter {name =~"APU*"}
loadhw -hw D:/FMCOMMS4_AD9364_Fifo_Tlast_FFT/Ws/system_top/export/system_top/hw/system_top.xsa -mem-ranges [list {0x40000000 0xbfffffff}] -regs
configparams force-mem-access 1
targets -set -nocase -filter {name =~"APU*"}
source D:/FMCOMMS4_AD9364_Fifo_Tlast_FFT/Ws/FMCOMMS4_AD9364/_ide/psinit/ps7_init.tcl
ps7_init
ps7_post_config
targets -set -nocase -filter {name =~ "*A9*#0"}
dow D:/FMCOMMS4_AD9364_Fifo_Tlast_FFT/Ws/FMCOMMS4_AD9364/Debug/FMCOMMS4_AD9364.elf
configparams force-mem-access 0
----------------End of Script----------------

20:14:40 INFO  : Context for processor 'ps7_cortexa9_0' is selected.
20:14:40 INFO  : 'con' command is executed.
20:14:40 INFO  : ----------------XSDB Script (After Launch)----------------
targets -set -nocase -filter {name =~ "*A9*#0"}
con
----------------End of Script----------------

20:14:40 INFO  : Launch script is exported to file 'D:\FMCOMMS4_AD9364_Fifo_Tlast_FFT\Ws\FMCOMMS4_AD9364_system\_ide\scripts\debugger_fmcomms4_ad9364-default.tcl'
20:16:22 INFO  : Disconnected from the channel tcfchan#18.
20:16:23 INFO  : Connected to target on host '127.0.0.1' and port '3121'.
20:16:33 INFO  : ----------------XSDB Script----------------
connect -url tcp:127.0.0.1:3121
----------------End of Script----------------

20:16:33 ERROR : Could not find Jtag device on the board for connection 'Local'.


Troubleshooting hints:
1. Check whether board is connected to system properly.
2. In case of zynq board, check whether Digilent/Xilinx cable switch settings are correct.
3. If you are using Xilinx Platform Cable USB, ensure that status LED is green.
20:16:35 INFO  : Connected to target on host '127.0.0.1' and port '3121'.
20:16:35 INFO  : Jtag cable 'Digilent Zed 210248BE0D85' is selected.
20:16:35 INFO  : 'jtag frequency' command is executed.
20:16:35 INFO  : Context for 'APU' is selected.
20:16:35 INFO  : System reset is completed.
20:16:39 INFO  : 'after 3000' command is executed.
20:16:39 INFO  : 'targets -set -filter {jtag_cable_name =~ "Digilent Zed 210248BE0D85" && level==0 && jtag_device_ctx=="jsn-Zed-210248BE0D85-23727093-0"}' command is executed.
20:16:41 INFO  : Device configured successfully with "D:/FMCOMMS4_AD9364_Fifo_Tlast_FFT/Ws/FMCOMMS4_AD9364/_ide/bitstream/system_top.bit"
20:16:41 INFO  : Connected to target on host '127.0.0.1' and port '3121'.
20:16:41 INFO  : Context for 'APU' is selected.
20:16:41 INFO  : Hardware design and registers information is loaded from 'D:/FMCOMMS4_AD9364_Fifo_Tlast_FFT/Ws/system_top/export/system_top/hw/system_top.xsa'.
20:16:41 INFO  : 'configparams force-mem-access 1' command is executed.
20:16:41 INFO  : Context for 'APU' is selected.
20:16:41 INFO  : Sourcing of 'D:/FMCOMMS4_AD9364_Fifo_Tlast_FFT/Ws/FMCOMMS4_AD9364/_ide/psinit/ps7_init.tcl' is done.
20:16:41 INFO  : 'ps7_init' command is executed.
20:16:41 INFO  : 'ps7_post_config' command is executed.
20:16:41 INFO  : Context for processor 'ps7_cortexa9_0' is selected.
20:16:42 INFO  : The application 'D:/FMCOMMS4_AD9364_Fifo_Tlast_FFT/Ws/FMCOMMS4_AD9364/Debug/FMCOMMS4_AD9364.elf' is downloaded to processor 'ps7_cortexa9_0'.
20:16:42 INFO  : 'configparams force-mem-access 0' command is executed.
20:16:42 INFO  : ----------------XSDB Script----------------
connect -url tcp:127.0.0.1:3121
targets -set -nocase -filter {name =~"APU*"}
rst -system
after 3000
targets -set -filter {jtag_cable_name =~ "Digilent Zed 210248BE0D85" && level==0 && jtag_device_ctx=="jsn-Zed-210248BE0D85-23727093-0"}
fpga -file D:/FMCOMMS4_AD9364_Fifo_Tlast_FFT/Ws/FMCOMMS4_AD9364/_ide/bitstream/system_top.bit
targets -set -nocase -filter {name =~"APU*"}
loadhw -hw D:/FMCOMMS4_AD9364_Fifo_Tlast_FFT/Ws/system_top/export/system_top/hw/system_top.xsa -mem-ranges [list {0x40000000 0xbfffffff}] -regs
configparams force-mem-access 1
targets -set -nocase -filter {name =~"APU*"}
source D:/FMCOMMS4_AD9364_Fifo_Tlast_FFT/Ws/FMCOMMS4_AD9364/_ide/psinit/ps7_init.tcl
ps7_init
ps7_post_config
targets -set -nocase -filter {name =~ "*A9*#0"}
dow D:/FMCOMMS4_AD9364_Fifo_Tlast_FFT/Ws/FMCOMMS4_AD9364/Debug/FMCOMMS4_AD9364.elf
configparams force-mem-access 0
----------------End of Script----------------

20:16:42 INFO  : Jtag cable 'Digilent Zed 210248BE0D85' is selected.
20:16:42 INFO  : Context for processor 'ps7_cortexa9_0' is selected.
20:16:42 INFO  : 'jtag frequency' command is executed.
20:16:42 INFO  : 'con' command is executed.
20:16:42 INFO  : ----------------XSDB Script (After Launch)----------------
targets -set -nocase -filter {name =~ "*A9*#0"}
con
----------------End of Script----------------

20:16:42 INFO  : Launch script is exported to file 'D:\FMCOMMS4_AD9364_Fifo_Tlast_FFT\Ws\FMCOMMS4_AD9364_system\_ide\scripts\debugger_fmcomms4_ad9364-default.tcl'
20:16:42 INFO  : Context for 'APU' is selected.
20:16:42 INFO  : System reset is completed.
20:16:45 INFO  : 'after 3000' command is executed.
20:16:46 INFO  : 'targets -set -filter {jtag_cable_name =~ "Digilent Zed 210248BE0D85" && level==0 && jtag_device_ctx=="jsn-Zed-210248BE0D85-23727093-0"}' command is executed.
20:16:48 INFO  : Device configured successfully with "D:/FMCOMMS4_AD9364_Fifo_Tlast_FFT/Ws/FMCOMMS4_AD9364/_ide/bitstream/system_top.bit"
20:16:48 INFO  : Context for 'APU' is selected.
20:16:48 INFO  : Hardware design and registers information is loaded from 'D:/FMCOMMS4_AD9364_Fifo_Tlast_FFT/Ws/system_top/export/system_top/hw/system_top.xsa'.
20:16:48 INFO  : 'configparams force-mem-access 1' command is executed.
20:16:48 INFO  : Context for 'APU' is selected.
20:16:48 INFO  : Sourcing of 'D:/FMCOMMS4_AD9364_Fifo_Tlast_FFT/Ws/FMCOMMS4_AD9364/_ide/psinit/ps7_init.tcl' is done.
20:16:48 INFO  : 'ps7_init' command is executed.
20:16:48 INFO  : 'ps7_post_config' command is executed.
20:16:48 INFO  : Context for processor 'ps7_cortexa9_0' is selected.
20:16:49 INFO  : The application 'D:/FMCOMMS4_AD9364_Fifo_Tlast_FFT/Ws/FMCOMMS4_AD9364/Debug/FMCOMMS4_AD9364.elf' is downloaded to processor 'ps7_cortexa9_0'.
20:16:49 INFO  : 'configparams force-mem-access 0' command is executed.
20:16:49 INFO  : ----------------XSDB Script----------------
connect -url tcp:127.0.0.1:3121
targets -set -nocase -filter {name =~"APU*"}
rst -system
after 3000
targets -set -filter {jtag_cable_name =~ "Digilent Zed 210248BE0D85" && level==0 && jtag_device_ctx=="jsn-Zed-210248BE0D85-23727093-0"}
fpga -file D:/FMCOMMS4_AD9364_Fifo_Tlast_FFT/Ws/FMCOMMS4_AD9364/_ide/bitstream/system_top.bit
targets -set -nocase -filter {name =~"APU*"}
loadhw -hw D:/FMCOMMS4_AD9364_Fifo_Tlast_FFT/Ws/system_top/export/system_top/hw/system_top.xsa -mem-ranges [list {0x40000000 0xbfffffff}] -regs
configparams force-mem-access 1
targets -set -nocase -filter {name =~"APU*"}
source D:/FMCOMMS4_AD9364_Fifo_Tlast_FFT/Ws/FMCOMMS4_AD9364/_ide/psinit/ps7_init.tcl
ps7_init
ps7_post_config
targets -set -nocase -filter {name =~ "*A9*#0"}
dow D:/FMCOMMS4_AD9364_Fifo_Tlast_FFT/Ws/FMCOMMS4_AD9364/Debug/FMCOMMS4_AD9364.elf
configparams force-mem-access 0
----------------End of Script----------------

20:16:49 INFO  : Context for processor 'ps7_cortexa9_0' is selected.
20:16:49 INFO  : 'con' command is executed.
20:16:49 INFO  : ----------------XSDB Script (After Launch)----------------
targets -set -nocase -filter {name =~ "*A9*#0"}
con
----------------End of Script----------------

20:16:49 INFO  : Launch script is exported to file 'D:\FMCOMMS4_AD9364_Fifo_Tlast_FFT\Ws\FMCOMMS4_AD9364_system\_ide\scripts\debugger_fmcomms4_ad9364-default.tcl'
20:17:05 INFO  : Disconnected from the channel tcfchan#19.
20:17:06 INFO  : Connected to target on host '127.0.0.1' and port '3121'.
20:17:06 INFO  : Jtag cable 'Digilent Zed 210248BE0D85' is selected.
20:17:06 INFO  : 'jtag frequency' command is executed.
20:17:06 INFO  : Context for 'APU' is selected.
20:17:06 INFO  : System reset is completed.
20:17:09 INFO  : 'after 3000' command is executed.
20:17:09 INFO  : 'targets -set -filter {jtag_cable_name =~ "Digilent Zed 210248BE0D85" && level==0 && jtag_device_ctx=="jsn-Zed-210248BE0D85-23727093-0"}' command is executed.
20:17:12 INFO  : Device configured successfully with "D:/FMCOMMS4_AD9364_Fifo_Tlast_FFT/Ws/FMCOMMS4_AD9364/_ide/bitstream/system_top.bit"
20:17:12 INFO  : Context for 'APU' is selected.
20:17:12 INFO  : Hardware design and registers information is loaded from 'D:/FMCOMMS4_AD9364_Fifo_Tlast_FFT/Ws/system_top/export/system_top/hw/system_top.xsa'.
20:17:12 INFO  : 'configparams force-mem-access 1' command is executed.
20:17:12 INFO  : Context for 'APU' is selected.
20:17:12 INFO  : Sourcing of 'D:/FMCOMMS4_AD9364_Fifo_Tlast_FFT/Ws/FMCOMMS4_AD9364/_ide/psinit/ps7_init.tcl' is done.
20:17:12 INFO  : 'ps7_init' command is executed.
20:17:12 INFO  : 'ps7_post_config' command is executed.
20:17:12 INFO  : Context for processor 'ps7_cortexa9_0' is selected.
20:17:13 INFO  : The application 'D:/FMCOMMS4_AD9364_Fifo_Tlast_FFT/Ws/FMCOMMS4_AD9364/Debug/FMCOMMS4_AD9364.elf' is downloaded to processor 'ps7_cortexa9_0'.
20:17:13 INFO  : 'configparams force-mem-access 0' command is executed.
20:17:13 INFO  : ----------------XSDB Script----------------
connect -url tcp:127.0.0.1:3121
targets -set -nocase -filter {name =~"APU*"}
rst -system
after 3000
targets -set -filter {jtag_cable_name =~ "Digilent Zed 210248BE0D85" && level==0 && jtag_device_ctx=="jsn-Zed-210248BE0D85-23727093-0"}
fpga -file D:/FMCOMMS4_AD9364_Fifo_Tlast_FFT/Ws/FMCOMMS4_AD9364/_ide/bitstream/system_top.bit
targets -set -nocase -filter {name =~"APU*"}
loadhw -hw D:/FMCOMMS4_AD9364_Fifo_Tlast_FFT/Ws/system_top/export/system_top/hw/system_top.xsa -mem-ranges [list {0x40000000 0xbfffffff}] -regs
configparams force-mem-access 1
targets -set -nocase -filter {name =~"APU*"}
source D:/FMCOMMS4_AD9364_Fifo_Tlast_FFT/Ws/FMCOMMS4_AD9364/_ide/psinit/ps7_init.tcl
ps7_init
ps7_post_config
targets -set -nocase -filter {name =~ "*A9*#0"}
dow D:/FMCOMMS4_AD9364_Fifo_Tlast_FFT/Ws/FMCOMMS4_AD9364/Debug/FMCOMMS4_AD9364.elf
configparams force-mem-access 0
----------------End of Script----------------

20:17:13 INFO  : Context for processor 'ps7_cortexa9_0' is selected.
20:17:13 INFO  : 'con' command is executed.
20:17:13 INFO  : ----------------XSDB Script (After Launch)----------------
targets -set -nocase -filter {name =~ "*A9*#0"}
con
----------------End of Script----------------

20:17:13 INFO  : Launch script is exported to file 'D:\FMCOMMS4_AD9364_Fifo_Tlast_FFT\Ws\FMCOMMS4_AD9364_system\_ide\scripts\debugger_fmcomms4_ad9364-default.tcl'
20:18:05 INFO  : Disconnected from the channel tcfchan#20.
20:18:06 INFO  : Connected to target on host '127.0.0.1' and port '3121'.
20:18:06 INFO  : Jtag cable 'Digilent Zed 210248BE0D85' is selected.
20:18:06 INFO  : 'jtag frequency' command is executed.
20:18:06 INFO  : Context for 'APU' is selected.
20:18:06 INFO  : System reset is completed.
20:18:09 INFO  : 'after 3000' command is executed.
20:18:09 INFO  : 'targets -set -filter {jtag_cable_name =~ "Digilent Zed 210248BE0D85" && level==0 && jtag_device_ctx=="jsn-Zed-210248BE0D85-23727093-0"}' command is executed.
20:18:12 INFO  : Device configured successfully with "D:/FMCOMMS4_AD9364_Fifo_Tlast_FFT/Ws/FMCOMMS4_AD9364/_ide/bitstream/system_top.bit"
20:18:12 INFO  : Context for 'APU' is selected.
20:18:12 INFO  : Hardware design and registers information is loaded from 'D:/FMCOMMS4_AD9364_Fifo_Tlast_FFT/Ws/system_top/export/system_top/hw/system_top.xsa'.
20:18:12 INFO  : 'configparams force-mem-access 1' command is executed.
20:18:12 INFO  : Context for 'APU' is selected.
20:18:12 INFO  : Sourcing of 'D:/FMCOMMS4_AD9364_Fifo_Tlast_FFT/Ws/FMCOMMS4_AD9364/_ide/psinit/ps7_init.tcl' is done.
20:18:12 INFO  : 'ps7_init' command is executed.
20:18:12 INFO  : 'ps7_post_config' command is executed.
20:18:12 INFO  : Context for processor 'ps7_cortexa9_0' is selected.
20:18:13 INFO  : The application 'D:/FMCOMMS4_AD9364_Fifo_Tlast_FFT/Ws/FMCOMMS4_AD9364/Debug/FMCOMMS4_AD9364.elf' is downloaded to processor 'ps7_cortexa9_0'.
20:18:13 INFO  : 'configparams force-mem-access 0' command is executed.
20:18:13 INFO  : ----------------XSDB Script----------------
connect -url tcp:127.0.0.1:3121
targets -set -nocase -filter {name =~"APU*"}
rst -system
after 3000
targets -set -filter {jtag_cable_name =~ "Digilent Zed 210248BE0D85" && level==0 && jtag_device_ctx=="jsn-Zed-210248BE0D85-23727093-0"}
fpga -file D:/FMCOMMS4_AD9364_Fifo_Tlast_FFT/Ws/FMCOMMS4_AD9364/_ide/bitstream/system_top.bit
targets -set -nocase -filter {name =~"APU*"}
loadhw -hw D:/FMCOMMS4_AD9364_Fifo_Tlast_FFT/Ws/system_top/export/system_top/hw/system_top.xsa -mem-ranges [list {0x40000000 0xbfffffff}] -regs
configparams force-mem-access 1
targets -set -nocase -filter {name =~"APU*"}
source D:/FMCOMMS4_AD9364_Fifo_Tlast_FFT/Ws/FMCOMMS4_AD9364/_ide/psinit/ps7_init.tcl
ps7_init
ps7_post_config
targets -set -nocase -filter {name =~ "*A9*#0"}
dow D:/FMCOMMS4_AD9364_Fifo_Tlast_FFT/Ws/FMCOMMS4_AD9364/Debug/FMCOMMS4_AD9364.elf
configparams force-mem-access 0
----------------End of Script----------------

20:18:13 INFO  : Context for processor 'ps7_cortexa9_0' is selected.
20:18:13 INFO  : 'con' command is executed.
20:18:13 INFO  : ----------------XSDB Script (After Launch)----------------
targets -set -nocase -filter {name =~ "*A9*#0"}
con
----------------End of Script----------------

20:18:13 INFO  : Launch script is exported to file 'D:\FMCOMMS4_AD9364_Fifo_Tlast_FFT\Ws\FMCOMMS4_AD9364_system\_ide\scripts\debugger_fmcomms4_ad9364-default.tcl'
20:18:40 INFO  : Disconnected from the channel tcfchan#21.
20:18:41 INFO  : Connected to target on host '127.0.0.1' and port '3121'.
20:18:41 INFO  : Jtag cable 'Digilent Zed 210248BE0D85' is selected.
20:18:41 INFO  : 'jtag frequency' command is executed.
20:18:41 INFO  : Context for 'APU' is selected.
20:18:41 INFO  : System reset is completed.
20:18:44 INFO  : 'after 3000' command is executed.
20:18:44 INFO  : 'targets -set -filter {jtag_cable_name =~ "Digilent Zed 210248BE0D85" && level==0 && jtag_device_ctx=="jsn-Zed-210248BE0D85-23727093-0"}' command is executed.
20:18:47 INFO  : Device configured successfully with "D:/FMCOMMS4_AD9364_Fifo_Tlast_FFT/Ws/FMCOMMS4_AD9364/_ide/bitstream/system_top.bit"
20:18:47 INFO  : Context for 'APU' is selected.
20:18:47 INFO  : Hardware design and registers information is loaded from 'D:/FMCOMMS4_AD9364_Fifo_Tlast_FFT/Ws/system_top/export/system_top/hw/system_top.xsa'.
20:18:47 INFO  : 'configparams force-mem-access 1' command is executed.
20:18:47 INFO  : Context for 'APU' is selected.
20:18:47 INFO  : Sourcing of 'D:/FMCOMMS4_AD9364_Fifo_Tlast_FFT/Ws/FMCOMMS4_AD9364/_ide/psinit/ps7_init.tcl' is done.
20:18:47 INFO  : 'ps7_init' command is executed.
20:18:47 INFO  : 'ps7_post_config' command is executed.
20:18:47 INFO  : Context for processor 'ps7_cortexa9_0' is selected.
20:18:48 INFO  : The application 'D:/FMCOMMS4_AD9364_Fifo_Tlast_FFT/Ws/FMCOMMS4_AD9364/Debug/FMCOMMS4_AD9364.elf' is downloaded to processor 'ps7_cortexa9_0'.
20:18:48 INFO  : 'configparams force-mem-access 0' command is executed.
20:18:48 INFO  : ----------------XSDB Script----------------
connect -url tcp:127.0.0.1:3121
targets -set -nocase -filter {name =~"APU*"}
rst -system
after 3000
targets -set -filter {jtag_cable_name =~ "Digilent Zed 210248BE0D85" && level==0 && jtag_device_ctx=="jsn-Zed-210248BE0D85-23727093-0"}
fpga -file D:/FMCOMMS4_AD9364_Fifo_Tlast_FFT/Ws/FMCOMMS4_AD9364/_ide/bitstream/system_top.bit
targets -set -nocase -filter {name =~"APU*"}
loadhw -hw D:/FMCOMMS4_AD9364_Fifo_Tlast_FFT/Ws/system_top/export/system_top/hw/system_top.xsa -mem-ranges [list {0x40000000 0xbfffffff}] -regs
configparams force-mem-access 1
targets -set -nocase -filter {name =~"APU*"}
source D:/FMCOMMS4_AD9364_Fifo_Tlast_FFT/Ws/FMCOMMS4_AD9364/_ide/psinit/ps7_init.tcl
ps7_init
ps7_post_config
targets -set -nocase -filter {name =~ "*A9*#0"}
dow D:/FMCOMMS4_AD9364_Fifo_Tlast_FFT/Ws/FMCOMMS4_AD9364/Debug/FMCOMMS4_AD9364.elf
configparams force-mem-access 0
----------------End of Script----------------

20:18:48 INFO  : Context for processor 'ps7_cortexa9_0' is selected.
20:18:48 INFO  : 'con' command is executed.
20:18:48 INFO  : ----------------XSDB Script (After Launch)----------------
targets -set -nocase -filter {name =~ "*A9*#0"}
con
----------------End of Script----------------

20:18:48 INFO  : Launch script is exported to file 'D:\FMCOMMS4_AD9364_Fifo_Tlast_FFT\Ws\FMCOMMS4_AD9364_system\_ide\scripts\debugger_fmcomms4_ad9364-default.tcl'
20:19:53 INFO  : Disconnected from the channel tcfchan#22.
20:19:54 INFO  : Connected to target on host '127.0.0.1' and port '3121'.
20:19:54 INFO  : Jtag cable 'Digilent Zed 210248BE0D85' is selected.
20:19:54 INFO  : 'jtag frequency' command is executed.
20:19:54 INFO  : Context for 'APU' is selected.
20:19:54 INFO  : System reset is completed.
20:19:57 INFO  : 'after 3000' command is executed.
20:19:57 INFO  : 'targets -set -filter {jtag_cable_name =~ "Digilent Zed 210248BE0D85" && level==0 && jtag_device_ctx=="jsn-Zed-210248BE0D85-23727093-0"}' command is executed.
20:20:00 INFO  : Device configured successfully with "D:/FMCOMMS4_AD9364_Fifo_Tlast_FFT/Ws/FMCOMMS4_AD9364/_ide/bitstream/system_top.bit"
20:20:00 INFO  : Context for 'APU' is selected.
20:20:00 INFO  : Hardware design and registers information is loaded from 'D:/FMCOMMS4_AD9364_Fifo_Tlast_FFT/Ws/system_top/export/system_top/hw/system_top.xsa'.
20:20:00 INFO  : 'configparams force-mem-access 1' command is executed.
20:20:00 INFO  : Context for 'APU' is selected.
20:20:00 INFO  : Sourcing of 'D:/FMCOMMS4_AD9364_Fifo_Tlast_FFT/Ws/FMCOMMS4_AD9364/_ide/psinit/ps7_init.tcl' is done.
20:20:00 INFO  : 'ps7_init' command is executed.
20:20:00 INFO  : 'ps7_post_config' command is executed.
20:20:00 INFO  : Context for processor 'ps7_cortexa9_0' is selected.
20:20:01 INFO  : The application 'D:/FMCOMMS4_AD9364_Fifo_Tlast_FFT/Ws/FMCOMMS4_AD9364/Debug/FMCOMMS4_AD9364.elf' is downloaded to processor 'ps7_cortexa9_0'.
20:20:01 INFO  : 'configparams force-mem-access 0' command is executed.
20:20:01 INFO  : ----------------XSDB Script----------------
connect -url tcp:127.0.0.1:3121
targets -set -nocase -filter {name =~"APU*"}
rst -system
after 3000
targets -set -filter {jtag_cable_name =~ "Digilent Zed 210248BE0D85" && level==0 && jtag_device_ctx=="jsn-Zed-210248BE0D85-23727093-0"}
fpga -file D:/FMCOMMS4_AD9364_Fifo_Tlast_FFT/Ws/FMCOMMS4_AD9364/_ide/bitstream/system_top.bit
targets -set -nocase -filter {name =~"APU*"}
loadhw -hw D:/FMCOMMS4_AD9364_Fifo_Tlast_FFT/Ws/system_top/export/system_top/hw/system_top.xsa -mem-ranges [list {0x40000000 0xbfffffff}] -regs
configparams force-mem-access 1
targets -set -nocase -filter {name =~"APU*"}
source D:/FMCOMMS4_AD9364_Fifo_Tlast_FFT/Ws/FMCOMMS4_AD9364/_ide/psinit/ps7_init.tcl
ps7_init
ps7_post_config
targets -set -nocase -filter {name =~ "*A9*#0"}
dow D:/FMCOMMS4_AD9364_Fifo_Tlast_FFT/Ws/FMCOMMS4_AD9364/Debug/FMCOMMS4_AD9364.elf
configparams force-mem-access 0
----------------End of Script----------------

20:20:01 INFO  : Context for processor 'ps7_cortexa9_0' is selected.
20:20:01 INFO  : 'con' command is executed.
20:20:01 INFO  : ----------------XSDB Script (After Launch)----------------
targets -set -nocase -filter {name =~ "*A9*#0"}
con
----------------End of Script----------------

20:20:01 INFO  : Launch script is exported to file 'D:\FMCOMMS4_AD9364_Fifo_Tlast_FFT\Ws\FMCOMMS4_AD9364_system\_ide\scripts\debugger_fmcomms4_ad9364-default.tcl'
20:20:10 INFO  : Disconnected from the channel tcfchan#23.
20:20:11 INFO  : Connected to target on host '127.0.0.1' and port '3121'.
20:20:11 INFO  : Jtag cable 'Digilent Zed 210248BE0D85' is selected.
20:20:11 INFO  : 'jtag frequency' command is executed.
20:20:11 INFO  : Context for 'APU' is selected.
20:20:11 INFO  : System reset is completed.
20:20:14 INFO  : 'after 3000' command is executed.
20:20:14 INFO  : 'targets -set -filter {jtag_cable_name =~ "Digilent Zed 210248BE0D85" && level==0 && jtag_device_ctx=="jsn-Zed-210248BE0D85-23727093-0"}' command is executed.
20:20:16 INFO  : Device configured successfully with "D:/FMCOMMS4_AD9364_Fifo_Tlast_FFT/Ws/FMCOMMS4_AD9364/_ide/bitstream/system_top.bit"
20:20:16 INFO  : Context for 'APU' is selected.
20:20:16 INFO  : Hardware design and registers information is loaded from 'D:/FMCOMMS4_AD9364_Fifo_Tlast_FFT/Ws/system_top/export/system_top/hw/system_top.xsa'.
20:20:16 INFO  : 'configparams force-mem-access 1' command is executed.
20:20:16 INFO  : Context for 'APU' is selected.
20:20:16 INFO  : Sourcing of 'D:/FMCOMMS4_AD9364_Fifo_Tlast_FFT/Ws/FMCOMMS4_AD9364/_ide/psinit/ps7_init.tcl' is done.
20:20:17 INFO  : 'ps7_init' command is executed.
20:20:17 INFO  : 'ps7_post_config' command is executed.
20:20:17 INFO  : Context for processor 'ps7_cortexa9_0' is selected.
20:20:17 INFO  : The application 'D:/FMCOMMS4_AD9364_Fifo_Tlast_FFT/Ws/FMCOMMS4_AD9364/Debug/FMCOMMS4_AD9364.elf' is downloaded to processor 'ps7_cortexa9_0'.
20:20:17 INFO  : 'configparams force-mem-access 0' command is executed.
20:20:17 INFO  : ----------------XSDB Script----------------
connect -url tcp:127.0.0.1:3121
targets -set -nocase -filter {name =~"APU*"}
rst -system
after 3000
targets -set -filter {jtag_cable_name =~ "Digilent Zed 210248BE0D85" && level==0 && jtag_device_ctx=="jsn-Zed-210248BE0D85-23727093-0"}
fpga -file D:/FMCOMMS4_AD9364_Fifo_Tlast_FFT/Ws/FMCOMMS4_AD9364/_ide/bitstream/system_top.bit
targets -set -nocase -filter {name =~"APU*"}
loadhw -hw D:/FMCOMMS4_AD9364_Fifo_Tlast_FFT/Ws/system_top/export/system_top/hw/system_top.xsa -mem-ranges [list {0x40000000 0xbfffffff}] -regs
configparams force-mem-access 1
targets -set -nocase -filter {name =~"APU*"}
source D:/FMCOMMS4_AD9364_Fifo_Tlast_FFT/Ws/FMCOMMS4_AD9364/_ide/psinit/ps7_init.tcl
ps7_init
ps7_post_config
targets -set -nocase -filter {name =~ "*A9*#0"}
dow D:/FMCOMMS4_AD9364_Fifo_Tlast_FFT/Ws/FMCOMMS4_AD9364/Debug/FMCOMMS4_AD9364.elf
configparams force-mem-access 0
----------------End of Script----------------

20:20:17 INFO  : Context for processor 'ps7_cortexa9_0' is selected.
20:20:17 INFO  : 'con' command is executed.
20:20:17 INFO  : ----------------XSDB Script (After Launch)----------------
targets -set -nocase -filter {name =~ "*A9*#0"}
con
----------------End of Script----------------

20:20:17 INFO  : Launch script is exported to file 'D:\FMCOMMS4_AD9364_Fifo_Tlast_FFT\Ws\FMCOMMS4_AD9364_system\_ide\scripts\debugger_fmcomms4_ad9364-default.tcl'
20:20:43 INFO  : Disconnected from the channel tcfchan#24.
20:20:44 INFO  : Connected to target on host '127.0.0.1' and port '3121'.
20:20:44 INFO  : Jtag cable 'Digilent Zed 210248BE0D85' is selected.
20:20:44 INFO  : 'jtag frequency' command is executed.
20:20:44 INFO  : Context for 'APU' is selected.
20:20:44 INFO  : System reset is completed.
20:20:47 INFO  : 'after 3000' command is executed.
20:20:47 INFO  : 'targets -set -filter {jtag_cable_name =~ "Digilent Zed 210248BE0D85" && level==0 && jtag_device_ctx=="jsn-Zed-210248BE0D85-23727093-0"}' command is executed.
20:20:49 INFO  : Device configured successfully with "D:/FMCOMMS4_AD9364_Fifo_Tlast_FFT/Ws/FMCOMMS4_AD9364/_ide/bitstream/system_top.bit"
20:20:50 INFO  : Context for 'APU' is selected.
20:20:50 INFO  : Hardware design and registers information is loaded from 'D:/FMCOMMS4_AD9364_Fifo_Tlast_FFT/Ws/system_top/export/system_top/hw/system_top.xsa'.
20:20:50 INFO  : 'configparams force-mem-access 1' command is executed.
20:20:50 INFO  : Context for 'APU' is selected.
20:20:50 INFO  : Sourcing of 'D:/FMCOMMS4_AD9364_Fifo_Tlast_FFT/Ws/FMCOMMS4_AD9364/_ide/psinit/ps7_init.tcl' is done.
20:20:50 INFO  : 'ps7_init' command is executed.
20:20:50 INFO  : 'ps7_post_config' command is executed.
20:20:50 INFO  : Context for processor 'ps7_cortexa9_0' is selected.
20:20:50 INFO  : The application 'D:/FMCOMMS4_AD9364_Fifo_Tlast_FFT/Ws/FMCOMMS4_AD9364/Debug/FMCOMMS4_AD9364.elf' is downloaded to processor 'ps7_cortexa9_0'.
20:20:50 INFO  : 'configparams force-mem-access 0' command is executed.
20:20:50 INFO  : ----------------XSDB Script----------------
connect -url tcp:127.0.0.1:3121
targets -set -nocase -filter {name =~"APU*"}
rst -system
after 3000
targets -set -filter {jtag_cable_name =~ "Digilent Zed 210248BE0D85" && level==0 && jtag_device_ctx=="jsn-Zed-210248BE0D85-23727093-0"}
fpga -file D:/FMCOMMS4_AD9364_Fifo_Tlast_FFT/Ws/FMCOMMS4_AD9364/_ide/bitstream/system_top.bit
targets -set -nocase -filter {name =~"APU*"}
loadhw -hw D:/FMCOMMS4_AD9364_Fifo_Tlast_FFT/Ws/system_top/export/system_top/hw/system_top.xsa -mem-ranges [list {0x40000000 0xbfffffff}] -regs
configparams force-mem-access 1
targets -set -nocase -filter {name =~"APU*"}
source D:/FMCOMMS4_AD9364_Fifo_Tlast_FFT/Ws/FMCOMMS4_AD9364/_ide/psinit/ps7_init.tcl
ps7_init
ps7_post_config
targets -set -nocase -filter {name =~ "*A9*#0"}
dow D:/FMCOMMS4_AD9364_Fifo_Tlast_FFT/Ws/FMCOMMS4_AD9364/Debug/FMCOMMS4_AD9364.elf
configparams force-mem-access 0
----------------End of Script----------------

20:20:51 INFO  : Context for processor 'ps7_cortexa9_0' is selected.
20:20:51 INFO  : 'con' command is executed.
20:20:51 INFO  : ----------------XSDB Script (After Launch)----------------
targets -set -nocase -filter {name =~ "*A9*#0"}
con
----------------End of Script----------------

20:20:51 INFO  : Launch script is exported to file 'D:\FMCOMMS4_AD9364_Fifo_Tlast_FFT\Ws\FMCOMMS4_AD9364_system\_ide\scripts\debugger_fmcomms4_ad9364-default.tcl'
20:31:41 INFO  : Disconnected from the channel tcfchan#25.
09:08:40 DEBUG : Logs will be stored at 'D:/FMCOMMS4_AD9364_Fifo_Tlast_FFT/Ws/IDE.log'.
09:08:41 INFO  : Launching XSCT server: xsct.bat -n  -interactive D:\FMCOMMS4_AD9364_Fifo_Tlast_FFT\Ws\temp_xsdb_launch_script.tcl
09:08:46 INFO  : XSCT server has started successfully.
09:08:46 INFO  : plnx-install-location is set to ''
09:08:46 INFO  : Successfully done setting XSCT server connection channel  
09:08:46 INFO  : Successfully done setting workspace for the tool. 
09:08:46 INFO  : Platform repository initialization has completed.
09:08:47 INFO  : Registering command handlers for Vitis TCF services
09:08:51 INFO  : Successfully done query RDI_DATADIR 
09:15:53 INFO  : Checking for BSP changes to sync application flags for project 'FMCOMMS4_AD9364'...
09:16:29 ERROR : (XSDB Server)ERROR: [Hsi 55-1571] The design file D:/FMCOMMS4_AD9364_Fifo_Tlast_FFT/Ws/system_top/export/system_top/hw/system_top.xsa is already opened

09:16:34 INFO  : Checking for BSP changes to sync application flags for project 'FMCOMMS4_AD9364'...
09:16:48 INFO  : Connected to target on host '127.0.0.1' and port '3121'.
09:16:49 INFO  : Jtag cable 'Digilent Zed 210248BE0D85' is selected.
09:16:49 INFO  : 'jtag frequency' command is executed.
09:16:49 INFO  : Context for 'APU' is selected.
09:16:49 INFO  : System reset is completed.
09:16:52 INFO  : 'after 3000' command is executed.
09:16:52 INFO  : 'targets -set -filter {jtag_cable_name =~ "Digilent Zed 210248BE0D85" && level==0 && jtag_device_ctx=="jsn-Zed-210248BE0D85-23727093-0"}' command is executed.
09:16:54 INFO  : Device configured successfully with "D:/FMCOMMS4_AD9364_Fifo_Tlast_FFT/Ws/FMCOMMS4_AD9364/_ide/bitstream/system_top.bit"
09:16:54 INFO  : Context for 'APU' is selected.
09:16:55 INFO  : Hardware design and registers information is loaded from 'D:/FMCOMMS4_AD9364_Fifo_Tlast_FFT/Ws/system_top/export/system_top/hw/system_top.xsa'.
09:16:55 INFO  : 'configparams force-mem-access 1' command is executed.
09:16:55 INFO  : Context for 'APU' is selected.
09:16:55 INFO  : Sourcing of 'D:/FMCOMMS4_AD9364_Fifo_Tlast_FFT/Ws/FMCOMMS4_AD9364/_ide/psinit/ps7_init.tcl' is done.
09:16:55 INFO  : 'ps7_init' command is executed.
09:16:55 INFO  : 'ps7_post_config' command is executed.
09:16:55 INFO  : Context for processor 'ps7_cortexa9_0' is selected.
09:16:57 INFO  : The application 'D:/FMCOMMS4_AD9364_Fifo_Tlast_FFT/Ws/FMCOMMS4_AD9364/Debug/FMCOMMS4_AD9364.elf' is downloaded to processor 'ps7_cortexa9_0'.
09:16:57 INFO  : 'configparams force-mem-access 0' command is executed.
09:16:57 INFO  : ----------------XSDB Script----------------
connect -url tcp:127.0.0.1:3121
targets -set -nocase -filter {name =~"APU*"}
rst -system
after 3000
targets -set -filter {jtag_cable_name =~ "Digilent Zed 210248BE0D85" && level==0 && jtag_device_ctx=="jsn-Zed-210248BE0D85-23727093-0"}
fpga -file D:/FMCOMMS4_AD9364_Fifo_Tlast_FFT/Ws/FMCOMMS4_AD9364/_ide/bitstream/system_top.bit
targets -set -nocase -filter {name =~"APU*"}
loadhw -hw D:/FMCOMMS4_AD9364_Fifo_Tlast_FFT/Ws/system_top/export/system_top/hw/system_top.xsa -mem-ranges [list {0x40000000 0xbfffffff}] -regs
configparams force-mem-access 1
targets -set -nocase -filter {name =~"APU*"}
source D:/FMCOMMS4_AD9364_Fifo_Tlast_FFT/Ws/FMCOMMS4_AD9364/_ide/psinit/ps7_init.tcl
ps7_init
ps7_post_config
targets -set -nocase -filter {name =~ "*A9*#0"}
dow D:/FMCOMMS4_AD9364_Fifo_Tlast_FFT/Ws/FMCOMMS4_AD9364/Debug/FMCOMMS4_AD9364.elf
configparams force-mem-access 0
----------------End of Script----------------

09:16:57 INFO  : Context for processor 'ps7_cortexa9_0' is selected.
09:16:57 INFO  : 'con' command is executed.
09:16:57 INFO  : ----------------XSDB Script (After Launch)----------------
targets -set -nocase -filter {name =~ "*A9*#0"}
con
----------------End of Script----------------

09:16:57 INFO  : Launch script is exported to file 'D:\FMCOMMS4_AD9364_Fifo_Tlast_FFT\Ws\FMCOMMS4_AD9364_system\_ide\scripts\debugger_fmcomms4_ad9364-default.tcl'
09:21:25 INFO  : Disconnected from the channel tcfchan#2.
09:21:26 INFO  : Connected to target on host '127.0.0.1' and port '3121'.
09:21:26 INFO  : Jtag cable 'Digilent Zed 210248BE0D85' is selected.
09:21:26 ERROR : port closed
09:21:26 INFO  : ----------------XSDB Script----------------
connect -url tcp:127.0.0.1:3121
----------------End of Script----------------

09:21:26 ERROR : port closed
09:21:31 INFO  : Connected to target on host '127.0.0.1' and port '3121'.
09:21:31 INFO  : Jtag cable 'Digilent Zed 210248BE0D85' is selected.
09:21:31 INFO  : 'jtag frequency' command is executed.
09:21:31 INFO  : Context for 'APU' is selected.
09:21:31 INFO  : System reset is completed.
09:21:34 INFO  : 'after 3000' command is executed.
09:21:34 INFO  : 'targets -set -filter {jtag_cable_name =~ "Digilent Zed 210248BE0D85" && level==0 && jtag_device_ctx=="jsn-Zed-210248BE0D85-23727093-0"}' command is executed.
09:21:37 INFO  : Device configured successfully with "D:/FMCOMMS4_AD9364_Fifo_Tlast_FFT/Ws/FMCOMMS4_AD9364/_ide/bitstream/system_top.bit"
09:21:37 INFO  : Context for 'APU' is selected.
09:22:08 INFO  : Hardware design and registers information is loaded from 'D:/FMCOMMS4_AD9364_Fifo_Tlast_FFT/Ws/system_top/export/system_top/hw/system_top.xsa'.
09:22:08 INFO  : 'configparams force-mem-access 1' command is executed.
09:22:08 INFO  : Context for 'APU' is selected.
09:22:08 INFO  : Sourcing of 'D:/FMCOMMS4_AD9364_Fifo_Tlast_FFT/Ws/FMCOMMS4_AD9364/_ide/psinit/ps7_init.tcl' is done.
09:22:09 INFO  : 'ps7_init' command is executed.
09:22:09 INFO  : 'ps7_post_config' command is executed.
09:22:09 INFO  : Context for processor 'ps7_cortexa9_0' is selected.
09:22:10 INFO  : The application 'D:/FMCOMMS4_AD9364_Fifo_Tlast_FFT/Ws/FMCOMMS4_AD9364/Debug/FMCOMMS4_AD9364.elf' is downloaded to processor 'ps7_cortexa9_0'.
09:22:11 INFO  : 'configparams force-mem-access 0' command is executed.
09:22:11 INFO  : ----------------XSDB Script----------------
connect -url tcp:127.0.0.1:3121
targets -set -nocase -filter {name =~"APU*"}
rst -system
after 3000
targets -set -filter {jtag_cable_name =~ "Digilent Zed 210248BE0D85" && level==0 && jtag_device_ctx=="jsn-Zed-210248BE0D85-23727093-0"}
fpga -file D:/FMCOMMS4_AD9364_Fifo_Tlast_FFT/Ws/FMCOMMS4_AD9364/_ide/bitstream/system_top.bit
targets -set -nocase -filter {name =~"APU*"}
loadhw -hw D:/FMCOMMS4_AD9364_Fifo_Tlast_FFT/Ws/system_top/export/system_top/hw/system_top.xsa -mem-ranges [list {0x40000000 0xbfffffff}] -regs
configparams force-mem-access 1
targets -set -nocase -filter {name =~"APU*"}
source D:/FMCOMMS4_AD9364_Fifo_Tlast_FFT/Ws/FMCOMMS4_AD9364/_ide/psinit/ps7_init.tcl
ps7_init
ps7_post_config
targets -set -nocase -filter {name =~ "*A9*#0"}
dow D:/FMCOMMS4_AD9364_Fifo_Tlast_FFT/Ws/FMCOMMS4_AD9364/Debug/FMCOMMS4_AD9364.elf
configparams force-mem-access 0
----------------End of Script----------------

09:22:11 INFO  : Context for processor 'ps7_cortexa9_0' is selected.
09:22:11 INFO  : 'con' command is executed.
09:22:11 INFO  : ----------------XSDB Script (After Launch)----------------
targets -set -nocase -filter {name =~ "*A9*#0"}
con
----------------End of Script----------------

09:22:11 INFO  : Launch script is exported to file 'D:\FMCOMMS4_AD9364_Fifo_Tlast_FFT\Ws\FMCOMMS4_AD9364_system\_ide\scripts\debugger_fmcomms4_ad9364-default.tcl'
09:22:24 INFO  : Disconnected from the channel tcfchan#3.
09:22:25 INFO  : Connected to target on host '127.0.0.1' and port '3121'.
09:22:34 INFO  : ----------------XSDB Script----------------
connect -url tcp:127.0.0.1:3121
----------------End of Script----------------

09:22:34 ERROR : Could not find FPGA device on the board for connection 'Local'.


Troubleshooting hints:
1. Check whether board is connected to system properly.
2. In case of zynq board, check whether Digilent/Xilinx cable switch settings are correct.
3. If you are using Xilinx Platform Cable USB, ensure that status LED is green.
09:22:42 INFO  : Connected to target on host '127.0.0.1' and port '3121'.
09:22:42 INFO  : Jtag cable 'Digilent Zed 210248BE0D85' is selected.
09:22:42 INFO  : 'jtag frequency' command is executed.
09:22:42 INFO  : Context for 'APU' is selected.
09:22:42 INFO  : System reset is completed.
09:22:45 INFO  : 'after 3000' command is executed.
09:22:45 INFO  : Connected to target on host '127.0.0.1' and port '3121'.
09:22:45 INFO  : 'targets -set -filter {jtag_cable_name =~ "Digilent Zed 210248BE0D85" && level==0 && jtag_device_ctx=="jsn-Zed-210248BE0D85-23727093-0"}' command is executed.
09:22:48 INFO  : Device configured successfully with "D:/FMCOMMS4_AD9364_Fifo_Tlast_FFT/Ws/FMCOMMS4_AD9364/_ide/bitstream/system_top.bit"
09:22:48 INFO  : Context for 'APU' is selected.
09:23:15 INFO  : Hardware design and registers information is loaded from 'D:/FMCOMMS4_AD9364_Fifo_Tlast_FFT/Ws/system_top/export/system_top/hw/system_top.xsa'.
09:23:15 INFO  : 'configparams force-mem-access 1' command is executed.
09:23:15 INFO  : Jtag cable 'Digilent Zed 210248BE0D85' is selected.
09:23:15 INFO  : Context for 'APU' is selected.
09:23:15 INFO  : 'jtag frequency' command is executed.
09:23:15 INFO  : Sourcing of 'D:/FMCOMMS4_AD9364_Fifo_Tlast_FFT/Ws/FMCOMMS4_AD9364/_ide/psinit/ps7_init.tcl' is done.
09:23:15 INFO  : Context for 'APU' is selected.
09:23:16 INFO  : 'ps7_init' command is executed.
09:23:16 INFO  : System reset is completed.
09:23:16 INFO  : 'ps7_post_config' command is executed.
09:23:19 INFO  : 'after 3000' command is executed.
09:23:19 INFO  : Context for processor 'ps7_cortexa9_0' is selected.
09:23:19 ERROR : Memory write error at 0x100000. Cannot access DDR: the controller is held in reset
09:23:19 INFO  : ----------------XSDB Script----------------
connect -url tcp:127.0.0.1:3121
targets -set -nocase -filter {name =~"APU*"}
rst -system
after 3000
targets -set -filter {jtag_cable_name =~ "Digilent Zed 210248BE0D85" && level==0 && jtag_device_ctx=="jsn-Zed-210248BE0D85-23727093-0"}
fpga -file D:/FMCOMMS4_AD9364_Fifo_Tlast_FFT/Ws/FMCOMMS4_AD9364/_ide/bitstream/system_top.bit
targets -set -nocase -filter {name =~"APU*"}
loadhw -hw D:/FMCOMMS4_AD9364_Fifo_Tlast_FFT/Ws/system_top/export/system_top/hw/system_top.xsa -mem-ranges [list {0x40000000 0xbfffffff}] -regs
configparams force-mem-access 1
targets -set -nocase -filter {name =~"APU*"}
source D:/FMCOMMS4_AD9364_Fifo_Tlast_FFT/Ws/FMCOMMS4_AD9364/_ide/psinit/ps7_init.tcl
ps7_init
ps7_post_config
targets -set -nocase -filter {name =~ "*A9*#0"}
dow D:/FMCOMMS4_AD9364_Fifo_Tlast_FFT/Ws/FMCOMMS4_AD9364/Debug/FMCOMMS4_AD9364.elf
----------------End of Script----------------

09:23:19 ERROR : Memory write error at 0x100000. Cannot access DDR: the controller is held in reset
09:23:19 INFO  : 'targets -set -filter {jtag_cable_name =~ "Digilent Zed 210248BE0D85" && level==0 && jtag_device_ctx=="jsn-Zed-210248BE0D85-23727093-0"}' command is executed.
09:23:22 INFO  : Device configured successfully with "D:/FMCOMMS4_AD9364_Fifo_Tlast_FFT/Ws/FMCOMMS4_AD9364/_ide/bitstream/system_top.bit"
09:23:24 INFO  : Context for 'APU' is selected.
09:23:24 INFO  : Hardware design and registers information is loaded from 'D:/FMCOMMS4_AD9364_Fifo_Tlast_FFT/Ws/system_top/export/system_top/hw/system_top.xsa'.
09:23:24 INFO  : 'configparams force-mem-access 1' command is executed.
09:23:24 INFO  : Context for 'APU' is selected.
09:23:24 INFO  : Sourcing of 'D:/FMCOMMS4_AD9364_Fifo_Tlast_FFT/Ws/FMCOMMS4_AD9364/_ide/psinit/ps7_init.tcl' is done.
09:23:24 INFO  : 'ps7_init' command is executed.
09:23:24 INFO  : 'ps7_post_config' command is executed.
09:23:24 INFO  : Context for processor 'ps7_cortexa9_0' is selected.
09:23:25 INFO  : The application 'D:/FMCOMMS4_AD9364_Fifo_Tlast_FFT/Ws/FMCOMMS4_AD9364/Debug/FMCOMMS4_AD9364.elf' is downloaded to processor 'ps7_cortexa9_0'.
09:23:25 INFO  : 'configparams force-mem-access 0' command is executed.
09:23:25 INFO  : ----------------XSDB Script----------------
connect -url tcp:127.0.0.1:3121
targets -set -nocase -filter {name =~"APU*"}
rst -system
after 3000
targets -set -filter {jtag_cable_name =~ "Digilent Zed 210248BE0D85" && level==0 && jtag_device_ctx=="jsn-Zed-210248BE0D85-23727093-0"}
fpga -file D:/FMCOMMS4_AD9364_Fifo_Tlast_FFT/Ws/FMCOMMS4_AD9364/_ide/bitstream/system_top.bit
targets -set -nocase -filter {name =~"APU*"}
loadhw -hw D:/FMCOMMS4_AD9364_Fifo_Tlast_FFT/Ws/system_top/export/system_top/hw/system_top.xsa -mem-ranges [list {0x40000000 0xbfffffff}] -regs
configparams force-mem-access 1
targets -set -nocase -filter {name =~"APU*"}
source D:/FMCOMMS4_AD9364_Fifo_Tlast_FFT/Ws/FMCOMMS4_AD9364/_ide/psinit/ps7_init.tcl
ps7_init
ps7_post_config
targets -set -nocase -filter {name =~ "*A9*#0"}
dow D:/FMCOMMS4_AD9364_Fifo_Tlast_FFT/Ws/FMCOMMS4_AD9364/Debug/FMCOMMS4_AD9364.elf
configparams force-mem-access 0
----------------End of Script----------------

09:23:25 INFO  : Context for processor 'ps7_cortexa9_0' is selected.
09:23:25 INFO  : 'con' command is executed.
09:23:25 INFO  : ----------------XSDB Script (After Launch)----------------
targets -set -nocase -filter {name =~ "*A9*#0"}
con
----------------End of Script----------------

09:23:25 INFO  : Launch script is exported to file 'D:\FMCOMMS4_AD9364_Fifo_Tlast_FFT\Ws\FMCOMMS4_AD9364_system\_ide\scripts\debugger_fmcomms4_ad9364-default.tcl'
09:23:26 INFO  : Disconnected from the channel tcfchan#4.
09:23:27 INFO  : Connected to target on host '127.0.0.1' and port '3121'.
09:23:36 INFO  : ----------------XSDB Script----------------
connect -url tcp:127.0.0.1:3121
----------------End of Script----------------

09:23:36 ERROR : Could not find ARM device on the board for connection 'Local'.
Check if the target is in:
1. Split JTAG - No operations are possible with ARM DAP.
2. Non JTAG bootmode - Bootrom may need time to enable DAP.
Please try again.


Troubleshooting hints:
1. Check whether board is connected to system properly.
2. In case of zynq board, check whether Digilent/Xilinx cable switch settings are correct.
3. If you are using Xilinx Platform Cable USB, ensure that status LED is green.
09:23:46 INFO  : Connected to target on host '127.0.0.1' and port '3121'.
09:23:47 INFO  : Jtag cable 'Digilent Zed 210248BE0D85' is selected.
09:23:47 INFO  : 'jtag frequency' command is executed.
09:23:47 INFO  : Context for 'APU' is selected.
09:23:47 INFO  : System reset is completed.
09:23:50 INFO  : 'after 3000' command is executed.
09:23:50 INFO  : 'targets -set -filter {jtag_cable_name =~ "Digilent Zed 210248BE0D85" && level==0 && jtag_device_ctx=="jsn-Zed-210248BE0D85-23727093-0"}' command is executed.
09:23:52 INFO  : Device configured successfully with "D:/FMCOMMS4_AD9364_Fifo_Tlast_FFT/Ws/FMCOMMS4_AD9364/_ide/bitstream/system_top.bit"
09:23:52 INFO  : Context for 'APU' is selected.
09:24:18 INFO  : Hardware design and registers information is loaded from 'D:/FMCOMMS4_AD9364_Fifo_Tlast_FFT/Ws/system_top/export/system_top/hw/system_top.xsa'.
09:24:18 INFO  : 'configparams force-mem-access 1' command is executed.
09:24:18 INFO  : Context for 'APU' is selected.
09:24:18 INFO  : Sourcing of 'D:/FMCOMMS4_AD9364_Fifo_Tlast_FFT/Ws/FMCOMMS4_AD9364/_ide/psinit/ps7_init.tcl' is done.
09:24:20 INFO  : 'ps7_init' command is executed.
09:24:20 INFO  : 'ps7_post_config' command is executed.
09:24:20 INFO  : Context for processor 'ps7_cortexa9_0' is selected.
09:24:21 INFO  : The application 'D:/FMCOMMS4_AD9364_Fifo_Tlast_FFT/Ws/FMCOMMS4_AD9364/Debug/FMCOMMS4_AD9364.elf' is downloaded to processor 'ps7_cortexa9_0'.
09:24:21 INFO  : 'configparams force-mem-access 0' command is executed.
09:24:21 INFO  : ----------------XSDB Script----------------
connect -url tcp:127.0.0.1:3121
targets -set -nocase -filter {name =~"APU*"}
rst -system
after 3000
targets -set -filter {jtag_cable_name =~ "Digilent Zed 210248BE0D85" && level==0 && jtag_device_ctx=="jsn-Zed-210248BE0D85-23727093-0"}
fpga -file D:/FMCOMMS4_AD9364_Fifo_Tlast_FFT/Ws/FMCOMMS4_AD9364/_ide/bitstream/system_top.bit
targets -set -nocase -filter {name =~"APU*"}
loadhw -hw D:/FMCOMMS4_AD9364_Fifo_Tlast_FFT/Ws/system_top/export/system_top/hw/system_top.xsa -mem-ranges [list {0x40000000 0xbfffffff}] -regs
configparams force-mem-access 1
targets -set -nocase -filter {name =~"APU*"}
source D:/FMCOMMS4_AD9364_Fifo_Tlast_FFT/Ws/FMCOMMS4_AD9364/_ide/psinit/ps7_init.tcl
ps7_init
ps7_post_config
targets -set -nocase -filter {name =~ "*A9*#0"}
dow D:/FMCOMMS4_AD9364_Fifo_Tlast_FFT/Ws/FMCOMMS4_AD9364/Debug/FMCOMMS4_AD9364.elf
configparams force-mem-access 0
----------------End of Script----------------

09:24:21 INFO  : Context for processor 'ps7_cortexa9_0' is selected.
09:24:22 INFO  : 'con' command is executed.
09:24:22 INFO  : ----------------XSDB Script (After Launch)----------------
targets -set -nocase -filter {name =~ "*A9*#0"}
con
----------------End of Script----------------

09:24:22 INFO  : Launch script is exported to file 'D:\FMCOMMS4_AD9364_Fifo_Tlast_FFT\Ws\FMCOMMS4_AD9364_system\_ide\scripts\debugger_fmcomms4_ad9364-default.tcl'
09:38:08 INFO  : Disconnected from the channel tcfchan#5.
09:38:09 INFO  : Connected to target on host '127.0.0.1' and port '3121'.
09:38:15 INFO  : Jtag cable 'Digilent Zed 210248BE0D85' is selected.
09:38:15 INFO  : 'jtag frequency' command is executed.
09:38:15 INFO  : Context for 'APU' is selected.
09:38:15 INFO  : System reset is completed.
09:38:18 INFO  : 'after 3000' command is executed.
09:38:18 INFO  : 'targets -set -filter {jtag_cable_name =~ "Digilent Zed 210248BE0D85" && level==0 && jtag_device_ctx=="jsn-Zed-210248BE0D85-23727093-0"}' command is executed.
09:38:21 INFO  : Device configured successfully with "D:/FMCOMMS4_AD9364_Fifo_Tlast_FFT/Ws/FMCOMMS4_AD9364/_ide/bitstream/system_top.bit"
09:38:21 INFO  : Context for 'APU' is selected.
09:38:51 INFO  : Hardware design and registers information is loaded from 'D:/FMCOMMS4_AD9364_Fifo_Tlast_FFT/Ws/system_top/export/system_top/hw/system_top.xsa'.
09:38:51 INFO  : 'configparams force-mem-access 1' command is executed.
09:38:51 INFO  : Context for 'APU' is selected.
09:38:51 INFO  : Sourcing of 'D:/FMCOMMS4_AD9364_Fifo_Tlast_FFT/Ws/FMCOMMS4_AD9364/_ide/psinit/ps7_init.tcl' is done.
09:38:51 INFO  : 'ps7_init' command is executed.
09:38:51 INFO  : 'ps7_post_config' command is executed.
09:38:51 INFO  : Context for processor 'ps7_cortexa9_0' is selected.
09:38:52 INFO  : The application 'D:/FMCOMMS4_AD9364_Fifo_Tlast_FFT/Ws/FMCOMMS4_AD9364/Debug/FMCOMMS4_AD9364.elf' is downloaded to processor 'ps7_cortexa9_0'.
09:38:52 INFO  : 'configparams force-mem-access 0' command is executed.
09:38:52 INFO  : ----------------XSDB Script----------------
connect -url tcp:127.0.0.1:3121
targets -set -nocase -filter {name =~"APU*"}
rst -system
after 3000
targets -set -filter {jtag_cable_name =~ "Digilent Zed 210248BE0D85" && level==0 && jtag_device_ctx=="jsn-Zed-210248BE0D85-23727093-0"}
fpga -file D:/FMCOMMS4_AD9364_Fifo_Tlast_FFT/Ws/FMCOMMS4_AD9364/_ide/bitstream/system_top.bit
targets -set -nocase -filter {name =~"APU*"}
loadhw -hw D:/FMCOMMS4_AD9364_Fifo_Tlast_FFT/Ws/system_top/export/system_top/hw/system_top.xsa -mem-ranges [list {0x40000000 0xbfffffff}] -regs
configparams force-mem-access 1
targets -set -nocase -filter {name =~"APU*"}
source D:/FMCOMMS4_AD9364_Fifo_Tlast_FFT/Ws/FMCOMMS4_AD9364/_ide/psinit/ps7_init.tcl
ps7_init
ps7_post_config
targets -set -nocase -filter {name =~ "*A9*#0"}
dow D:/FMCOMMS4_AD9364_Fifo_Tlast_FFT/Ws/FMCOMMS4_AD9364/Debug/FMCOMMS4_AD9364.elf
configparams force-mem-access 0
----------------End of Script----------------

09:38:52 INFO  : Context for processor 'ps7_cortexa9_0' is selected.
09:38:52 INFO  : 'con' command is executed.
09:38:52 INFO  : ----------------XSDB Script (After Launch)----------------
targets -set -nocase -filter {name =~ "*A9*#0"}
con
----------------End of Script----------------

09:38:52 INFO  : Launch script is exported to file 'D:\FMCOMMS4_AD9364_Fifo_Tlast_FFT\Ws\FMCOMMS4_AD9364_system\_ide\scripts\debugger_fmcomms4_ad9364-default.tcl'
09:52:27 INFO  : Hardware specification for platform project 'system_top' is updated.
09:53:37 INFO  : Result from executing command 'getProjects': system_top
09:53:37 INFO  : Result from executing command 'getPlatforms': system_top|D:/FMCOMMS4_AD9364_Fifo_Tlast_FFT/Ws/system_top/export/system_top/system_top.xpfm;xilinx_vck190_base_202310_1|D:/Vitis/2023.1/base_platforms/xilinx_vck190_base_202310_1/xilinx_vck190_base_202310_1.xpfm;xilinx_vck190_base_dfx_202310_1|D:/Vitis/2023.1/base_platforms/xilinx_vck190_base_dfx_202310_1/xilinx_vck190_base_dfx_202310_1.xpfm;xilinx_vek280_es1_base_202310_1|D:/Vitis/2023.1/base_platforms/xilinx_vek280_es1_base_202310_1/xilinx_vek280_es1_base_202310_1.xpfm;xilinx_vmk180_base_202310_1|D:/Vitis/2023.1/base_platforms/xilinx_vmk180_base_202310_1/xilinx_vmk180_base_202310_1.xpfm;xilinx_zcu102_base_202310_1|D:/Vitis/2023.1/base_platforms/xilinx_zcu102_base_202310_1/xilinx_zcu102_base_202310_1.xpfm;xilinx_zcu102_base_dfx_202310_1|D:/Vitis/2023.1/base_platforms/xilinx_zcu102_base_dfx_202310_1/xilinx_zcu102_base_dfx_202310_1.xpfm;xilinx_zcu104_base_202310_1|D:/Vitis/2023.1/base_platforms/xilinx_zcu104_base_202310_1/xilinx_zcu104_base_202310_1.xpfm
09:55:50 INFO  : Checking for BSP changes to sync application flags for project 'FMCOMMS4_AD9364'...
09:56:16 INFO  : Disconnected from the channel tcfchan#6.
09:56:17 INFO  : The hardware specification used by project 'FMCOMMS4_AD9364' is out of sync with the platform. Resource files extracted from the hardware specification will be updated.
09:56:17 INFO  : The file 'D:\FMCOMMS4_AD9364_Fifo_Tlast_FFT\Ws\FMCOMMS4_AD9364\_ide\bitstream\system_top.bit' stored in project is removed.
09:56:18 INFO  : The updated bitstream files are copied from platform to folder 'D:\FMCOMMS4_AD9364_Fifo_Tlast_FFT\Ws\FMCOMMS4_AD9364\_ide\bitstream' in project 'FMCOMMS4_AD9364'.
09:56:18 INFO  : The file 'D:\FMCOMMS4_AD9364_Fifo_Tlast_FFT\Ws\FMCOMMS4_AD9364\_ide\psinit\ps7_init.tcl' stored in project is removed.
09:56:23 INFO  : The updated ps init files are copied from platform to folder 'D:\FMCOMMS4_AD9364_Fifo_Tlast_FFT\Ws\FMCOMMS4_AD9364\_ide\psinit' in project 'FMCOMMS4_AD9364'.
09:56:23 INFO  : Connected to target on host '127.0.0.1' and port '3121'.
09:56:41 INFO  : ----------------XSDB Script----------------
connect -url tcp:127.0.0.1:3121
----------------End of Script----------------

09:56:41 ERROR : Could not find ARM device on the board for connection 'Local'.
Check if the target is in:
1. Split JTAG - No operations are possible with ARM DAP.
2. Non JTAG bootmode - Bootrom may need time to enable DAP.
Please try again.


Troubleshooting hints:
1. Check whether board is connected to system properly.
2. In case of zynq board, check whether Digilent/Xilinx cable switch settings are correct.
3. If you are using Xilinx Platform Cable USB, ensure that status LED is green.
09:56:48 INFO  : Checking for BSP changes to sync application flags for project 'FMCOMMS4_AD9364'...
09:56:52 INFO  : Connected to target on host '127.0.0.1' and port '3121'.
09:57:10 INFO  : ----------------XSDB Script----------------
connect -url tcp:127.0.0.1:3121
----------------End of Script----------------

09:57:10 ERROR : Could not find ARM device on the board for connection 'Local'.
Check if the target is in:
1. Split JTAG - No operations are possible with ARM DAP.
2. Non JTAG bootmode - Bootrom may need time to enable DAP.
Please try again.


Troubleshooting hints:
1. Check whether board is connected to system properly.
2. In case of zynq board, check whether Digilent/Xilinx cable switch settings are correct.
3. If you are using Xilinx Platform Cable USB, ensure that status LED is green.
09:57:18 INFO  : Connected to target on host '127.0.0.1' and port '3121'.
09:57:19 INFO  : Jtag cable 'Digilent Zed 210248BE0D85' is selected.
09:57:19 INFO  : 'jtag frequency' command is executed.
09:57:19 INFO  : Context for 'APU' is selected.
09:57:19 INFO  : System reset is completed.
09:57:22 INFO  : 'after 3000' command is executed.
09:57:22 INFO  : 'targets -set -filter {jtag_cable_name =~ "Digilent Zed 210248BE0D85" && level==0 && jtag_device_ctx=="jsn-Zed-210248BE0D85-23727093-0"}' command is executed.
09:57:24 INFO  : Device configured successfully with "D:/FMCOMMS4_AD9364_Fifo_Tlast_FFT/Ws/FMCOMMS4_AD9364/_ide/bitstream/system_top.bit"
09:57:24 INFO  : Context for 'APU' is selected.
09:57:24 INFO  : Hardware design and registers information is loaded from 'D:/FMCOMMS4_AD9364_Fifo_Tlast_FFT/Ws/system_top/export/system_top/hw/system_top.xsa'.
09:57:24 INFO  : 'configparams force-mem-access 1' command is executed.
09:57:24 INFO  : Context for 'APU' is selected.
09:57:24 INFO  : Sourcing of 'D:/FMCOMMS4_AD9364_Fifo_Tlast_FFT/Ws/FMCOMMS4_AD9364/_ide/psinit/ps7_init.tcl' is done.
09:57:25 INFO  : 'ps7_init' command is executed.
09:57:25 INFO  : 'ps7_post_config' command is executed.
09:57:25 INFO  : Context for processor 'ps7_cortexa9_0' is selected.
09:57:25 INFO  : The application 'D:/FMCOMMS4_AD9364_Fifo_Tlast_FFT/Ws/FMCOMMS4_AD9364/Debug/FMCOMMS4_AD9364.elf' is downloaded to processor 'ps7_cortexa9_0'.
09:57:25 INFO  : 'configparams force-mem-access 0' command is executed.
09:57:25 INFO  : ----------------XSDB Script----------------
connect -url tcp:127.0.0.1:3121
targets -set -nocase -filter {name =~"APU*"}
rst -system
after 3000
targets -set -filter {jtag_cable_name =~ "Digilent Zed 210248BE0D85" && level==0 && jtag_device_ctx=="jsn-Zed-210248BE0D85-23727093-0"}
fpga -file D:/FMCOMMS4_AD9364_Fifo_Tlast_FFT/Ws/FMCOMMS4_AD9364/_ide/bitstream/system_top.bit
targets -set -nocase -filter {name =~"APU*"}
loadhw -hw D:/FMCOMMS4_AD9364_Fifo_Tlast_FFT/Ws/system_top/export/system_top/hw/system_top.xsa -mem-ranges [list {0x40000000 0xbfffffff}] -regs
configparams force-mem-access 1
targets -set -nocase -filter {name =~"APU*"}
source D:/FMCOMMS4_AD9364_Fifo_Tlast_FFT/Ws/FMCOMMS4_AD9364/_ide/psinit/ps7_init.tcl
ps7_init
ps7_post_config
targets -set -nocase -filter {name =~ "*A9*#0"}
dow D:/FMCOMMS4_AD9364_Fifo_Tlast_FFT/Ws/FMCOMMS4_AD9364/Debug/FMCOMMS4_AD9364.elf
configparams force-mem-access 0
----------------End of Script----------------

09:57:25 INFO  : Context for processor 'ps7_cortexa9_0' is selected.
09:57:25 INFO  : 'con' command is executed.
09:57:25 INFO  : ----------------XSDB Script (After Launch)----------------
targets -set -nocase -filter {name =~ "*A9*#0"}
con
----------------End of Script----------------

09:57:25 INFO  : Launch script is exported to file 'D:\FMCOMMS4_AD9364_Fifo_Tlast_FFT\Ws\FMCOMMS4_AD9364_system\_ide\scripts\debugger_fmcomms4_ad9364-default.tcl'
11:06:23 INFO  : Checking for BSP changes to sync application flags for project 'FMCOMMS4_AD9364'...
11:06:30 INFO  : Checking for BSP changes to sync application flags for project 'FMCOMMS4_AD9364'...
11:07:00 INFO  : Disconnected from the channel tcfchan#8.
11:07:01 INFO  : Connected to target on host '127.0.0.1' and port '3121'.
11:07:01 INFO  : Jtag cable 'Digilent Zed 210248BE0D85' is selected.
11:07:01 ERROR : port closed
11:07:01 INFO  : ----------------XSDB Script----------------
connect -url tcp:127.0.0.1:3121
----------------End of Script----------------

11:07:01 ERROR : port closed
11:07:08 INFO  : Connected to target on host '127.0.0.1' and port '3121'.
11:07:08 INFO  : Jtag cable 'Digilent Zed 210248BE0D85' is selected.
11:07:08 INFO  : 'jtag frequency' command is executed.
11:07:08 INFO  : Context for 'APU' is selected.
11:07:08 INFO  : System reset is completed.
11:07:11 INFO  : 'after 3000' command is executed.
11:07:11 INFO  : 'targets -set -filter {jtag_cable_name =~ "Digilent Zed 210248BE0D85" && level==0 && jtag_device_ctx=="jsn-Zed-210248BE0D85-23727093-0"}' command is executed.
11:07:13 INFO  : Device configured successfully with "D:/FMCOMMS4_AD9364_Fifo_Tlast_FFT/Ws/FMCOMMS4_AD9364/_ide/bitstream/system_top.bit"
11:07:13 INFO  : Context for 'APU' is selected.
11:07:13 INFO  : Hardware design and registers information is loaded from 'D:/FMCOMMS4_AD9364_Fifo_Tlast_FFT/Ws/system_top/export/system_top/hw/system_top.xsa'.
11:07:13 INFO  : 'configparams force-mem-access 1' command is executed.
11:07:13 INFO  : Context for 'APU' is selected.
11:07:13 INFO  : Sourcing of 'D:/FMCOMMS4_AD9364_Fifo_Tlast_FFT/Ws/FMCOMMS4_AD9364/_ide/psinit/ps7_init.tcl' is done.
11:07:14 INFO  : 'ps7_init' command is executed.
11:07:14 INFO  : 'ps7_post_config' command is executed.
11:07:14 INFO  : Context for processor 'ps7_cortexa9_0' is selected.
11:07:14 INFO  : The application 'D:/FMCOMMS4_AD9364_Fifo_Tlast_FFT/Ws/FMCOMMS4_AD9364/Debug/FMCOMMS4_AD9364.elf' is downloaded to processor 'ps7_cortexa9_0'.
11:07:14 INFO  : 'configparams force-mem-access 0' command is executed.
11:07:14 INFO  : ----------------XSDB Script----------------
connect -url tcp:127.0.0.1:3121
targets -set -nocase -filter {name =~"APU*"}
rst -system
after 3000
targets -set -filter {jtag_cable_name =~ "Digilent Zed 210248BE0D85" && level==0 && jtag_device_ctx=="jsn-Zed-210248BE0D85-23727093-0"}
fpga -file D:/FMCOMMS4_AD9364_Fifo_Tlast_FFT/Ws/FMCOMMS4_AD9364/_ide/bitstream/system_top.bit
targets -set -nocase -filter {name =~"APU*"}
loadhw -hw D:/FMCOMMS4_AD9364_Fifo_Tlast_FFT/Ws/system_top/export/system_top/hw/system_top.xsa -mem-ranges [list {0x40000000 0xbfffffff}] -regs
configparams force-mem-access 1
targets -set -nocase -filter {name =~"APU*"}
source D:/FMCOMMS4_AD9364_Fifo_Tlast_FFT/Ws/FMCOMMS4_AD9364/_ide/psinit/ps7_init.tcl
ps7_init
ps7_post_config
targets -set -nocase -filter {name =~ "*A9*#0"}
dow D:/FMCOMMS4_AD9364_Fifo_Tlast_FFT/Ws/FMCOMMS4_AD9364/Debug/FMCOMMS4_AD9364.elf
configparams force-mem-access 0
----------------End of Script----------------

11:07:14 INFO  : Context for processor 'ps7_cortexa9_0' is selected.
11:07:14 INFO  : 'con' command is executed.
11:07:14 INFO  : ----------------XSDB Script (After Launch)----------------
targets -set -nocase -filter {name =~ "*A9*#0"}
con
----------------End of Script----------------

11:07:14 INFO  : Launch script is exported to file 'D:\FMCOMMS4_AD9364_Fifo_Tlast_FFT\Ws\FMCOMMS4_AD9364_system\_ide\scripts\debugger_fmcomms4_ad9364-default.tcl'
14:02:13 INFO  : Hardware specification for platform project 'system_top' is updated.
14:02:58 INFO  : Hardware specification for platform project 'system_top' is updated.
15:07:57 INFO  : Result from executing command 'getProjects': system_top
15:07:57 INFO  : Result from executing command 'getPlatforms': system_top|D:/FMCOMMS4_AD9364_Fifo_Tlast_FFT/Ws/system_top/export/system_top/system_top.xpfm;xilinx_vck190_base_202310_1|D:/Vitis/2023.1/base_platforms/xilinx_vck190_base_202310_1/xilinx_vck190_base_202310_1.xpfm;xilinx_vck190_base_dfx_202310_1|D:/Vitis/2023.1/base_platforms/xilinx_vck190_base_dfx_202310_1/xilinx_vck190_base_dfx_202310_1.xpfm;xilinx_vek280_es1_base_202310_1|D:/Vitis/2023.1/base_platforms/xilinx_vek280_es1_base_202310_1/xilinx_vek280_es1_base_202310_1.xpfm;xilinx_vmk180_base_202310_1|D:/Vitis/2023.1/base_platforms/xilinx_vmk180_base_202310_1/xilinx_vmk180_base_202310_1.xpfm;xilinx_zcu102_base_202310_1|D:/Vitis/2023.1/base_platforms/xilinx_zcu102_base_202310_1/xilinx_zcu102_base_202310_1.xpfm;xilinx_zcu102_base_dfx_202310_1|D:/Vitis/2023.1/base_platforms/xilinx_zcu102_base_dfx_202310_1/xilinx_zcu102_base_dfx_202310_1.xpfm;xilinx_zcu104_base_202310_1|D:/Vitis/2023.1/base_platforms/xilinx_zcu104_base_202310_1/xilinx_zcu104_base_202310_1.xpfm
15:08:44 INFO  : Checking for BSP changes to sync application flags for project 'FMCOMMS4_AD9364'...
15:09:33 INFO  : Checking for BSP changes to sync application flags for project 'FMCOMMS4_AD9364'...
15:09:34 INFO  : The hardware specification used by project 'FMCOMMS4_AD9364' is out of sync with the platform. Resource files extracted from the hardware specification will be updated.
15:09:34 INFO  : The file 'D:\FMCOMMS4_AD9364_Fifo_Tlast_FFT\Ws\FMCOMMS4_AD9364\_ide\bitstream\system_top.bit' stored in project is removed.
15:09:34 INFO  : The updated bitstream files are copied from platform to folder 'D:\FMCOMMS4_AD9364_Fifo_Tlast_FFT\Ws\FMCOMMS4_AD9364\_ide\bitstream' in project 'FMCOMMS4_AD9364'.
15:09:34 INFO  : The file 'D:\FMCOMMS4_AD9364_Fifo_Tlast_FFT\Ws\FMCOMMS4_AD9364\_ide\psinit\ps7_init.tcl' stored in project is removed.
15:09:40 INFO  : The updated ps init files are copied from platform to folder 'D:\FMCOMMS4_AD9364_Fifo_Tlast_FFT\Ws\FMCOMMS4_AD9364\_ide\psinit' in project 'FMCOMMS4_AD9364'.
15:09:51 INFO  : Disconnected from the channel tcfchan#11.
15:09:52 INFO  : Connected to target on host '127.0.0.1' and port '3121'.
15:09:52 INFO  : Jtag cable 'Digilent Zed 210248BE0D85' is selected.
15:09:52 INFO  : 'jtag frequency' command is executed.
15:09:52 INFO  : Context for 'APU' is selected.
15:09:52 INFO  : System reset is completed.
15:09:55 INFO  : 'after 3000' command is executed.
15:09:55 INFO  : 'targets -set -filter {jtag_cable_name =~ "Digilent Zed 210248BE0D85" && level==0 && jtag_device_ctx=="jsn-Zed-210248BE0D85-23727093-0"}' command is executed.
15:09:58 INFO  : Device configured successfully with "D:/FMCOMMS4_AD9364_Fifo_Tlast_FFT/Ws/FMCOMMS4_AD9364/_ide/bitstream/system_top.bit"
15:09:58 INFO  : Context for 'APU' is selected.
15:09:58 INFO  : Hardware design and registers information is loaded from 'D:/FMCOMMS4_AD9364_Fifo_Tlast_FFT/Ws/system_top/export/system_top/hw/system_top.xsa'.
15:09:58 INFO  : 'configparams force-mem-access 1' command is executed.
15:09:58 INFO  : Context for 'APU' is selected.
15:09:58 INFO  : Sourcing of 'D:/FMCOMMS4_AD9364_Fifo_Tlast_FFT/Ws/FMCOMMS4_AD9364/_ide/psinit/ps7_init.tcl' is done.
15:09:58 INFO  : 'ps7_init' command is executed.
15:09:58 INFO  : 'ps7_post_config' command is executed.
15:09:58 INFO  : Context for processor 'ps7_cortexa9_0' is selected.
15:09:59 INFO  : The application 'D:/FMCOMMS4_AD9364_Fifo_Tlast_FFT/Ws/FMCOMMS4_AD9364/Debug/FMCOMMS4_AD9364.elf' is downloaded to processor 'ps7_cortexa9_0'.
15:09:59 INFO  : 'configparams force-mem-access 0' command is executed.
15:09:59 INFO  : ----------------XSDB Script----------------
connect -url tcp:127.0.0.1:3121
targets -set -nocase -filter {name =~"APU*"}
rst -system
after 3000
targets -set -filter {jtag_cable_name =~ "Digilent Zed 210248BE0D85" && level==0 && jtag_device_ctx=="jsn-Zed-210248BE0D85-23727093-0"}
fpga -file D:/FMCOMMS4_AD9364_Fifo_Tlast_FFT/Ws/FMCOMMS4_AD9364/_ide/bitstream/system_top.bit
targets -set -nocase -filter {name =~"APU*"}
loadhw -hw D:/FMCOMMS4_AD9364_Fifo_Tlast_FFT/Ws/system_top/export/system_top/hw/system_top.xsa -mem-ranges [list {0x40000000 0xbfffffff}] -regs
configparams force-mem-access 1
targets -set -nocase -filter {name =~"APU*"}
source D:/FMCOMMS4_AD9364_Fifo_Tlast_FFT/Ws/FMCOMMS4_AD9364/_ide/psinit/ps7_init.tcl
ps7_init
ps7_post_config
targets -set -nocase -filter {name =~ "*A9*#0"}
dow D:/FMCOMMS4_AD9364_Fifo_Tlast_FFT/Ws/FMCOMMS4_AD9364/Debug/FMCOMMS4_AD9364.elf
configparams force-mem-access 0
----------------End of Script----------------

15:09:59 INFO  : Context for processor 'ps7_cortexa9_0' is selected.
15:09:59 INFO  : 'con' command is executed.
15:09:59 INFO  : ----------------XSDB Script (After Launch)----------------
targets -set -nocase -filter {name =~ "*A9*#0"}
con
----------------End of Script----------------

15:09:59 INFO  : Launch script is exported to file 'D:\FMCOMMS4_AD9364_Fifo_Tlast_FFT\Ws\FMCOMMS4_AD9364_system\_ide\scripts\debugger_fmcomms4_ad9364-default.tcl'
15:11:29 INFO  : Disconnected from the channel tcfchan#14.
15:11:30 INFO  : Connected to target on host '127.0.0.1' and port '3121'.
15:11:31 INFO  : Jtag cable 'Digilent Zed 210248BE0D85' is selected.
15:11:31 INFO  : 'jtag frequency' command is executed.
15:11:32 INFO  : Context for 'APU' is selected.
15:11:33 INFO  : System reset is completed.
15:11:36 INFO  : 'after 3000' command is executed.
15:11:36 INFO  : 'targets -set -filter {jtag_cable_name =~ "Digilent Zed 210248BE0D85" && level==0 && jtag_device_ctx=="jsn-Zed-210248BE0D85-23727093-0"}' command is executed.
15:11:38 INFO  : Device configured successfully with "D:/FMCOMMS4_AD9364_Fifo_Tlast_FFT/Ws/FMCOMMS4_AD9364/_ide/bitstream/system_top.bit"
15:11:38 INFO  : Context for 'APU' is selected.
15:11:38 INFO  : Hardware design and registers information is loaded from 'D:/FMCOMMS4_AD9364_Fifo_Tlast_FFT/Ws/system_top/export/system_top/hw/system_top.xsa'.
15:11:38 INFO  : 'configparams force-mem-access 1' command is executed.
15:11:38 INFO  : Context for 'APU' is selected.
15:11:38 INFO  : Sourcing of 'D:/FMCOMMS4_AD9364_Fifo_Tlast_FFT/Ws/FMCOMMS4_AD9364/_ide/psinit/ps7_init.tcl' is done.
15:11:38 INFO  : 'ps7_init' command is executed.
15:11:38 INFO  : 'ps7_post_config' command is executed.
15:11:38 INFO  : Context for processor 'ps7_cortexa9_0' is selected.
15:11:39 INFO  : The application 'D:/FMCOMMS4_AD9364_Fifo_Tlast_FFT/Ws/FMCOMMS4_AD9364/Debug/FMCOMMS4_AD9364.elf' is downloaded to processor 'ps7_cortexa9_0'.
15:11:39 INFO  : 'configparams force-mem-access 0' command is executed.
15:11:39 INFO  : ----------------XSDB Script----------------
connect -url tcp:127.0.0.1:3121
targets -set -nocase -filter {name =~"APU*"}
rst -system
after 3000
targets -set -filter {jtag_cable_name =~ "Digilent Zed 210248BE0D85" && level==0 && jtag_device_ctx=="jsn-Zed-210248BE0D85-23727093-0"}
fpga -file D:/FMCOMMS4_AD9364_Fifo_Tlast_FFT/Ws/FMCOMMS4_AD9364/_ide/bitstream/system_top.bit
targets -set -nocase -filter {name =~"APU*"}
loadhw -hw D:/FMCOMMS4_AD9364_Fifo_Tlast_FFT/Ws/system_top/export/system_top/hw/system_top.xsa -mem-ranges [list {0x40000000 0xbfffffff}] -regs
configparams force-mem-access 1
targets -set -nocase -filter {name =~"APU*"}
source D:/FMCOMMS4_AD9364_Fifo_Tlast_FFT/Ws/FMCOMMS4_AD9364/_ide/psinit/ps7_init.tcl
ps7_init
ps7_post_config
targets -set -nocase -filter {name =~ "*A9*#0"}
dow D:/FMCOMMS4_AD9364_Fifo_Tlast_FFT/Ws/FMCOMMS4_AD9364/Debug/FMCOMMS4_AD9364.elf
configparams force-mem-access 0
----------------End of Script----------------

15:11:39 INFO  : Context for processor 'ps7_cortexa9_0' is selected.
15:11:39 INFO  : 'con' command is executed.
15:11:39 INFO  : ----------------XSDB Script (After Launch)----------------
targets -set -nocase -filter {name =~ "*A9*#0"}
con
----------------End of Script----------------

15:11:39 INFO  : Launch script is exported to file 'D:\FMCOMMS4_AD9364_Fifo_Tlast_FFT\Ws\FMCOMMS4_AD9364_system\_ide\scripts\debugger_fmcomms4_ad9364-default.tcl'
15:12:52 INFO  : Checking for BSP changes to sync application flags for project 'FMCOMMS4_AD9364'...
15:13:08 INFO  : Checking for BSP changes to sync application flags for project 'FMCOMMS4_AD9364'...
15:13:23 INFO  : Disconnected from the channel tcfchan#15.
15:13:24 INFO  : Connected to target on host '127.0.0.1' and port '3121'.
15:13:33 INFO  : ----------------XSDB Script----------------
connect -url tcp:127.0.0.1:3121
----------------End of Script----------------

15:13:33 ERROR : Could not find Jtag device on the board for connection 'Local'.


Troubleshooting hints:
1. Check whether board is connected to system properly.
2. In case of zynq board, check whether Digilent/Xilinx cable switch settings are correct.
3. If you are using Xilinx Platform Cable USB, ensure that status LED is green.
15:13:50 INFO  : Connected to target on host '127.0.0.1' and port '3121'.
15:13:50 INFO  : Jtag cable 'Digilent Zed 210248BE0D85' is selected.
15:13:50 INFO  : 'jtag frequency' command is executed.
15:13:50 INFO  : Context for 'APU' is selected.
15:13:50 INFO  : System reset is completed.
15:13:53 INFO  : 'after 3000' command is executed.
15:13:53 INFO  : 'targets -set -filter {jtag_cable_name =~ "Digilent Zed 210248BE0D85" && level==0 && jtag_device_ctx=="jsn-Zed-210248BE0D85-23727093-0"}' command is executed.
15:13:55 INFO  : Device configured successfully with "D:/FMCOMMS4_AD9364_Fifo_Tlast_FFT/Ws/FMCOMMS4_AD9364/_ide/bitstream/system_top.bit"
15:13:56 INFO  : Context for 'APU' is selected.
15:13:56 INFO  : Hardware design and registers information is loaded from 'D:/FMCOMMS4_AD9364_Fifo_Tlast_FFT/Ws/system_top/export/system_top/hw/system_top.xsa'.
15:13:56 INFO  : 'configparams force-mem-access 1' command is executed.
15:13:56 INFO  : Context for 'APU' is selected.
15:13:56 INFO  : Sourcing of 'D:/FMCOMMS4_AD9364_Fifo_Tlast_FFT/Ws/FMCOMMS4_AD9364/_ide/psinit/ps7_init.tcl' is done.
15:13:56 INFO  : 'ps7_init' command is executed.
15:13:56 INFO  : 'ps7_post_config' command is executed.
15:13:56 INFO  : Context for processor 'ps7_cortexa9_0' is selected.
15:13:56 INFO  : The application 'D:/FMCOMMS4_AD9364_Fifo_Tlast_FFT/Ws/FMCOMMS4_AD9364/Debug/FMCOMMS4_AD9364.elf' is downloaded to processor 'ps7_cortexa9_0'.
15:13:56 INFO  : 'configparams force-mem-access 0' command is executed.
15:13:56 INFO  : ----------------XSDB Script----------------
connect -url tcp:127.0.0.1:3121
targets -set -nocase -filter {name =~"APU*"}
rst -system
after 3000
targets -set -filter {jtag_cable_name =~ "Digilent Zed 210248BE0D85" && level==0 && jtag_device_ctx=="jsn-Zed-210248BE0D85-23727093-0"}
fpga -file D:/FMCOMMS4_AD9364_Fifo_Tlast_FFT/Ws/FMCOMMS4_AD9364/_ide/bitstream/system_top.bit
targets -set -nocase -filter {name =~"APU*"}
loadhw -hw D:/FMCOMMS4_AD9364_Fifo_Tlast_FFT/Ws/system_top/export/system_top/hw/system_top.xsa -mem-ranges [list {0x40000000 0xbfffffff}] -regs
configparams force-mem-access 1
targets -set -nocase -filter {name =~"APU*"}
source D:/FMCOMMS4_AD9364_Fifo_Tlast_FFT/Ws/FMCOMMS4_AD9364/_ide/psinit/ps7_init.tcl
ps7_init
ps7_post_config
targets -set -nocase -filter {name =~ "*A9*#0"}
dow D:/FMCOMMS4_AD9364_Fifo_Tlast_FFT/Ws/FMCOMMS4_AD9364/Debug/FMCOMMS4_AD9364.elf
configparams force-mem-access 0
----------------End of Script----------------

15:13:57 INFO  : Context for processor 'ps7_cortexa9_0' is selected.
15:13:57 INFO  : 'con' command is executed.
15:13:57 INFO  : ----------------XSDB Script (After Launch)----------------
targets -set -nocase -filter {name =~ "*A9*#0"}
con
----------------End of Script----------------

15:13:57 INFO  : Launch script is exported to file 'D:\FMCOMMS4_AD9364_Fifo_Tlast_FFT\Ws\FMCOMMS4_AD9364_system\_ide\scripts\debugger_fmcomms4_ad9364-default.tcl'
15:15:04 INFO  : Checking for BSP changes to sync application flags for project 'FMCOMMS4_AD9364'...
15:15:17 INFO  : Checking for BSP changes to sync application flags for project 'FMCOMMS4_AD9364'...
15:15:26 INFO  : Disconnected from the channel tcfchan#17.
15:15:27 INFO  : Connected to target on host '127.0.0.1' and port '3121'.
15:15:28 INFO  : Jtag cable 'Digilent Zed 210248BE0D85' is selected.
15:15:28 INFO  : 'jtag frequency' command is executed.
15:15:28 INFO  : Context for 'APU' is selected.
15:15:28 INFO  : System reset is completed.
15:15:31 INFO  : 'after 3000' command is executed.
15:15:31 INFO  : 'targets -set -filter {jtag_cable_name =~ "Digilent Zed 210248BE0D85" && level==0 && jtag_device_ctx=="jsn-Zed-210248BE0D85-23727093-0"}' command is executed.
15:15:33 INFO  : Device configured successfully with "D:/FMCOMMS4_AD9364_Fifo_Tlast_FFT/Ws/FMCOMMS4_AD9364/_ide/bitstream/system_top.bit"
15:15:33 INFO  : Context for 'APU' is selected.
15:15:33 INFO  : Hardware design and registers information is loaded from 'D:/FMCOMMS4_AD9364_Fifo_Tlast_FFT/Ws/system_top/export/system_top/hw/system_top.xsa'.
15:15:33 INFO  : 'configparams force-mem-access 1' command is executed.
15:15:33 INFO  : Context for 'APU' is selected.
15:15:33 INFO  : Sourcing of 'D:/FMCOMMS4_AD9364_Fifo_Tlast_FFT/Ws/FMCOMMS4_AD9364/_ide/psinit/ps7_init.tcl' is done.
15:15:33 INFO  : 'ps7_init' command is executed.
15:15:33 INFO  : 'ps7_post_config' command is executed.
15:15:33 INFO  : Context for processor 'ps7_cortexa9_0' is selected.
15:15:34 INFO  : The application 'D:/FMCOMMS4_AD9364_Fifo_Tlast_FFT/Ws/FMCOMMS4_AD9364/Debug/FMCOMMS4_AD9364.elf' is downloaded to processor 'ps7_cortexa9_0'.
15:15:34 INFO  : 'configparams force-mem-access 0' command is executed.
15:15:34 INFO  : ----------------XSDB Script----------------
connect -url tcp:127.0.0.1:3121
targets -set -nocase -filter {name =~"APU*"}
rst -system
after 3000
targets -set -filter {jtag_cable_name =~ "Digilent Zed 210248BE0D85" && level==0 && jtag_device_ctx=="jsn-Zed-210248BE0D85-23727093-0"}
fpga -file D:/FMCOMMS4_AD9364_Fifo_Tlast_FFT/Ws/FMCOMMS4_AD9364/_ide/bitstream/system_top.bit
targets -set -nocase -filter {name =~"APU*"}
loadhw -hw D:/FMCOMMS4_AD9364_Fifo_Tlast_FFT/Ws/system_top/export/system_top/hw/system_top.xsa -mem-ranges [list {0x40000000 0xbfffffff}] -regs
configparams force-mem-access 1
targets -set -nocase -filter {name =~"APU*"}
source D:/FMCOMMS4_AD9364_Fifo_Tlast_FFT/Ws/FMCOMMS4_AD9364/_ide/psinit/ps7_init.tcl
ps7_init
ps7_post_config
targets -set -nocase -filter {name =~ "*A9*#0"}
dow D:/FMCOMMS4_AD9364_Fifo_Tlast_FFT/Ws/FMCOMMS4_AD9364/Debug/FMCOMMS4_AD9364.elf
configparams force-mem-access 0
----------------End of Script----------------

15:15:34 INFO  : Context for processor 'ps7_cortexa9_0' is selected.
15:15:34 INFO  : 'con' command is executed.
15:15:34 INFO  : ----------------XSDB Script (After Launch)----------------
targets -set -nocase -filter {name =~ "*A9*#0"}
con
----------------End of Script----------------

15:15:34 INFO  : Launch script is exported to file 'D:\FMCOMMS4_AD9364_Fifo_Tlast_FFT\Ws\FMCOMMS4_AD9364_system\_ide\scripts\debugger_fmcomms4_ad9364-default.tcl'
15:17:50 INFO  : Checking for BSP changes to sync application flags for project 'FMCOMMS4_AD9364'...
15:17:58 INFO  : Checking for BSP changes to sync application flags for project 'FMCOMMS4_AD9364'...
15:18:08 INFO  : Disconnected from the channel tcfchan#20.
15:18:09 INFO  : Connected to target on host '127.0.0.1' and port '3121'.
15:18:18 INFO  : ----------------XSDB Script----------------
connect -url tcp:127.0.0.1:3121
----------------End of Script----------------

15:18:18 ERROR : Could not find Jtag device on the board for connection 'Local'.


Troubleshooting hints:
1. Check whether board is connected to system properly.
2. In case of zynq board, check whether Digilent/Xilinx cable switch settings are correct.
3. If you are using Xilinx Platform Cable USB, ensure that status LED is green.
15:18:20 INFO  : Connected to target on host '127.0.0.1' and port '3121'.
15:18:20 INFO  : Jtag cable 'Digilent Zed 210248BE0D85' is selected.
15:18:20 INFO  : 'jtag frequency' command is executed.
15:18:20 INFO  : Context for 'APU' is selected.
15:18:20 INFO  : System reset is completed.
15:18:23 INFO  : 'after 3000' command is executed.
15:18:23 INFO  : 'targets -set -filter {jtag_cable_name =~ "Digilent Zed 210248BE0D85" && level==0 && jtag_device_ctx=="jsn-Zed-210248BE0D85-23727093-0"}' command is executed.
15:18:26 INFO  : Device configured successfully with "D:/FMCOMMS4_AD9364_Fifo_Tlast_FFT/Ws/FMCOMMS4_AD9364/_ide/bitstream/system_top.bit"
15:18:26 INFO  : Context for 'APU' is selected.
15:18:26 INFO  : Hardware design and registers information is loaded from 'D:/FMCOMMS4_AD9364_Fifo_Tlast_FFT/Ws/system_top/export/system_top/hw/system_top.xsa'.
15:18:26 INFO  : 'configparams force-mem-access 1' command is executed.
15:18:26 INFO  : Context for 'APU' is selected.
15:18:26 INFO  : Sourcing of 'D:/FMCOMMS4_AD9364_Fifo_Tlast_FFT/Ws/FMCOMMS4_AD9364/_ide/psinit/ps7_init.tcl' is done.
15:18:26 INFO  : 'ps7_init' command is executed.
15:18:26 INFO  : 'ps7_post_config' command is executed.
15:18:26 INFO  : Context for processor 'ps7_cortexa9_0' is selected.
15:18:27 INFO  : The application 'D:/FMCOMMS4_AD9364_Fifo_Tlast_FFT/Ws/FMCOMMS4_AD9364/Debug/FMCOMMS4_AD9364.elf' is downloaded to processor 'ps7_cortexa9_0'.
15:18:27 INFO  : 'configparams force-mem-access 0' command is executed.
15:18:27 INFO  : ----------------XSDB Script----------------
connect -url tcp:127.0.0.1:3121
targets -set -nocase -filter {name =~"APU*"}
rst -system
after 3000
targets -set -filter {jtag_cable_name =~ "Digilent Zed 210248BE0D85" && level==0 && jtag_device_ctx=="jsn-Zed-210248BE0D85-23727093-0"}
fpga -file D:/FMCOMMS4_AD9364_Fifo_Tlast_FFT/Ws/FMCOMMS4_AD9364/_ide/bitstream/system_top.bit
targets -set -nocase -filter {name =~"APU*"}
loadhw -hw D:/FMCOMMS4_AD9364_Fifo_Tlast_FFT/Ws/system_top/export/system_top/hw/system_top.xsa -mem-ranges [list {0x40000000 0xbfffffff}] -regs
configparams force-mem-access 1
targets -set -nocase -filter {name =~"APU*"}
source D:/FMCOMMS4_AD9364_Fifo_Tlast_FFT/Ws/FMCOMMS4_AD9364/_ide/psinit/ps7_init.tcl
ps7_init
ps7_post_config
targets -set -nocase -filter {name =~ "*A9*#0"}
dow D:/FMCOMMS4_AD9364_Fifo_Tlast_FFT/Ws/FMCOMMS4_AD9364/Debug/FMCOMMS4_AD9364.elf
configparams force-mem-access 0
----------------End of Script----------------

15:18:27 INFO  : Context for processor 'ps7_cortexa9_0' is selected.
15:18:27 INFO  : 'con' command is executed.
15:18:27 INFO  : ----------------XSDB Script (After Launch)----------------
targets -set -nocase -filter {name =~ "*A9*#0"}
con
----------------End of Script----------------

15:18:27 INFO  : Launch script is exported to file 'D:\FMCOMMS4_AD9364_Fifo_Tlast_FFT\Ws\FMCOMMS4_AD9364_system\_ide\scripts\debugger_fmcomms4_ad9364-default.tcl'
15:18:43 INFO  : Disconnected from the channel tcfchan#23.
15:18:44 INFO  : Connected to target on host '127.0.0.1' and port '3121'.
15:18:44 INFO  : Jtag cable 'Digilent Zed 210248BE0D85' is selected.
15:18:44 INFO  : 'jtag frequency' command is executed.
15:18:44 INFO  : Context for 'APU' is selected.
15:18:44 INFO  : System reset is completed.
15:18:47 INFO  : 'after 3000' command is executed.
15:18:47 INFO  : 'targets -set -filter {jtag_cable_name =~ "Digilent Zed 210248BE0D85" && level==0 && jtag_device_ctx=="jsn-Zed-210248BE0D85-23727093-0"}' command is executed.
15:18:50 INFO  : Device configured successfully with "D:/FMCOMMS4_AD9364_Fifo_Tlast_FFT/Ws/FMCOMMS4_AD9364/_ide/bitstream/system_top.bit"
15:18:50 INFO  : Context for 'APU' is selected.
15:18:50 INFO  : Hardware design and registers information is loaded from 'D:/FMCOMMS4_AD9364_Fifo_Tlast_FFT/Ws/system_top/export/system_top/hw/system_top.xsa'.
15:18:50 INFO  : 'configparams force-mem-access 1' command is executed.
15:18:50 INFO  : Context for 'APU' is selected.
15:18:50 INFO  : Sourcing of 'D:/FMCOMMS4_AD9364_Fifo_Tlast_FFT/Ws/FMCOMMS4_AD9364/_ide/psinit/ps7_init.tcl' is done.
15:18:50 INFO  : 'ps7_init' command is executed.
15:18:50 INFO  : 'ps7_post_config' command is executed.
15:18:50 INFO  : Context for processor 'ps7_cortexa9_0' is selected.
15:18:51 INFO  : The application 'D:/FMCOMMS4_AD9364_Fifo_Tlast_FFT/Ws/FMCOMMS4_AD9364/Debug/FMCOMMS4_AD9364.elf' is downloaded to processor 'ps7_cortexa9_0'.
15:18:51 INFO  : 'configparams force-mem-access 0' command is executed.
15:18:51 INFO  : ----------------XSDB Script----------------
connect -url tcp:127.0.0.1:3121
targets -set -nocase -filter {name =~"APU*"}
rst -system
after 3000
targets -set -filter {jtag_cable_name =~ "Digilent Zed 210248BE0D85" && level==0 && jtag_device_ctx=="jsn-Zed-210248BE0D85-23727093-0"}
fpga -file D:/FMCOMMS4_AD9364_Fifo_Tlast_FFT/Ws/FMCOMMS4_AD9364/_ide/bitstream/system_top.bit
targets -set -nocase -filter {name =~"APU*"}
loadhw -hw D:/FMCOMMS4_AD9364_Fifo_Tlast_FFT/Ws/system_top/export/system_top/hw/system_top.xsa -mem-ranges [list {0x40000000 0xbfffffff}] -regs
configparams force-mem-access 1
targets -set -nocase -filter {name =~"APU*"}
source D:/FMCOMMS4_AD9364_Fifo_Tlast_FFT/Ws/FMCOMMS4_AD9364/_ide/psinit/ps7_init.tcl
ps7_init
ps7_post_config
targets -set -nocase -filter {name =~ "*A9*#0"}
dow D:/FMCOMMS4_AD9364_Fifo_Tlast_FFT/Ws/FMCOMMS4_AD9364/Debug/FMCOMMS4_AD9364.elf
configparams force-mem-access 0
----------------End of Script----------------

15:18:51 INFO  : Context for processor 'ps7_cortexa9_0' is selected.
15:18:51 INFO  : 'con' command is executed.
15:18:51 INFO  : ----------------XSDB Script (After Launch)----------------
targets -set -nocase -filter {name =~ "*A9*#0"}
con
----------------End of Script----------------

15:18:51 INFO  : Launch script is exported to file 'D:\FMCOMMS4_AD9364_Fifo_Tlast_FFT\Ws\FMCOMMS4_AD9364_system\_ide\scripts\debugger_fmcomms4_ad9364-default.tcl'
15:41:49 INFO  : Disconnected from the channel tcfchan#24.
15:41:50 INFO  : Connected to target on host '127.0.0.1' and port '3121'.
15:41:51 INFO  : Jtag cable 'Digilent Zed 210248BE0D85' is selected.
15:41:51 INFO  : 'jtag frequency' command is executed.
15:41:51 INFO  : Context for 'APU' is selected.
15:41:51 INFO  : System reset is completed.
15:41:54 INFO  : 'after 3000' command is executed.
15:41:54 INFO  : 'targets -set -filter {jtag_cable_name =~ "Digilent Zed 210248BE0D85" && level==0 && jtag_device_ctx=="jsn-Zed-210248BE0D85-23727093-0"}' command is executed.
15:41:57 INFO  : Device configured successfully with "D:/FMCOMMS4_AD9364_Fifo_Tlast_FFT/Ws/FMCOMMS4_AD9364/_ide/bitstream/system_top.bit"
15:41:57 INFO  : Context for 'APU' is selected.
15:41:57 INFO  : Hardware design and registers information is loaded from 'D:/FMCOMMS4_AD9364_Fifo_Tlast_FFT/Ws/system_top/export/system_top/hw/system_top.xsa'.
15:41:57 INFO  : 'configparams force-mem-access 1' command is executed.
15:41:57 INFO  : Context for 'APU' is selected.
15:41:57 INFO  : Sourcing of 'D:/FMCOMMS4_AD9364_Fifo_Tlast_FFT/Ws/FMCOMMS4_AD9364/_ide/psinit/ps7_init.tcl' is done.
15:41:57 INFO  : 'ps7_init' command is executed.
15:41:57 INFO  : 'ps7_post_config' command is executed.
15:41:57 INFO  : Context for processor 'ps7_cortexa9_0' is selected.
15:41:58 INFO  : The application 'D:/FMCOMMS4_AD9364_Fifo_Tlast_FFT/Ws/FMCOMMS4_AD9364/Debug/FMCOMMS4_AD9364.elf' is downloaded to processor 'ps7_cortexa9_0'.
15:41:58 INFO  : 'configparams force-mem-access 0' command is executed.
15:41:58 INFO  : ----------------XSDB Script----------------
connect -url tcp:127.0.0.1:3121
targets -set -nocase -filter {name =~"APU*"}
rst -system
after 3000
targets -set -filter {jtag_cable_name =~ "Digilent Zed 210248BE0D85" && level==0 && jtag_device_ctx=="jsn-Zed-210248BE0D85-23727093-0"}
fpga -file D:/FMCOMMS4_AD9364_Fifo_Tlast_FFT/Ws/FMCOMMS4_AD9364/_ide/bitstream/system_top.bit
targets -set -nocase -filter {name =~"APU*"}
loadhw -hw D:/FMCOMMS4_AD9364_Fifo_Tlast_FFT/Ws/system_top/export/system_top/hw/system_top.xsa -mem-ranges [list {0x40000000 0xbfffffff}] -regs
configparams force-mem-access 1
targets -set -nocase -filter {name =~"APU*"}
source D:/FMCOMMS4_AD9364_Fifo_Tlast_FFT/Ws/FMCOMMS4_AD9364/_ide/psinit/ps7_init.tcl
ps7_init
ps7_post_config
targets -set -nocase -filter {name =~ "*A9*#0"}
dow D:/FMCOMMS4_AD9364_Fifo_Tlast_FFT/Ws/FMCOMMS4_AD9364/Debug/FMCOMMS4_AD9364.elf
configparams force-mem-access 0
----------------End of Script----------------

15:41:58 INFO  : Context for processor 'ps7_cortexa9_0' is selected.
15:41:58 INFO  : 'con' command is executed.
15:41:58 INFO  : ----------------XSDB Script (After Launch)----------------
targets -set -nocase -filter {name =~ "*A9*#0"}
con
----------------End of Script----------------

15:41:58 INFO  : Launch script is exported to file 'D:\FMCOMMS4_AD9364_Fifo_Tlast_FFT\Ws\FMCOMMS4_AD9364_system\_ide\scripts\debugger_fmcomms4_ad9364-default.tcl'
15:42:53 INFO  : Disconnected from the channel tcfchan#25.
15:42:54 INFO  : Connected to target on host '127.0.0.1' and port '3121'.
15:42:55 INFO  : Jtag cable 'Digilent Zed 210248BE0D85' is selected.
15:42:55 ERROR : port closed
15:42:55 INFO  : ----------------XSDB Script----------------
connect -url tcp:127.0.0.1:3121
----------------End of Script----------------

15:42:55 ERROR : port closed
15:42:59 INFO  : Connected to target on host '127.0.0.1' and port '3121'.
15:42:59 INFO  : Jtag cable 'Digilent Zed 210248BE0D85' is selected.
15:42:59 INFO  : 'jtag frequency' command is executed.
15:42:59 INFO  : Context for 'APU' is selected.
15:43:00 INFO  : System reset is completed.
15:43:03 INFO  : 'after 3000' command is executed.
15:43:03 INFO  : 'targets -set -filter {jtag_cable_name =~ "Digilent Zed 210248BE0D85" && level==0 && jtag_device_ctx=="jsn-Zed-210248BE0D85-23727093-0"}' command is executed.
15:43:05 INFO  : Device configured successfully with "D:/FMCOMMS4_AD9364_Fifo_Tlast_FFT/Ws/FMCOMMS4_AD9364/_ide/bitstream/system_top.bit"
15:43:05 INFO  : Context for 'APU' is selected.
15:43:05 INFO  : Hardware design and registers information is loaded from 'D:/FMCOMMS4_AD9364_Fifo_Tlast_FFT/Ws/system_top/export/system_top/hw/system_top.xsa'.
15:43:05 INFO  : 'configparams force-mem-access 1' command is executed.
15:43:05 INFO  : Context for 'APU' is selected.
15:43:05 INFO  : Sourcing of 'D:/FMCOMMS4_AD9364_Fifo_Tlast_FFT/Ws/FMCOMMS4_AD9364/_ide/psinit/ps7_init.tcl' is done.
15:43:05 INFO  : 'ps7_init' command is executed.
15:43:05 INFO  : 'ps7_post_config' command is executed.
15:43:05 INFO  : Context for processor 'ps7_cortexa9_0' is selected.
15:43:06 INFO  : The application 'D:/FMCOMMS4_AD9364_Fifo_Tlast_FFT/Ws/FMCOMMS4_AD9364/Debug/FMCOMMS4_AD9364.elf' is downloaded to processor 'ps7_cortexa9_0'.
15:43:06 INFO  : 'configparams force-mem-access 0' command is executed.
15:43:06 INFO  : ----------------XSDB Script----------------
connect -url tcp:127.0.0.1:3121
targets -set -nocase -filter {name =~"APU*"}
rst -system
after 3000
targets -set -filter {jtag_cable_name =~ "Digilent Zed 210248BE0D85" && level==0 && jtag_device_ctx=="jsn-Zed-210248BE0D85-23727093-0"}
fpga -file D:/FMCOMMS4_AD9364_Fifo_Tlast_FFT/Ws/FMCOMMS4_AD9364/_ide/bitstream/system_top.bit
targets -set -nocase -filter {name =~"APU*"}
loadhw -hw D:/FMCOMMS4_AD9364_Fifo_Tlast_FFT/Ws/system_top/export/system_top/hw/system_top.xsa -mem-ranges [list {0x40000000 0xbfffffff}] -regs
configparams force-mem-access 1
targets -set -nocase -filter {name =~"APU*"}
source D:/FMCOMMS4_AD9364_Fifo_Tlast_FFT/Ws/FMCOMMS4_AD9364/_ide/psinit/ps7_init.tcl
ps7_init
ps7_post_config
targets -set -nocase -filter {name =~ "*A9*#0"}
dow D:/FMCOMMS4_AD9364_Fifo_Tlast_FFT/Ws/FMCOMMS4_AD9364/Debug/FMCOMMS4_AD9364.elf
configparams force-mem-access 0
----------------End of Script----------------

15:43:06 INFO  : Context for processor 'ps7_cortexa9_0' is selected.
15:43:06 INFO  : 'con' command is executed.
15:43:06 INFO  : ----------------XSDB Script (After Launch)----------------
targets -set -nocase -filter {name =~ "*A9*#0"}
con
----------------End of Script----------------

15:43:06 INFO  : Launch script is exported to file 'D:\FMCOMMS4_AD9364_Fifo_Tlast_FFT\Ws\FMCOMMS4_AD9364_system\_ide\scripts\debugger_fmcomms4_ad9364-default.tcl'
15:43:19 INFO  : Disconnected from the channel tcfchan#26.
15:43:20 INFO  : Connected to target on host '127.0.0.1' and port '3121'.
15:43:29 INFO  : ----------------XSDB Script----------------
connect -url tcp:127.0.0.1:3121
----------------End of Script----------------

15:43:29 ERROR : Could not find Jtag device on the board for connection 'Local'.


Troubleshooting hints:
1. Check whether board is connected to system properly.
2. In case of zynq board, check whether Digilent/Xilinx cable switch settings are correct.
3. If you are using Xilinx Platform Cable USB, ensure that status LED is green.
15:43:48 INFO  : Connected to target on host '127.0.0.1' and port '3121'.
15:43:48 INFO  : Jtag cable 'Digilent Zed 210248BE0D85' is selected.
15:43:48 INFO  : 'jtag frequency' command is executed.
15:43:48 INFO  : Context for 'APU' is selected.
15:43:48 INFO  : System reset is completed.
15:43:51 INFO  : 'after 3000' command is executed.
15:43:51 INFO  : 'targets -set -filter {jtag_cable_name =~ "Digilent Zed 210248BE0D85" && level==0 && jtag_device_ctx=="jsn-Zed-210248BE0D85-23727093-0"}' command is executed.
15:43:54 INFO  : Device configured successfully with "D:/FMCOMMS4_AD9364_Fifo_Tlast_FFT/Ws/FMCOMMS4_AD9364/_ide/bitstream/system_top.bit"
15:43:54 INFO  : Context for 'APU' is selected.
15:43:54 INFO  : Hardware design and registers information is loaded from 'D:/FMCOMMS4_AD9364_Fifo_Tlast_FFT/Ws/system_top/export/system_top/hw/system_top.xsa'.
15:43:54 INFO  : 'configparams force-mem-access 1' command is executed.
15:43:54 INFO  : Context for 'APU' is selected.
15:43:54 INFO  : Sourcing of 'D:/FMCOMMS4_AD9364_Fifo_Tlast_FFT/Ws/FMCOMMS4_AD9364/_ide/psinit/ps7_init.tcl' is done.
15:43:54 INFO  : 'ps7_init' command is executed.
15:43:54 INFO  : 'ps7_post_config' command is executed.
15:43:54 INFO  : Context for processor 'ps7_cortexa9_0' is selected.
15:43:55 INFO  : The application 'D:/FMCOMMS4_AD9364_Fifo_Tlast_FFT/Ws/FMCOMMS4_AD9364/Debug/FMCOMMS4_AD9364.elf' is downloaded to processor 'ps7_cortexa9_0'.
15:43:55 INFO  : 'configparams force-mem-access 0' command is executed.
15:43:55 INFO  : ----------------XSDB Script----------------
connect -url tcp:127.0.0.1:3121
targets -set -nocase -filter {name =~"APU*"}
rst -system
after 3000
targets -set -filter {jtag_cable_name =~ "Digilent Zed 210248BE0D85" && level==0 && jtag_device_ctx=="jsn-Zed-210248BE0D85-23727093-0"}
fpga -file D:/FMCOMMS4_AD9364_Fifo_Tlast_FFT/Ws/FMCOMMS4_AD9364/_ide/bitstream/system_top.bit
targets -set -nocase -filter {name =~"APU*"}
loadhw -hw D:/FMCOMMS4_AD9364_Fifo_Tlast_FFT/Ws/system_top/export/system_top/hw/system_top.xsa -mem-ranges [list {0x40000000 0xbfffffff}] -regs
configparams force-mem-access 1
targets -set -nocase -filter {name =~"APU*"}
source D:/FMCOMMS4_AD9364_Fifo_Tlast_FFT/Ws/FMCOMMS4_AD9364/_ide/psinit/ps7_init.tcl
ps7_init
ps7_post_config
targets -set -nocase -filter {name =~ "*A9*#0"}
dow D:/FMCOMMS4_AD9364_Fifo_Tlast_FFT/Ws/FMCOMMS4_AD9364/Debug/FMCOMMS4_AD9364.elf
configparams force-mem-access 0
----------------End of Script----------------

15:43:55 INFO  : Context for processor 'ps7_cortexa9_0' is selected.
15:43:55 INFO  : 'con' command is executed.
15:43:55 INFO  : ----------------XSDB Script (After Launch)----------------
targets -set -nocase -filter {name =~ "*A9*#0"}
con
----------------End of Script----------------

15:43:55 INFO  : Launch script is exported to file 'D:\FMCOMMS4_AD9364_Fifo_Tlast_FFT\Ws\FMCOMMS4_AD9364_system\_ide\scripts\debugger_fmcomms4_ad9364-default.tcl'
15:44:13 INFO  : Disconnected from the channel tcfchan#27.
15:44:14 INFO  : Connected to target on host '127.0.0.1' and port '3121'.
15:44:14 INFO  : Jtag cable 'Digilent Zed 210248BE0D85' is selected.
15:44:14 ERROR : port closed
15:44:14 INFO  : ----------------XSDB Script----------------
connect -url tcp:127.0.0.1:3121
----------------End of Script----------------

15:44:14 ERROR : port closed
15:44:30 INFO  : Connected to target on host '127.0.0.1' and port '3121'.
15:44:30 INFO  : Jtag cable 'Digilent Zed 210248BE0D85' is selected.
15:44:30 INFO  : 'jtag frequency' command is executed.
15:44:30 INFO  : Context for 'APU' is selected.
15:44:30 INFO  : System reset is completed.
15:44:33 INFO  : 'after 3000' command is executed.
15:44:33 INFO  : 'targets -set -filter {jtag_cable_name =~ "Digilent Zed 210248BE0D85" && level==0 && jtag_device_ctx=="jsn-Zed-210248BE0D85-23727093-0"}' command is executed.
15:44:36 INFO  : Device configured successfully with "D:/FMCOMMS4_AD9364_Fifo_Tlast_FFT/Ws/FMCOMMS4_AD9364/_ide/bitstream/system_top.bit"
15:44:36 INFO  : Context for 'APU' is selected.
15:44:36 INFO  : Hardware design and registers information is loaded from 'D:/FMCOMMS4_AD9364_Fifo_Tlast_FFT/Ws/system_top/export/system_top/hw/system_top.xsa'.
15:44:36 INFO  : 'configparams force-mem-access 1' command is executed.
15:44:36 INFO  : Context for 'APU' is selected.
15:44:36 INFO  : Sourcing of 'D:/FMCOMMS4_AD9364_Fifo_Tlast_FFT/Ws/FMCOMMS4_AD9364/_ide/psinit/ps7_init.tcl' is done.
15:44:36 INFO  : 'ps7_init' command is executed.
15:44:36 INFO  : 'ps7_post_config' command is executed.
15:44:36 INFO  : Context for processor 'ps7_cortexa9_0' is selected.
15:44:37 INFO  : The application 'D:/FMCOMMS4_AD9364_Fifo_Tlast_FFT/Ws/FMCOMMS4_AD9364/Debug/FMCOMMS4_AD9364.elf' is downloaded to processor 'ps7_cortexa9_0'.
15:44:37 INFO  : 'configparams force-mem-access 0' command is executed.
15:44:37 INFO  : ----------------XSDB Script----------------
connect -url tcp:127.0.0.1:3121
targets -set -nocase -filter {name =~"APU*"}
rst -system
after 3000
targets -set -filter {jtag_cable_name =~ "Digilent Zed 210248BE0D85" && level==0 && jtag_device_ctx=="jsn-Zed-210248BE0D85-23727093-0"}
fpga -file D:/FMCOMMS4_AD9364_Fifo_Tlast_FFT/Ws/FMCOMMS4_AD9364/_ide/bitstream/system_top.bit
targets -set -nocase -filter {name =~"APU*"}
loadhw -hw D:/FMCOMMS4_AD9364_Fifo_Tlast_FFT/Ws/system_top/export/system_top/hw/system_top.xsa -mem-ranges [list {0x40000000 0xbfffffff}] -regs
configparams force-mem-access 1
targets -set -nocase -filter {name =~"APU*"}
source D:/FMCOMMS4_AD9364_Fifo_Tlast_FFT/Ws/FMCOMMS4_AD9364/_ide/psinit/ps7_init.tcl
ps7_init
ps7_post_config
targets -set -nocase -filter {name =~ "*A9*#0"}
dow D:/FMCOMMS4_AD9364_Fifo_Tlast_FFT/Ws/FMCOMMS4_AD9364/Debug/FMCOMMS4_AD9364.elf
configparams force-mem-access 0
----------------End of Script----------------

15:44:37 INFO  : Context for processor 'ps7_cortexa9_0' is selected.
15:44:37 INFO  : 'con' command is executed.
15:44:37 INFO  : ----------------XSDB Script (After Launch)----------------
targets -set -nocase -filter {name =~ "*A9*#0"}
con
----------------End of Script----------------

15:44:37 INFO  : Launch script is exported to file 'D:\FMCOMMS4_AD9364_Fifo_Tlast_FFT\Ws\FMCOMMS4_AD9364_system\_ide\scripts\debugger_fmcomms4_ad9364-default.tcl'
15:48:12 INFO  : Disconnected from the channel tcfchan#28.
15:48:13 INFO  : Connected to target on host '127.0.0.1' and port '3121'.
15:48:13 INFO  : Jtag cable 'Digilent Zed 210248BE0D85' is selected.
15:48:13 ERROR : port closed
15:48:13 INFO  : ----------------XSDB Script----------------
connect -url tcp:127.0.0.1:3121
----------------End of Script----------------

15:48:13 ERROR : port closed
15:48:24 INFO  : Connected to target on host '127.0.0.1' and port '3121'.
15:48:24 INFO  : Jtag cable 'Digilent Zed 210248BE0D85' is selected.
15:48:24 INFO  : 'jtag frequency' command is executed.
15:48:24 INFO  : Context for 'APU' is selected.
15:48:24 INFO  : System reset is completed.
15:48:27 INFO  : 'after 3000' command is executed.
15:48:27 INFO  : 'targets -set -filter {jtag_cable_name =~ "Digilent Zed 210248BE0D85" && level==0 && jtag_device_ctx=="jsn-Zed-210248BE0D85-23727093-0"}' command is executed.
15:48:30 INFO  : Device configured successfully with "D:/FMCOMMS4_AD9364_Fifo_Tlast_FFT/Ws/FMCOMMS4_AD9364/_ide/bitstream/system_top.bit"
15:48:30 INFO  : Context for 'APU' is selected.
15:48:30 INFO  : Hardware design and registers information is loaded from 'D:/FMCOMMS4_AD9364_Fifo_Tlast_FFT/Ws/system_top/export/system_top/hw/system_top.xsa'.
15:48:30 INFO  : 'configparams force-mem-access 1' command is executed.
15:48:30 INFO  : Context for 'APU' is selected.
15:48:30 INFO  : Sourcing of 'D:/FMCOMMS4_AD9364_Fifo_Tlast_FFT/Ws/FMCOMMS4_AD9364/_ide/psinit/ps7_init.tcl' is done.
15:48:30 INFO  : 'ps7_init' command is executed.
15:48:30 INFO  : 'ps7_post_config' command is executed.
15:48:30 INFO  : Context for processor 'ps7_cortexa9_0' is selected.
15:48:31 INFO  : The application 'D:/FMCOMMS4_AD9364_Fifo_Tlast_FFT/Ws/FMCOMMS4_AD9364/Debug/FMCOMMS4_AD9364.elf' is downloaded to processor 'ps7_cortexa9_0'.
15:48:31 INFO  : 'configparams force-mem-access 0' command is executed.
15:48:31 INFO  : ----------------XSDB Script----------------
connect -url tcp:127.0.0.1:3121
targets -set -nocase -filter {name =~"APU*"}
rst -system
after 3000
targets -set -filter {jtag_cable_name =~ "Digilent Zed 210248BE0D85" && level==0 && jtag_device_ctx=="jsn-Zed-210248BE0D85-23727093-0"}
fpga -file D:/FMCOMMS4_AD9364_Fifo_Tlast_FFT/Ws/FMCOMMS4_AD9364/_ide/bitstream/system_top.bit
targets -set -nocase -filter {name =~"APU*"}
loadhw -hw D:/FMCOMMS4_AD9364_Fifo_Tlast_FFT/Ws/system_top/export/system_top/hw/system_top.xsa -mem-ranges [list {0x40000000 0xbfffffff}] -regs
configparams force-mem-access 1
targets -set -nocase -filter {name =~"APU*"}
source D:/FMCOMMS4_AD9364_Fifo_Tlast_FFT/Ws/FMCOMMS4_AD9364/_ide/psinit/ps7_init.tcl
ps7_init
ps7_post_config
targets -set -nocase -filter {name =~ "*A9*#0"}
dow D:/FMCOMMS4_AD9364_Fifo_Tlast_FFT/Ws/FMCOMMS4_AD9364/Debug/FMCOMMS4_AD9364.elf
configparams force-mem-access 0
----------------End of Script----------------

15:48:31 INFO  : Context for processor 'ps7_cortexa9_0' is selected.
15:48:31 INFO  : 'con' command is executed.
15:48:31 INFO  : ----------------XSDB Script (After Launch)----------------
targets -set -nocase -filter {name =~ "*A9*#0"}
con
----------------End of Script----------------

15:48:31 INFO  : Launch script is exported to file 'D:\FMCOMMS4_AD9364_Fifo_Tlast_FFT\Ws\FMCOMMS4_AD9364_system\_ide\scripts\debugger_fmcomms4_ad9364-default.tcl'
15:48:44 INFO  : Disconnected from the channel tcfchan#29.
15:48:45 INFO  : Connected to target on host '127.0.0.1' and port '3121'.
15:48:45 INFO  : Jtag cable 'Digilent Zed 210248BE0D85' is selected.
15:48:45 ERROR : port closed
15:48:45 INFO  : ----------------XSDB Script----------------
connect -url tcp:127.0.0.1:3121
----------------End of Script----------------

15:48:45 ERROR : port closed
15:48:58 INFO  : Connected to target on host '127.0.0.1' and port '3121'.
15:48:58 INFO  : Jtag cable 'Digilent Zed 210248BE0D85' is selected.
15:48:58 INFO  : 'jtag frequency' command is executed.
15:48:58 INFO  : Context for 'APU' is selected.
15:48:58 INFO  : System reset is completed.
15:49:01 INFO  : 'after 3000' command is executed.
15:49:02 INFO  : 'targets -set -filter {jtag_cable_name =~ "Digilent Zed 210248BE0D85" && level==0 && jtag_device_ctx=="jsn-Zed-210248BE0D85-23727093-0"}' command is executed.
15:49:04 INFO  : Device configured successfully with "D:/FMCOMMS4_AD9364_Fifo_Tlast_FFT/Ws/FMCOMMS4_AD9364/_ide/bitstream/system_top.bit"
15:49:04 INFO  : Context for 'APU' is selected.
15:49:04 INFO  : Hardware design and registers information is loaded from 'D:/FMCOMMS4_AD9364_Fifo_Tlast_FFT/Ws/system_top/export/system_top/hw/system_top.xsa'.
15:49:04 INFO  : 'configparams force-mem-access 1' command is executed.
15:49:04 INFO  : Context for 'APU' is selected.
15:49:04 INFO  : Sourcing of 'D:/FMCOMMS4_AD9364_Fifo_Tlast_FFT/Ws/FMCOMMS4_AD9364/_ide/psinit/ps7_init.tcl' is done.
15:49:04 INFO  : 'ps7_init' command is executed.
15:49:04 INFO  : 'ps7_post_config' command is executed.
15:49:04 INFO  : Context for processor 'ps7_cortexa9_0' is selected.
15:49:05 INFO  : The application 'D:/FMCOMMS4_AD9364_Fifo_Tlast_FFT/Ws/FMCOMMS4_AD9364/Debug/FMCOMMS4_AD9364.elf' is downloaded to processor 'ps7_cortexa9_0'.
15:49:05 INFO  : 'configparams force-mem-access 0' command is executed.
15:49:05 INFO  : ----------------XSDB Script----------------
connect -url tcp:127.0.0.1:3121
targets -set -nocase -filter {name =~"APU*"}
rst -system
after 3000
targets -set -filter {jtag_cable_name =~ "Digilent Zed 210248BE0D85" && level==0 && jtag_device_ctx=="jsn-Zed-210248BE0D85-23727093-0"}
fpga -file D:/FMCOMMS4_AD9364_Fifo_Tlast_FFT/Ws/FMCOMMS4_AD9364/_ide/bitstream/system_top.bit
targets -set -nocase -filter {name =~"APU*"}
loadhw -hw D:/FMCOMMS4_AD9364_Fifo_Tlast_FFT/Ws/system_top/export/system_top/hw/system_top.xsa -mem-ranges [list {0x40000000 0xbfffffff}] -regs
configparams force-mem-access 1
targets -set -nocase -filter {name =~"APU*"}
source D:/FMCOMMS4_AD9364_Fifo_Tlast_FFT/Ws/FMCOMMS4_AD9364/_ide/psinit/ps7_init.tcl
ps7_init
ps7_post_config
targets -set -nocase -filter {name =~ "*A9*#0"}
dow D:/FMCOMMS4_AD9364_Fifo_Tlast_FFT/Ws/FMCOMMS4_AD9364/Debug/FMCOMMS4_AD9364.elf
configparams force-mem-access 0
----------------End of Script----------------

15:49:05 INFO  : Context for processor 'ps7_cortexa9_0' is selected.
15:49:05 INFO  : 'con' command is executed.
15:49:05 INFO  : ----------------XSDB Script (After Launch)----------------
targets -set -nocase -filter {name =~ "*A9*#0"}
con
----------------End of Script----------------

15:49:05 INFO  : Launch script is exported to file 'D:\FMCOMMS4_AD9364_Fifo_Tlast_FFT\Ws\FMCOMMS4_AD9364_system\_ide\scripts\debugger_fmcomms4_ad9364-default.tcl'
15:50:57 INFO  : Disconnected from the channel tcfchan#30.
15:50:58 INFO  : Connected to target on host '127.0.0.1' and port '3121'.
15:50:58 INFO  : Jtag cable 'Digilent Zed 210248BE0D85' is selected.
15:50:58 INFO  : 'jtag frequency' command is executed.
15:50:58 INFO  : Context for 'APU' is selected.
15:50:58 INFO  : System reset is completed.
15:51:01 INFO  : 'after 3000' command is executed.
15:51:01 INFO  : 'targets -set -filter {jtag_cable_name =~ "Digilent Zed 210248BE0D85" && level==0 && jtag_device_ctx=="jsn-Zed-210248BE0D85-23727093-0"}' command is executed.
15:51:03 INFO  : Device configured successfully with "D:/FMCOMMS4_AD9364_Fifo_Tlast_FFT/Ws/FMCOMMS4_AD9364/_ide/bitstream/system_top.bit"
15:51:03 INFO  : Context for 'APU' is selected.
15:51:03 INFO  : Hardware design and registers information is loaded from 'D:/FMCOMMS4_AD9364_Fifo_Tlast_FFT/Ws/system_top/export/system_top/hw/system_top.xsa'.
15:51:03 INFO  : 'configparams force-mem-access 1' command is executed.
15:51:03 INFO  : Context for 'APU' is selected.
15:51:03 INFO  : Sourcing of 'D:/FMCOMMS4_AD9364_Fifo_Tlast_FFT/Ws/FMCOMMS4_AD9364/_ide/psinit/ps7_init.tcl' is done.
15:51:04 INFO  : 'ps7_init' command is executed.
15:51:04 INFO  : 'ps7_post_config' command is executed.
15:51:04 INFO  : Context for processor 'ps7_cortexa9_0' is selected.
15:51:04 INFO  : The application 'D:/FMCOMMS4_AD9364_Fifo_Tlast_FFT/Ws/FMCOMMS4_AD9364/Debug/FMCOMMS4_AD9364.elf' is downloaded to processor 'ps7_cortexa9_0'.
15:51:04 INFO  : 'configparams force-mem-access 0' command is executed.
15:51:04 INFO  : ----------------XSDB Script----------------
connect -url tcp:127.0.0.1:3121
targets -set -nocase -filter {name =~"APU*"}
rst -system
after 3000
targets -set -filter {jtag_cable_name =~ "Digilent Zed 210248BE0D85" && level==0 && jtag_device_ctx=="jsn-Zed-210248BE0D85-23727093-0"}
fpga -file D:/FMCOMMS4_AD9364_Fifo_Tlast_FFT/Ws/FMCOMMS4_AD9364/_ide/bitstream/system_top.bit
targets -set -nocase -filter {name =~"APU*"}
loadhw -hw D:/FMCOMMS4_AD9364_Fifo_Tlast_FFT/Ws/system_top/export/system_top/hw/system_top.xsa -mem-ranges [list {0x40000000 0xbfffffff}] -regs
configparams force-mem-access 1
targets -set -nocase -filter {name =~"APU*"}
source D:/FMCOMMS4_AD9364_Fifo_Tlast_FFT/Ws/FMCOMMS4_AD9364/_ide/psinit/ps7_init.tcl
ps7_init
ps7_post_config
targets -set -nocase -filter {name =~ "*A9*#0"}
dow D:/FMCOMMS4_AD9364_Fifo_Tlast_FFT/Ws/FMCOMMS4_AD9364/Debug/FMCOMMS4_AD9364.elf
configparams force-mem-access 0
----------------End of Script----------------

15:51:04 INFO  : Context for processor 'ps7_cortexa9_0' is selected.
15:51:04 INFO  : 'con' command is executed.
15:51:04 INFO  : ----------------XSDB Script (After Launch)----------------
targets -set -nocase -filter {name =~ "*A9*#0"}
con
----------------End of Script----------------

15:51:04 INFO  : Launch script is exported to file 'D:\FMCOMMS4_AD9364_Fifo_Tlast_FFT\Ws\FMCOMMS4_AD9364_system\_ide\scripts\debugger_fmcomms4_ad9364-default.tcl'
15:51:25 INFO  : Disconnected from the channel tcfchan#31.
15:51:26 INFO  : Connected to target on host '127.0.0.1' and port '3121'.
15:51:26 INFO  : Jtag cable 'Digilent Zed 210248BE0D85' is selected.
15:51:26 ERROR : port closed
15:51:26 INFO  : ----------------XSDB Script----------------
connect -url tcp:127.0.0.1:3121
----------------End of Script----------------

15:51:26 ERROR : port closed
15:51:40 INFO  : Connected to target on host '127.0.0.1' and port '3121'.
15:51:40 INFO  : Jtag cable 'Digilent Zed 210248BE0D85' is selected.
15:51:40 INFO  : 'jtag frequency' command is executed.
15:51:40 INFO  : Context for 'APU' is selected.
15:51:40 INFO  : System reset is completed.
15:51:43 INFO  : 'after 3000' command is executed.
15:51:43 INFO  : 'targets -set -filter {jtag_cable_name =~ "Digilent Zed 210248BE0D85" && level==0 && jtag_device_ctx=="jsn-Zed-210248BE0D85-23727093-0"}' command is executed.
15:51:46 INFO  : Device configured successfully with "D:/FMCOMMS4_AD9364_Fifo_Tlast_FFT/Ws/FMCOMMS4_AD9364/_ide/bitstream/system_top.bit"
15:51:46 INFO  : Context for 'APU' is selected.
15:51:46 INFO  : Hardware design and registers information is loaded from 'D:/FMCOMMS4_AD9364_Fifo_Tlast_FFT/Ws/system_top/export/system_top/hw/system_top.xsa'.
15:51:46 INFO  : 'configparams force-mem-access 1' command is executed.
15:51:46 INFO  : Context for 'APU' is selected.
15:51:46 INFO  : Sourcing of 'D:/FMCOMMS4_AD9364_Fifo_Tlast_FFT/Ws/FMCOMMS4_AD9364/_ide/psinit/ps7_init.tcl' is done.
15:51:46 INFO  : 'ps7_init' command is executed.
15:51:46 INFO  : 'ps7_post_config' command is executed.
15:51:46 INFO  : Context for processor 'ps7_cortexa9_0' is selected.
15:51:47 INFO  : The application 'D:/FMCOMMS4_AD9364_Fifo_Tlast_FFT/Ws/FMCOMMS4_AD9364/Debug/FMCOMMS4_AD9364.elf' is downloaded to processor 'ps7_cortexa9_0'.
15:51:47 INFO  : 'configparams force-mem-access 0' command is executed.
15:51:47 INFO  : ----------------XSDB Script----------------
connect -url tcp:127.0.0.1:3121
targets -set -nocase -filter {name =~"APU*"}
rst -system
after 3000
targets -set -filter {jtag_cable_name =~ "Digilent Zed 210248BE0D85" && level==0 && jtag_device_ctx=="jsn-Zed-210248BE0D85-23727093-0"}
fpga -file D:/FMCOMMS4_AD9364_Fifo_Tlast_FFT/Ws/FMCOMMS4_AD9364/_ide/bitstream/system_top.bit
targets -set -nocase -filter {name =~"APU*"}
loadhw -hw D:/FMCOMMS4_AD9364_Fifo_Tlast_FFT/Ws/system_top/export/system_top/hw/system_top.xsa -mem-ranges [list {0x40000000 0xbfffffff}] -regs
configparams force-mem-access 1
targets -set -nocase -filter {name =~"APU*"}
source D:/FMCOMMS4_AD9364_Fifo_Tlast_FFT/Ws/FMCOMMS4_AD9364/_ide/psinit/ps7_init.tcl
ps7_init
ps7_post_config
targets -set -nocase -filter {name =~ "*A9*#0"}
dow D:/FMCOMMS4_AD9364_Fifo_Tlast_FFT/Ws/FMCOMMS4_AD9364/Debug/FMCOMMS4_AD9364.elf
configparams force-mem-access 0
----------------End of Script----------------

15:51:47 INFO  : Context for processor 'ps7_cortexa9_0' is selected.
15:51:47 INFO  : 'con' command is executed.
15:51:47 INFO  : ----------------XSDB Script (After Launch)----------------
targets -set -nocase -filter {name =~ "*A9*#0"}
con
----------------End of Script----------------

15:51:47 INFO  : Launch script is exported to file 'D:\FMCOMMS4_AD9364_Fifo_Tlast_FFT\Ws\FMCOMMS4_AD9364_system\_ide\scripts\debugger_fmcomms4_ad9364-default.tcl'
15:51:54 INFO  : Disconnected from the channel tcfchan#32.
15:51:55 INFO  : Connected to target on host '127.0.0.1' and port '3121'.
15:51:55 INFO  : Jtag cable 'Digilent Zed 210248BE0D85' is selected.
15:51:55 ERROR : port closed
15:51:55 INFO  : ----------------XSDB Script----------------
connect -url tcp:127.0.0.1:3121
----------------End of Script----------------

15:51:55 ERROR : port closed
15:51:59 INFO  : Connected to target on host '127.0.0.1' and port '3121'.
15:51:59 INFO  : Jtag cable 'Digilent Zed 210248BE0D85' is selected.
15:51:59 INFO  : 'jtag frequency' command is executed.
15:51:59 INFO  : Context for 'APU' is selected.
15:51:59 INFO  : System reset is completed.
15:52:02 INFO  : 'after 3000' command is executed.
15:52:02 INFO  : 'targets -set -filter {jtag_cable_name =~ "Digilent Zed 210248BE0D85" && level==0 && jtag_device_ctx=="jsn-Zed-210248BE0D85-23727093-0"}' command is executed.
15:52:05 INFO  : Device configured successfully with "D:/FMCOMMS4_AD9364_Fifo_Tlast_FFT/Ws/FMCOMMS4_AD9364/_ide/bitstream/system_top.bit"
15:52:05 INFO  : Context for 'APU' is selected.
15:52:05 INFO  : Hardware design and registers information is loaded from 'D:/FMCOMMS4_AD9364_Fifo_Tlast_FFT/Ws/system_top/export/system_top/hw/system_top.xsa'.
15:52:05 INFO  : 'configparams force-mem-access 1' command is executed.
15:52:05 INFO  : Context for 'APU' is selected.
15:52:05 INFO  : Sourcing of 'D:/FMCOMMS4_AD9364_Fifo_Tlast_FFT/Ws/FMCOMMS4_AD9364/_ide/psinit/ps7_init.tcl' is done.
15:52:05 INFO  : 'ps7_init' command is executed.
15:52:05 INFO  : 'ps7_post_config' command is executed.
15:52:05 INFO  : Context for processor 'ps7_cortexa9_0' is selected.
15:52:06 INFO  : The application 'D:/FMCOMMS4_AD9364_Fifo_Tlast_FFT/Ws/FMCOMMS4_AD9364/Debug/FMCOMMS4_AD9364.elf' is downloaded to processor 'ps7_cortexa9_0'.
15:52:06 INFO  : 'configparams force-mem-access 0' command is executed.
15:52:06 INFO  : ----------------XSDB Script----------------
connect -url tcp:127.0.0.1:3121
targets -set -nocase -filter {name =~"APU*"}
rst -system
after 3000
targets -set -filter {jtag_cable_name =~ "Digilent Zed 210248BE0D85" && level==0 && jtag_device_ctx=="jsn-Zed-210248BE0D85-23727093-0"}
fpga -file D:/FMCOMMS4_AD9364_Fifo_Tlast_FFT/Ws/FMCOMMS4_AD9364/_ide/bitstream/system_top.bit
targets -set -nocase -filter {name =~"APU*"}
loadhw -hw D:/FMCOMMS4_AD9364_Fifo_Tlast_FFT/Ws/system_top/export/system_top/hw/system_top.xsa -mem-ranges [list {0x40000000 0xbfffffff}] -regs
configparams force-mem-access 1
targets -set -nocase -filter {name =~"APU*"}
source D:/FMCOMMS4_AD9364_Fifo_Tlast_FFT/Ws/FMCOMMS4_AD9364/_ide/psinit/ps7_init.tcl
ps7_init
ps7_post_config
targets -set -nocase -filter {name =~ "*A9*#0"}
dow D:/FMCOMMS4_AD9364_Fifo_Tlast_FFT/Ws/FMCOMMS4_AD9364/Debug/FMCOMMS4_AD9364.elf
configparams force-mem-access 0
----------------End of Script----------------

15:52:06 INFO  : Context for processor 'ps7_cortexa9_0' is selected.
15:52:06 INFO  : 'con' command is executed.
15:52:06 INFO  : ----------------XSDB Script (After Launch)----------------
targets -set -nocase -filter {name =~ "*A9*#0"}
con
----------------End of Script----------------

15:52:06 INFO  : Launch script is exported to file 'D:\FMCOMMS4_AD9364_Fifo_Tlast_FFT\Ws\FMCOMMS4_AD9364_system\_ide\scripts\debugger_fmcomms4_ad9364-default.tcl'
15:52:07 INFO  : Disconnected from the channel tcfchan#33.
15:52:08 INFO  : Connected to target on host '127.0.0.1' and port '3121'.
15:52:09 INFO  : Jtag cable 'Digilent Zed 210248BE0D85' is selected.
15:52:09 ERROR : port closed
15:52:09 INFO  : ----------------XSDB Script----------------
connect -url tcp:127.0.0.1:3121
----------------End of Script----------------

15:52:09 ERROR : port closed
15:52:12 INFO  : Connected to target on host '127.0.0.1' and port '3121'.
15:52:12 INFO  : Jtag cable 'Digilent Zed 210248BE0D85' is selected.
15:52:12 INFO  : 'jtag frequency' command is executed.
15:52:12 INFO  : Context for 'APU' is selected.
15:52:12 INFO  : System reset is completed.
15:52:15 INFO  : 'after 3000' command is executed.
15:52:15 INFO  : 'targets -set -filter {jtag_cable_name =~ "Digilent Zed 210248BE0D85" && level==0 && jtag_device_ctx=="jsn-Zed-210248BE0D85-23727093-0"}' command is executed.
15:52:18 INFO  : Device configured successfully with "D:/FMCOMMS4_AD9364_Fifo_Tlast_FFT/Ws/FMCOMMS4_AD9364/_ide/bitstream/system_top.bit"
15:52:18 INFO  : Context for 'APU' is selected.
15:52:18 INFO  : Hardware design and registers information is loaded from 'D:/FMCOMMS4_AD9364_Fifo_Tlast_FFT/Ws/system_top/export/system_top/hw/system_top.xsa'.
15:52:18 INFO  : 'configparams force-mem-access 1' command is executed.
15:52:18 INFO  : Context for 'APU' is selected.
15:52:18 INFO  : Sourcing of 'D:/FMCOMMS4_AD9364_Fifo_Tlast_FFT/Ws/FMCOMMS4_AD9364/_ide/psinit/ps7_init.tcl' is done.
15:52:18 INFO  : 'ps7_init' command is executed.
15:52:18 INFO  : 'ps7_post_config' command is executed.
15:52:18 INFO  : Context for processor 'ps7_cortexa9_0' is selected.
15:52:18 INFO  : The application 'D:/FMCOMMS4_AD9364_Fifo_Tlast_FFT/Ws/FMCOMMS4_AD9364/Debug/FMCOMMS4_AD9364.elf' is downloaded to processor 'ps7_cortexa9_0'.
15:52:19 INFO  : 'configparams force-mem-access 0' command is executed.
15:52:19 INFO  : ----------------XSDB Script----------------
connect -url tcp:127.0.0.1:3121
targets -set -nocase -filter {name =~"APU*"}
rst -system
after 3000
targets -set -filter {jtag_cable_name =~ "Digilent Zed 210248BE0D85" && level==0 && jtag_device_ctx=="jsn-Zed-210248BE0D85-23727093-0"}
fpga -file D:/FMCOMMS4_AD9364_Fifo_Tlast_FFT/Ws/FMCOMMS4_AD9364/_ide/bitstream/system_top.bit
targets -set -nocase -filter {name =~"APU*"}
loadhw -hw D:/FMCOMMS4_AD9364_Fifo_Tlast_FFT/Ws/system_top/export/system_top/hw/system_top.xsa -mem-ranges [list {0x40000000 0xbfffffff}] -regs
configparams force-mem-access 1
targets -set -nocase -filter {name =~"APU*"}
source D:/FMCOMMS4_AD9364_Fifo_Tlast_FFT/Ws/FMCOMMS4_AD9364/_ide/psinit/ps7_init.tcl
ps7_init
ps7_post_config
targets -set -nocase -filter {name =~ "*A9*#0"}
dow D:/FMCOMMS4_AD9364_Fifo_Tlast_FFT/Ws/FMCOMMS4_AD9364/Debug/FMCOMMS4_AD9364.elf
configparams force-mem-access 0
----------------End of Script----------------

15:52:19 INFO  : Context for processor 'ps7_cortexa9_0' is selected.
15:52:19 INFO  : 'con' command is executed.
15:52:19 INFO  : ----------------XSDB Script (After Launch)----------------
targets -set -nocase -filter {name =~ "*A9*#0"}
con
----------------End of Script----------------

15:52:19 INFO  : Launch script is exported to file 'D:\FMCOMMS4_AD9364_Fifo_Tlast_FFT\Ws\FMCOMMS4_AD9364_system\_ide\scripts\debugger_fmcomms4_ad9364-default.tcl'
16:22:54 INFO  : Disconnected from the channel tcfchan#34.
16:22:55 INFO  : Connected to target on host '127.0.0.1' and port '3121'.
16:22:55 INFO  : Jtag cable 'Digilent Zed 210248BE0D85' is selected.
16:22:55 INFO  : 'jtag frequency' command is executed.
16:22:55 INFO  : Context for 'APU' is selected.
16:22:55 INFO  : System reset is completed.
16:22:58 INFO  : 'after 3000' command is executed.
16:22:58 INFO  : 'targets -set -filter {jtag_cable_name =~ "Digilent Zed 210248BE0D85" && level==0 && jtag_device_ctx=="jsn-Zed-210248BE0D85-23727093-0"}' command is executed.
16:23:00 INFO  : Device configured successfully with "D:/FMCOMMS4_AD9364_Fifo_Tlast_FFT/Ws/FMCOMMS4_AD9364/_ide/bitstream/system_top.bit"
16:23:00 INFO  : Context for 'APU' is selected.
16:23:01 INFO  : Hardware design and registers information is loaded from 'D:/FMCOMMS4_AD9364_Fifo_Tlast_FFT/Ws/system_top/export/system_top/hw/system_top.xsa'.
16:23:01 INFO  : 'configparams force-mem-access 1' command is executed.
16:23:01 INFO  : Context for 'APU' is selected.
16:23:01 INFO  : Sourcing of 'D:/FMCOMMS4_AD9364_Fifo_Tlast_FFT/Ws/FMCOMMS4_AD9364/_ide/psinit/ps7_init.tcl' is done.
16:23:01 INFO  : 'ps7_init' command is executed.
16:23:01 INFO  : 'ps7_post_config' command is executed.
16:23:01 INFO  : Context for processor 'ps7_cortexa9_0' is selected.
16:23:01 INFO  : The application 'D:/FMCOMMS4_AD9364_Fifo_Tlast_FFT/Ws/FMCOMMS4_AD9364/Debug/FMCOMMS4_AD9364.elf' is downloaded to processor 'ps7_cortexa9_0'.
16:23:01 INFO  : 'configparams force-mem-access 0' command is executed.
16:23:01 INFO  : ----------------XSDB Script----------------
connect -url tcp:127.0.0.1:3121
targets -set -nocase -filter {name =~"APU*"}
rst -system
after 3000
targets -set -filter {jtag_cable_name =~ "Digilent Zed 210248BE0D85" && level==0 && jtag_device_ctx=="jsn-Zed-210248BE0D85-23727093-0"}
fpga -file D:/FMCOMMS4_AD9364_Fifo_Tlast_FFT/Ws/FMCOMMS4_AD9364/_ide/bitstream/system_top.bit
targets -set -nocase -filter {name =~"APU*"}
loadhw -hw D:/FMCOMMS4_AD9364_Fifo_Tlast_FFT/Ws/system_top/export/system_top/hw/system_top.xsa -mem-ranges [list {0x40000000 0xbfffffff}] -regs
configparams force-mem-access 1
targets -set -nocase -filter {name =~"APU*"}
source D:/FMCOMMS4_AD9364_Fifo_Tlast_FFT/Ws/FMCOMMS4_AD9364/_ide/psinit/ps7_init.tcl
ps7_init
ps7_post_config
targets -set -nocase -filter {name =~ "*A9*#0"}
dow D:/FMCOMMS4_AD9364_Fifo_Tlast_FFT/Ws/FMCOMMS4_AD9364/Debug/FMCOMMS4_AD9364.elf
configparams force-mem-access 0
----------------End of Script----------------

16:23:02 INFO  : Context for processor 'ps7_cortexa9_0' is selected.
16:23:02 INFO  : 'con' command is executed.
16:23:02 INFO  : ----------------XSDB Script (After Launch)----------------
targets -set -nocase -filter {name =~ "*A9*#0"}
con
----------------End of Script----------------

16:23:02 INFO  : Launch script is exported to file 'D:\FMCOMMS4_AD9364_Fifo_Tlast_FFT\Ws\FMCOMMS4_AD9364_system\_ide\scripts\debugger_fmcomms4_ad9364-default.tcl'
16:25:49 INFO  : Disconnected from the channel tcfchan#35.
16:25:50 INFO  : Connected to target on host '127.0.0.1' and port '3121'.
16:25:51 INFO  : ----------------XSDB Script----------------
connect -url tcp:127.0.0.1:3121
----------------End of Script----------------

16:25:51 ERROR : Could not find FPGA device on the board for connection 'Local'.


Troubleshooting hints:
1. Check whether board is connected to system properly.
2. In case of zynq board, check whether Digilent/Xilinx cable switch settings are correct.
3. If you are using Xilinx Platform Cable USB, ensure that status LED is green.
16:26:15 INFO  : Connected to target on host '127.0.0.1' and port '3121'.
16:26:16 INFO  : Jtag cable 'Digilent Zed 210248BE0D85' is selected.
16:26:16 INFO  : 'jtag frequency' command is executed.
16:26:16 INFO  : Context for 'APU' is selected.
16:26:16 INFO  : System reset is completed.
16:26:19 INFO  : 'after 3000' command is executed.
16:26:19 INFO  : 'targets -set -filter {jtag_cable_name =~ "Digilent Zed 210248BE0D85" && level==0 && jtag_device_ctx=="jsn-Zed-210248BE0D85-23727093-0"}' command is executed.
16:26:21 INFO  : Device configured successfully with "D:/FMCOMMS4_AD9364_Fifo_Tlast_FFT/Ws/FMCOMMS4_AD9364/_ide/bitstream/system_top.bit"
16:26:21 INFO  : Context for 'APU' is selected.
16:26:21 INFO  : Hardware design and registers information is loaded from 'D:/FMCOMMS4_AD9364_Fifo_Tlast_FFT/Ws/system_top/export/system_top/hw/system_top.xsa'.
16:26:21 INFO  : 'configparams force-mem-access 1' command is executed.
16:26:21 INFO  : Context for 'APU' is selected.
16:26:21 INFO  : Sourcing of 'D:/FMCOMMS4_AD9364_Fifo_Tlast_FFT/Ws/FMCOMMS4_AD9364/_ide/psinit/ps7_init.tcl' is done.
16:26:22 INFO  : 'ps7_init' command is executed.
16:26:22 INFO  : 'ps7_post_config' command is executed.
16:26:22 INFO  : Context for processor 'ps7_cortexa9_0' is selected.
16:26:22 INFO  : The application 'D:/FMCOMMS4_AD9364_Fifo_Tlast_FFT/Ws/FMCOMMS4_AD9364/Debug/FMCOMMS4_AD9364.elf' is downloaded to processor 'ps7_cortexa9_0'.
16:26:22 INFO  : 'configparams force-mem-access 0' command is executed.
16:26:22 INFO  : ----------------XSDB Script----------------
connect -url tcp:127.0.0.1:3121
targets -set -nocase -filter {name =~"APU*"}
rst -system
after 3000
targets -set -filter {jtag_cable_name =~ "Digilent Zed 210248BE0D85" && level==0 && jtag_device_ctx=="jsn-Zed-210248BE0D85-23727093-0"}
fpga -file D:/FMCOMMS4_AD9364_Fifo_Tlast_FFT/Ws/FMCOMMS4_AD9364/_ide/bitstream/system_top.bit
targets -set -nocase -filter {name =~"APU*"}
loadhw -hw D:/FMCOMMS4_AD9364_Fifo_Tlast_FFT/Ws/system_top/export/system_top/hw/system_top.xsa -mem-ranges [list {0x40000000 0xbfffffff}] -regs
configparams force-mem-access 1
targets -set -nocase -filter {name =~"APU*"}
source D:/FMCOMMS4_AD9364_Fifo_Tlast_FFT/Ws/FMCOMMS4_AD9364/_ide/psinit/ps7_init.tcl
ps7_init
ps7_post_config
targets -set -nocase -filter {name =~ "*A9*#0"}
dow D:/FMCOMMS4_AD9364_Fifo_Tlast_FFT/Ws/FMCOMMS4_AD9364/Debug/FMCOMMS4_AD9364.elf
configparams force-mem-access 0
----------------End of Script----------------

16:26:22 INFO  : Context for processor 'ps7_cortexa9_0' is selected.
16:26:22 INFO  : 'con' command is executed.
16:26:22 INFO  : ----------------XSDB Script (After Launch)----------------
targets -set -nocase -filter {name =~ "*A9*#0"}
con
----------------End of Script----------------

16:26:22 INFO  : Launch script is exported to file 'D:\FMCOMMS4_AD9364_Fifo_Tlast_FFT\Ws\FMCOMMS4_AD9364_system\_ide\scripts\debugger_fmcomms4_ad9364-default.tcl'
16:28:35 INFO  : Hardware specification for platform project 'system_top' is updated.
16:29:53 INFO  : Result from executing command 'getProjects': system_top
16:29:53 INFO  : Result from executing command 'getPlatforms': system_top|D:/FMCOMMS4_AD9364_Fifo_Tlast_FFT/Ws/system_top/export/system_top/system_top.xpfm;xilinx_vck190_base_202310_1|D:/Vitis/2023.1/base_platforms/xilinx_vck190_base_202310_1/xilinx_vck190_base_202310_1.xpfm;xilinx_vck190_base_dfx_202310_1|D:/Vitis/2023.1/base_platforms/xilinx_vck190_base_dfx_202310_1/xilinx_vck190_base_dfx_202310_1.xpfm;xilinx_vek280_es1_base_202310_1|D:/Vitis/2023.1/base_platforms/xilinx_vek280_es1_base_202310_1/xilinx_vek280_es1_base_202310_1.xpfm;xilinx_vmk180_base_202310_1|D:/Vitis/2023.1/base_platforms/xilinx_vmk180_base_202310_1/xilinx_vmk180_base_202310_1.xpfm;xilinx_zcu102_base_202310_1|D:/Vitis/2023.1/base_platforms/xilinx_zcu102_base_202310_1/xilinx_zcu102_base_202310_1.xpfm;xilinx_zcu102_base_dfx_202310_1|D:/Vitis/2023.1/base_platforms/xilinx_zcu102_base_dfx_202310_1/xilinx_zcu102_base_dfx_202310_1.xpfm;xilinx_zcu104_base_202310_1|D:/Vitis/2023.1/base_platforms/xilinx_zcu104_base_202310_1/xilinx_zcu104_base_202310_1.xpfm
16:32:19 INFO  : Checking for BSP changes to sync application flags for project 'FMCOMMS4_AD9364'...
16:34:27 INFO  : Hardware specification for platform project 'system_top' is updated.
16:34:37 INFO  : Result from executing command 'removePlatformRepo': 
16:35:44 INFO  : Result from executing command 'getProjects': system_top
16:35:44 INFO  : Result from executing command 'getPlatforms': xilinx_vck190_base_202310_1|D:/Vitis/2023.1/base_platforms/xilinx_vck190_base_202310_1/xilinx_vck190_base_202310_1.xpfm;xilinx_vck190_base_dfx_202310_1|D:/Vitis/2023.1/base_platforms/xilinx_vck190_base_dfx_202310_1/xilinx_vck190_base_dfx_202310_1.xpfm;xilinx_vek280_es1_base_202310_1|D:/Vitis/2023.1/base_platforms/xilinx_vek280_es1_base_202310_1/xilinx_vek280_es1_base_202310_1.xpfm;xilinx_vmk180_base_202310_1|D:/Vitis/2023.1/base_platforms/xilinx_vmk180_base_202310_1/xilinx_vmk180_base_202310_1.xpfm;xilinx_zcu102_base_202310_1|D:/Vitis/2023.1/base_platforms/xilinx_zcu102_base_202310_1/xilinx_zcu102_base_202310_1.xpfm;xilinx_zcu102_base_dfx_202310_1|D:/Vitis/2023.1/base_platforms/xilinx_zcu102_base_dfx_202310_1/xilinx_zcu102_base_dfx_202310_1.xpfm;xilinx_zcu104_base_202310_1|D:/Vitis/2023.1/base_platforms/xilinx_zcu104_base_202310_1/xilinx_zcu104_base_202310_1.xpfm
16:35:55 INFO  : Result from executing command 'removePlatformRepo': 
16:36:24 INFO  : Result from executing command 'getProjects': system_top
16:36:24 INFO  : Result from executing command 'getPlatforms': xilinx_vck190_base_202310_1|D:/Vitis/2023.1/base_platforms/xilinx_vck190_base_202310_1/xilinx_vck190_base_202310_1.xpfm;xilinx_vck190_base_dfx_202310_1|D:/Vitis/2023.1/base_platforms/xilinx_vck190_base_dfx_202310_1/xilinx_vck190_base_dfx_202310_1.xpfm;xilinx_vek280_es1_base_202310_1|D:/Vitis/2023.1/base_platforms/xilinx_vek280_es1_base_202310_1/xilinx_vek280_es1_base_202310_1.xpfm;xilinx_vmk180_base_202310_1|D:/Vitis/2023.1/base_platforms/xilinx_vmk180_base_202310_1/xilinx_vmk180_base_202310_1.xpfm;xilinx_zcu102_base_202310_1|D:/Vitis/2023.1/base_platforms/xilinx_zcu102_base_202310_1/xilinx_zcu102_base_202310_1.xpfm;xilinx_zcu102_base_dfx_202310_1|D:/Vitis/2023.1/base_platforms/xilinx_zcu102_base_dfx_202310_1/xilinx_zcu102_base_dfx_202310_1.xpfm;xilinx_zcu104_base_202310_1|D:/Vitis/2023.1/base_platforms/xilinx_zcu104_base_202310_1/xilinx_zcu104_base_202310_1.xpfm
16:36:26 INFO  : Checking for BSP changes to sync application flags for project 'FMCOMMS4_AD9364'...
16:38:45 INFO  : Checking for BSP changes to sync application flags for project 'FMCOMMS4_AD9364'...
16:38:46 INFO  : The hardware specification used by project 'FMCOMMS4_AD9364' is out of sync with the platform. Resource files extracted from the hardware specification will be updated.
16:38:46 INFO  : The file 'D:\FMCOMMS4_AD9364_Fifo_Tlast_FFT\Ws\FMCOMMS4_AD9364\_ide\bitstream\system_top.bit' stored in project is removed.
16:38:46 INFO  : The updated bitstream files are copied from platform to folder 'D:\FMCOMMS4_AD9364_Fifo_Tlast_FFT\Ws\FMCOMMS4_AD9364\_ide\bitstream' in project 'FMCOMMS4_AD9364'.
16:38:46 INFO  : The file 'D:\FMCOMMS4_AD9364_Fifo_Tlast_FFT\Ws\FMCOMMS4_AD9364\_ide\psinit\ps7_init.tcl' stored in project is removed.
16:38:54 INFO  : The updated ps init files are copied from platform to folder 'D:\FMCOMMS4_AD9364_Fifo_Tlast_FFT\Ws\FMCOMMS4_AD9364\_ide\psinit' in project 'FMCOMMS4_AD9364'.
16:39:47 INFO  : Checking for BSP changes to sync application flags for project 'FMCOMMS4_AD9364'...
16:40:07 INFO  : Checking for BSP changes to sync application flags for project 'FMCOMMS4_AD9364'...
16:43:10 INFO  : Hardware specification for platform project 'system_top' is updated.
16:43:41 INFO  : Result from executing command 'getProjects': system_top
16:43:41 INFO  : Result from executing command 'getPlatforms': system_top|D:/FMCOMMS4_AD9364_Fifo_Tlast_FFT/Ws/system_top/export/system_top/system_top.xpfm;xilinx_vck190_base_202310_1|D:/Vitis/2023.1/base_platforms/xilinx_vck190_base_202310_1/xilinx_vck190_base_202310_1.xpfm;xilinx_vck190_base_dfx_202310_1|D:/Vitis/2023.1/base_platforms/xilinx_vck190_base_dfx_202310_1/xilinx_vck190_base_dfx_202310_1.xpfm;xilinx_vek280_es1_base_202310_1|D:/Vitis/2023.1/base_platforms/xilinx_vek280_es1_base_202310_1/xilinx_vek280_es1_base_202310_1.xpfm;xilinx_vmk180_base_202310_1|D:/Vitis/2023.1/base_platforms/xilinx_vmk180_base_202310_1/xilinx_vmk180_base_202310_1.xpfm;xilinx_zcu102_base_202310_1|D:/Vitis/2023.1/base_platforms/xilinx_zcu102_base_202310_1/xilinx_zcu102_base_202310_1.xpfm;xilinx_zcu102_base_dfx_202310_1|D:/Vitis/2023.1/base_platforms/xilinx_zcu102_base_dfx_202310_1/xilinx_zcu102_base_dfx_202310_1.xpfm;xilinx_zcu104_base_202310_1|D:/Vitis/2023.1/base_platforms/xilinx_zcu104_base_202310_1/xilinx_zcu104_base_202310_1.xpfm
16:44:01 INFO  : Checking for BSP changes to sync application flags for project 'FMCOMMS4_AD9364'...
16:44:09 INFO  : Checking for BSP changes to sync application flags for project 'FMCOMMS4_AD9364'...
16:44:30 INFO  : Disconnected from the channel tcfchan#36.
16:44:31 INFO  : Connected to target on host '127.0.0.1' and port '3121'.
16:44:31 INFO  : Jtag cable 'Digilent Zed 210248BE0D85' is selected.
16:44:31 INFO  : 'jtag frequency' command is executed.
16:44:31 INFO  : Context for 'APU' is selected.
16:44:31 INFO  : System reset is completed.
16:44:35 INFO  : 'after 3000' command is executed.
16:44:35 INFO  : 'targets -set -filter {jtag_cable_name =~ "Digilent Zed 210248BE0D85" && level==0 && jtag_device_ctx=="jsn-Zed-210248BE0D85-23727093-0"}' command is executed.
16:44:37 INFO  : Device configured successfully with "D:/FMCOMMS4_AD9364_Fifo_Tlast_FFT/Ws/FMCOMMS4_AD9364/_ide/bitstream/system_top.bit"
16:44:37 INFO  : Context for 'APU' is selected.
16:44:37 INFO  : Hardware design and registers information is loaded from 'D:/FMCOMMS4_AD9364_Fifo_Tlast_FFT/Ws/system_top/export/system_top/hw/system_top.xsa'.
16:44:37 INFO  : 'configparams force-mem-access 1' command is executed.
16:44:37 INFO  : Context for 'APU' is selected.
16:44:37 INFO  : Sourcing of 'D:/FMCOMMS4_AD9364_Fifo_Tlast_FFT/Ws/FMCOMMS4_AD9364/_ide/psinit/ps7_init.tcl' is done.
16:44:38 INFO  : 'ps7_init' command is executed.
16:44:38 INFO  : 'ps7_post_config' command is executed.
16:44:38 INFO  : Context for processor 'ps7_cortexa9_0' is selected.
16:44:38 INFO  : The application 'D:/FMCOMMS4_AD9364_Fifo_Tlast_FFT/Ws/FMCOMMS4_AD9364/Debug/FMCOMMS4_AD9364.elf' is downloaded to processor 'ps7_cortexa9_0'.
16:44:38 INFO  : 'configparams force-mem-access 0' command is executed.
16:44:38 INFO  : ----------------XSDB Script----------------
connect -url tcp:127.0.0.1:3121
targets -set -nocase -filter {name =~"APU*"}
rst -system
after 3000
targets -set -filter {jtag_cable_name =~ "Digilent Zed 210248BE0D85" && level==0 && jtag_device_ctx=="jsn-Zed-210248BE0D85-23727093-0"}
fpga -file D:/FMCOMMS4_AD9364_Fifo_Tlast_FFT/Ws/FMCOMMS4_AD9364/_ide/bitstream/system_top.bit
targets -set -nocase -filter {name =~"APU*"}
loadhw -hw D:/FMCOMMS4_AD9364_Fifo_Tlast_FFT/Ws/system_top/export/system_top/hw/system_top.xsa -mem-ranges [list {0x40000000 0xbfffffff}] -regs
configparams force-mem-access 1
targets -set -nocase -filter {name =~"APU*"}
source D:/FMCOMMS4_AD9364_Fifo_Tlast_FFT/Ws/FMCOMMS4_AD9364/_ide/psinit/ps7_init.tcl
ps7_init
ps7_post_config
targets -set -nocase -filter {name =~ "*A9*#0"}
dow D:/FMCOMMS4_AD9364_Fifo_Tlast_FFT/Ws/FMCOMMS4_AD9364/Debug/FMCOMMS4_AD9364.elf
configparams force-mem-access 0
----------------End of Script----------------

16:44:38 INFO  : Context for processor 'ps7_cortexa9_0' is selected.
16:44:38 INFO  : 'con' command is executed.
16:44:38 INFO  : ----------------XSDB Script (After Launch)----------------
targets -set -nocase -filter {name =~ "*A9*#0"}
con
----------------End of Script----------------

16:44:38 INFO  : Launch script is exported to file 'D:\FMCOMMS4_AD9364_Fifo_Tlast_FFT\Ws\FMCOMMS4_AD9364_system\_ide\scripts\debugger_fmcomms4_ad9364-default.tcl'
16:44:48 INFO  : Disconnected from the channel tcfchan#43.
16:44:49 INFO  : Connected to target on host '127.0.0.1' and port '3121'.
16:44:51 INFO  : ----------------XSDB Script----------------
connect -url tcp:127.0.0.1:3121
----------------End of Script----------------

16:44:51 ERROR : Could not find FPGA device on the board for connection 'Local'.


Troubleshooting hints:
1. Check whether board is connected to system properly.
2. In case of zynq board, check whether Digilent/Xilinx cable switch settings are correct.
3. If you are using Xilinx Platform Cable USB, ensure that status LED is green.
16:44:57 INFO  : Connected to target on host '127.0.0.1' and port '3121'.
16:44:57 INFO  : Jtag cable 'Digilent Zed 210248BE0D85' is selected.
16:44:57 INFO  : 'jtag frequency' command is executed.
16:44:57 INFO  : Context for 'APU' is selected.
16:44:58 INFO  : System reset is completed.
16:45:01 INFO  : 'after 3000' command is executed.
16:45:01 INFO  : 'targets -set -filter {jtag_cable_name =~ "Digilent Zed 210248BE0D85" && level==0 && jtag_device_ctx=="jsn-Zed-210248BE0D85-23727093-0"}' command is executed.
16:45:03 INFO  : Device configured successfully with "D:/FMCOMMS4_AD9364_Fifo_Tlast_FFT/Ws/FMCOMMS4_AD9364/_ide/bitstream/system_top.bit"
16:45:03 INFO  : Context for 'APU' is selected.
16:45:03 INFO  : Hardware design and registers information is loaded from 'D:/FMCOMMS4_AD9364_Fifo_Tlast_FFT/Ws/system_top/export/system_top/hw/system_top.xsa'.
16:45:03 INFO  : 'configparams force-mem-access 1' command is executed.
16:45:03 INFO  : Context for 'APU' is selected.
16:45:03 INFO  : Sourcing of 'D:/FMCOMMS4_AD9364_Fifo_Tlast_FFT/Ws/FMCOMMS4_AD9364/_ide/psinit/ps7_init.tcl' is done.
16:45:03 INFO  : 'ps7_init' command is executed.
16:45:03 INFO  : 'ps7_post_config' command is executed.
16:45:03 INFO  : Context for processor 'ps7_cortexa9_0' is selected.
16:45:04 INFO  : The application 'D:/FMCOMMS4_AD9364_Fifo_Tlast_FFT/Ws/FMCOMMS4_AD9364/Debug/FMCOMMS4_AD9364.elf' is downloaded to processor 'ps7_cortexa9_0'.
16:45:04 INFO  : 'configparams force-mem-access 0' command is executed.
16:45:04 INFO  : ----------------XSDB Script----------------
connect -url tcp:127.0.0.1:3121
targets -set -nocase -filter {name =~"APU*"}
rst -system
after 3000
targets -set -filter {jtag_cable_name =~ "Digilent Zed 210248BE0D85" && level==0 && jtag_device_ctx=="jsn-Zed-210248BE0D85-23727093-0"}
fpga -file D:/FMCOMMS4_AD9364_Fifo_Tlast_FFT/Ws/FMCOMMS4_AD9364/_ide/bitstream/system_top.bit
targets -set -nocase -filter {name =~"APU*"}
loadhw -hw D:/FMCOMMS4_AD9364_Fifo_Tlast_FFT/Ws/system_top/export/system_top/hw/system_top.xsa -mem-ranges [list {0x40000000 0xbfffffff}] -regs
configparams force-mem-access 1
targets -set -nocase -filter {name =~"APU*"}
source D:/FMCOMMS4_AD9364_Fifo_Tlast_FFT/Ws/FMCOMMS4_AD9364/_ide/psinit/ps7_init.tcl
ps7_init
ps7_post_config
targets -set -nocase -filter {name =~ "*A9*#0"}
dow D:/FMCOMMS4_AD9364_Fifo_Tlast_FFT/Ws/FMCOMMS4_AD9364/Debug/FMCOMMS4_AD9364.elf
configparams force-mem-access 0
----------------End of Script----------------

16:45:04 INFO  : Context for processor 'ps7_cortexa9_0' is selected.
16:45:04 INFO  : 'con' command is executed.
16:45:04 INFO  : ----------------XSDB Script (After Launch)----------------
targets -set -nocase -filter {name =~ "*A9*#0"}
con
----------------End of Script----------------

16:45:04 INFO  : Launch script is exported to file 'D:\FMCOMMS4_AD9364_Fifo_Tlast_FFT\Ws\FMCOMMS4_AD9364_system\_ide\scripts\debugger_fmcomms4_ad9364-default.tcl'
16:45:28 INFO  : Disconnected from the channel tcfchan#44.
16:45:29 INFO  : Connected to target on host '127.0.0.1' and port '3121'.
16:45:30 INFO  : Jtag cable 'Digilent Zed 210248BE0D85' is selected.
16:45:30 INFO  : 'jtag frequency' command is executed.
16:45:30 INFO  : Context for 'APU' is selected.
16:45:30 INFO  : System reset is completed.
16:45:33 INFO  : 'after 3000' command is executed.
16:45:33 INFO  : 'targets -set -filter {jtag_cable_name =~ "Digilent Zed 210248BE0D85" && level==0 && jtag_device_ctx=="jsn-Zed-210248BE0D85-23727093-0"}' command is executed.
16:45:35 INFO  : Device configured successfully with "D:/FMCOMMS4_AD9364_Fifo_Tlast_FFT/Ws/FMCOMMS4_AD9364/_ide/bitstream/system_top.bit"
16:45:35 INFO  : Context for 'APU' is selected.
16:45:35 INFO  : Hardware design and registers information is loaded from 'D:/FMCOMMS4_AD9364_Fifo_Tlast_FFT/Ws/system_top/export/system_top/hw/system_top.xsa'.
16:45:35 INFO  : 'configparams force-mem-access 1' command is executed.
16:45:35 INFO  : Context for 'APU' is selected.
16:45:35 INFO  : Sourcing of 'D:/FMCOMMS4_AD9364_Fifo_Tlast_FFT/Ws/FMCOMMS4_AD9364/_ide/psinit/ps7_init.tcl' is done.
16:45:35 INFO  : 'ps7_init' command is executed.
16:45:35 INFO  : 'ps7_post_config' command is executed.
16:45:35 INFO  : Context for processor 'ps7_cortexa9_0' is selected.
16:45:36 INFO  : The application 'D:/FMCOMMS4_AD9364_Fifo_Tlast_FFT/Ws/FMCOMMS4_AD9364/Debug/FMCOMMS4_AD9364.elf' is downloaded to processor 'ps7_cortexa9_0'.
16:45:36 INFO  : 'configparams force-mem-access 0' command is executed.
16:45:36 INFO  : ----------------XSDB Script----------------
connect -url tcp:127.0.0.1:3121
targets -set -nocase -filter {name =~"APU*"}
rst -system
after 3000
targets -set -filter {jtag_cable_name =~ "Digilent Zed 210248BE0D85" && level==0 && jtag_device_ctx=="jsn-Zed-210248BE0D85-23727093-0"}
fpga -file D:/FMCOMMS4_AD9364_Fifo_Tlast_FFT/Ws/FMCOMMS4_AD9364/_ide/bitstream/system_top.bit
targets -set -nocase -filter {name =~"APU*"}
loadhw -hw D:/FMCOMMS4_AD9364_Fifo_Tlast_FFT/Ws/system_top/export/system_top/hw/system_top.xsa -mem-ranges [list {0x40000000 0xbfffffff}] -regs
configparams force-mem-access 1
targets -set -nocase -filter {name =~"APU*"}
source D:/FMCOMMS4_AD9364_Fifo_Tlast_FFT/Ws/FMCOMMS4_AD9364/_ide/psinit/ps7_init.tcl
ps7_init
ps7_post_config
targets -set -nocase -filter {name =~ "*A9*#0"}
dow D:/FMCOMMS4_AD9364_Fifo_Tlast_FFT/Ws/FMCOMMS4_AD9364/Debug/FMCOMMS4_AD9364.elf
configparams force-mem-access 0
----------------End of Script----------------

16:45:36 INFO  : Context for processor 'ps7_cortexa9_0' is selected.
16:45:36 INFO  : 'con' command is executed.
16:45:36 INFO  : ----------------XSDB Script (After Launch)----------------
targets -set -nocase -filter {name =~ "*A9*#0"}
con
----------------End of Script----------------

16:45:36 INFO  : Launch script is exported to file 'D:\FMCOMMS4_AD9364_Fifo_Tlast_FFT\Ws\FMCOMMS4_AD9364_system\_ide\scripts\debugger_fmcomms4_ad9364-default.tcl'
16:46:46 INFO  : Disconnected from the channel tcfchan#45.
16:46:47 INFO  : Connected to target on host '127.0.0.1' and port '3121'.
16:46:47 INFO  : Jtag cable 'Digilent Zed 210248BE0D85' is selected.
16:46:47 INFO  : 'jtag frequency' command is executed.
16:46:47 INFO  : Context for 'APU' is selected.
16:46:47 INFO  : System reset is completed.
16:46:50 INFO  : 'after 3000' command is executed.
16:46:51 INFO  : 'targets -set -filter {jtag_cable_name =~ "Digilent Zed 210248BE0D85" && level==0 && jtag_device_ctx=="jsn-Zed-210248BE0D85-23727093-0"}' command is executed.
16:46:53 INFO  : Device configured successfully with "D:/FMCOMMS4_AD9364_Fifo_Tlast_FFT/Ws/FMCOMMS4_AD9364/_ide/bitstream/system_top.bit"
16:46:53 INFO  : Context for 'APU' is selected.
16:46:53 INFO  : Hardware design and registers information is loaded from 'D:/FMCOMMS4_AD9364_Fifo_Tlast_FFT/Ws/system_top/export/system_top/hw/system_top.xsa'.
16:46:53 INFO  : 'configparams force-mem-access 1' command is executed.
16:46:53 INFO  : Context for 'APU' is selected.
16:46:53 INFO  : Sourcing of 'D:/FMCOMMS4_AD9364_Fifo_Tlast_FFT/Ws/FMCOMMS4_AD9364/_ide/psinit/ps7_init.tcl' is done.
16:46:53 INFO  : 'ps7_init' command is executed.
16:46:53 INFO  : 'ps7_post_config' command is executed.
16:46:53 INFO  : Context for processor 'ps7_cortexa9_0' is selected.
16:46:54 INFO  : The application 'D:/FMCOMMS4_AD9364_Fifo_Tlast_FFT/Ws/FMCOMMS4_AD9364/Debug/FMCOMMS4_AD9364.elf' is downloaded to processor 'ps7_cortexa9_0'.
16:46:54 INFO  : 'configparams force-mem-access 0' command is executed.
16:46:54 INFO  : ----------------XSDB Script----------------
connect -url tcp:127.0.0.1:3121
targets -set -nocase -filter {name =~"APU*"}
rst -system
after 3000
targets -set -filter {jtag_cable_name =~ "Digilent Zed 210248BE0D85" && level==0 && jtag_device_ctx=="jsn-Zed-210248BE0D85-23727093-0"}
fpga -file D:/FMCOMMS4_AD9364_Fifo_Tlast_FFT/Ws/FMCOMMS4_AD9364/_ide/bitstream/system_top.bit
targets -set -nocase -filter {name =~"APU*"}
loadhw -hw D:/FMCOMMS4_AD9364_Fifo_Tlast_FFT/Ws/system_top/export/system_top/hw/system_top.xsa -mem-ranges [list {0x40000000 0xbfffffff}] -regs
configparams force-mem-access 1
targets -set -nocase -filter {name =~"APU*"}
source D:/FMCOMMS4_AD9364_Fifo_Tlast_FFT/Ws/FMCOMMS4_AD9364/_ide/psinit/ps7_init.tcl
ps7_init
ps7_post_config
targets -set -nocase -filter {name =~ "*A9*#0"}
dow D:/FMCOMMS4_AD9364_Fifo_Tlast_FFT/Ws/FMCOMMS4_AD9364/Debug/FMCOMMS4_AD9364.elf
configparams force-mem-access 0
----------------End of Script----------------

16:46:54 INFO  : Context for processor 'ps7_cortexa9_0' is selected.
16:46:54 INFO  : 'con' command is executed.
16:46:54 INFO  : ----------------XSDB Script (After Launch)----------------
targets -set -nocase -filter {name =~ "*A9*#0"}
con
----------------End of Script----------------

16:46:54 INFO  : Launch script is exported to file 'D:\FMCOMMS4_AD9364_Fifo_Tlast_FFT\Ws\FMCOMMS4_AD9364_system\_ide\scripts\debugger_fmcomms4_ad9364-default.tcl'
16:49:21 INFO  : Hardware specification for platform project 'system_top' is updated.
16:50:14 INFO  : Result from executing command 'getProjects': system_top
16:50:14 INFO  : Result from executing command 'getPlatforms': system_top|D:/FMCOMMS4_AD9364_Fifo_Tlast_FFT/Ws/system_top/export/system_top/system_top.xpfm;xilinx_vck190_base_202310_1|D:/Vitis/2023.1/base_platforms/xilinx_vck190_base_202310_1/xilinx_vck190_base_202310_1.xpfm;xilinx_vck190_base_dfx_202310_1|D:/Vitis/2023.1/base_platforms/xilinx_vck190_base_dfx_202310_1/xilinx_vck190_base_dfx_202310_1.xpfm;xilinx_vek280_es1_base_202310_1|D:/Vitis/2023.1/base_platforms/xilinx_vek280_es1_base_202310_1/xilinx_vek280_es1_base_202310_1.xpfm;xilinx_vmk180_base_202310_1|D:/Vitis/2023.1/base_platforms/xilinx_vmk180_base_202310_1/xilinx_vmk180_base_202310_1.xpfm;xilinx_zcu102_base_202310_1|D:/Vitis/2023.1/base_platforms/xilinx_zcu102_base_202310_1/xilinx_zcu102_base_202310_1.xpfm;xilinx_zcu102_base_dfx_202310_1|D:/Vitis/2023.1/base_platforms/xilinx_zcu102_base_dfx_202310_1/xilinx_zcu102_base_dfx_202310_1.xpfm;xilinx_zcu104_base_202310_1|D:/Vitis/2023.1/base_platforms/xilinx_zcu104_base_202310_1/xilinx_zcu104_base_202310_1.xpfm
16:50:23 INFO  : Checking for BSP changes to sync application flags for project 'FMCOMMS4_AD9364'...
16:51:06 INFO  : Checking for BSP changes to sync application flags for project 'FMCOMMS4_AD9364'...
16:51:18 INFO  : Disconnected from the channel tcfchan#46.
16:51:19 INFO  : The hardware specification used by project 'FMCOMMS4_AD9364' is out of sync with the platform. Resource files extracted from the hardware specification will be updated.
16:51:19 INFO  : The file 'D:\FMCOMMS4_AD9364_Fifo_Tlast_FFT\Ws\FMCOMMS4_AD9364\_ide\bitstream\system_top.bit' stored in project is removed.
16:51:19 INFO  : The updated bitstream files are copied from platform to folder 'D:\FMCOMMS4_AD9364_Fifo_Tlast_FFT\Ws\FMCOMMS4_AD9364\_ide\bitstream' in project 'FMCOMMS4_AD9364'.
16:51:19 INFO  : The file 'D:\FMCOMMS4_AD9364_Fifo_Tlast_FFT\Ws\FMCOMMS4_AD9364\_ide\psinit\ps7_init.tcl' stored in project is removed.
16:51:25 INFO  : The updated ps init files are copied from platform to folder 'D:\FMCOMMS4_AD9364_Fifo_Tlast_FFT\Ws\FMCOMMS4_AD9364\_ide\psinit' in project 'FMCOMMS4_AD9364'.
16:51:25 INFO  : Connected to target on host '127.0.0.1' and port '3121'.
16:51:25 INFO  : Jtag cable 'Digilent Zed 210248BE0D85' is selected.
16:51:25 INFO  : 'jtag frequency' command is executed.
16:51:25 INFO  : Context for 'APU' is selected.
16:51:25 INFO  : System reset is completed.
16:51:28 INFO  : 'after 3000' command is executed.
16:51:29 INFO  : 'targets -set -filter {jtag_cable_name =~ "Digilent Zed 210248BE0D85" && level==0 && jtag_device_ctx=="jsn-Zed-210248BE0D85-23727093-0"}' command is executed.
16:51:31 INFO  : Device configured successfully with "D:/FMCOMMS4_AD9364_Fifo_Tlast_FFT/Ws/FMCOMMS4_AD9364/_ide/bitstream/system_top.bit"
16:51:31 INFO  : Context for 'APU' is selected.
16:51:31 INFO  : Hardware design and registers information is loaded from 'D:/FMCOMMS4_AD9364_Fifo_Tlast_FFT/Ws/system_top/export/system_top/hw/system_top.xsa'.
16:51:31 INFO  : 'configparams force-mem-access 1' command is executed.
16:51:31 INFO  : Context for 'APU' is selected.
16:51:31 INFO  : Sourcing of 'D:/FMCOMMS4_AD9364_Fifo_Tlast_FFT/Ws/FMCOMMS4_AD9364/_ide/psinit/ps7_init.tcl' is done.
16:51:31 INFO  : 'ps7_init' command is executed.
16:51:31 INFO  : 'ps7_post_config' command is executed.
16:51:31 INFO  : Context for processor 'ps7_cortexa9_0' is selected.
16:51:32 INFO  : The application 'D:/FMCOMMS4_AD9364_Fifo_Tlast_FFT/Ws/FMCOMMS4_AD9364/Debug/FMCOMMS4_AD9364.elf' is downloaded to processor 'ps7_cortexa9_0'.
16:51:32 INFO  : 'configparams force-mem-access 0' command is executed.
16:51:32 INFO  : ----------------XSDB Script----------------
connect -url tcp:127.0.0.1:3121
targets -set -nocase -filter {name =~"APU*"}
rst -system
after 3000
targets -set -filter {jtag_cable_name =~ "Digilent Zed 210248BE0D85" && level==0 && jtag_device_ctx=="jsn-Zed-210248BE0D85-23727093-0"}
fpga -file D:/FMCOMMS4_AD9364_Fifo_Tlast_FFT/Ws/FMCOMMS4_AD9364/_ide/bitstream/system_top.bit
targets -set -nocase -filter {name =~"APU*"}
loadhw -hw D:/FMCOMMS4_AD9364_Fifo_Tlast_FFT/Ws/system_top/export/system_top/hw/system_top.xsa -mem-ranges [list {0x40000000 0xbfffffff}] -regs
configparams force-mem-access 1
targets -set -nocase -filter {name =~"APU*"}
source D:/FMCOMMS4_AD9364_Fifo_Tlast_FFT/Ws/FMCOMMS4_AD9364/_ide/psinit/ps7_init.tcl
ps7_init
ps7_post_config
targets -set -nocase -filter {name =~ "*A9*#0"}
dow D:/FMCOMMS4_AD9364_Fifo_Tlast_FFT/Ws/FMCOMMS4_AD9364/Debug/FMCOMMS4_AD9364.elf
configparams force-mem-access 0
----------------End of Script----------------

16:51:32 INFO  : Context for processor 'ps7_cortexa9_0' is selected.
16:51:32 INFO  : 'con' command is executed.
16:51:32 INFO  : ----------------XSDB Script (After Launch)----------------
targets -set -nocase -filter {name =~ "*A9*#0"}
con
----------------End of Script----------------

16:51:32 INFO  : Launch script is exported to file 'D:\FMCOMMS4_AD9364_Fifo_Tlast_FFT\Ws\FMCOMMS4_AD9364_system\_ide\scripts\debugger_fmcomms4_ad9364-default.tcl'
16:52:34 INFO  : Disconnected from the channel tcfchan#48.
16:52:35 INFO  : Connected to target on host '127.0.0.1' and port '3121'.
16:52:35 INFO  : Jtag cable 'Digilent Zed 210248BE0D85' is selected.
16:52:35 ERROR : port closed
16:52:35 INFO  : ----------------XSDB Script----------------
connect -url tcp:127.0.0.1:3121
----------------End of Script----------------

16:52:35 ERROR : port closed
16:53:21 INFO  : Connected to target on host '127.0.0.1' and port '3121'.
16:53:22 INFO  : Jtag cable 'Digilent Zed 210248BE0D85' is selected.
16:53:22 INFO  : 'jtag frequency' command is executed.
16:53:22 INFO  : Context for 'APU' is selected.
16:53:22 INFO  : System reset is completed.
16:53:25 INFO  : 'after 3000' command is executed.
16:53:25 INFO  : 'targets -set -filter {jtag_cable_name =~ "Digilent Zed 210248BE0D85" && level==0 && jtag_device_ctx=="jsn-Zed-210248BE0D85-23727093-0"}' command is executed.
16:53:27 INFO  : Device configured successfully with "D:/FMCOMMS4_AD9364_Fifo_Tlast_FFT/Ws/FMCOMMS4_AD9364/_ide/bitstream/system_top.bit"
16:53:27 INFO  : Context for 'APU' is selected.
16:53:27 INFO  : Hardware design and registers information is loaded from 'D:/FMCOMMS4_AD9364_Fifo_Tlast_FFT/Ws/system_top/export/system_top/hw/system_top.xsa'.
16:53:27 INFO  : 'configparams force-mem-access 1' command is executed.
16:53:27 INFO  : Context for 'APU' is selected.
16:53:27 INFO  : Sourcing of 'D:/FMCOMMS4_AD9364_Fifo_Tlast_FFT/Ws/FMCOMMS4_AD9364/_ide/psinit/ps7_init.tcl' is done.
16:53:28 INFO  : 'ps7_init' command is executed.
16:53:28 INFO  : 'ps7_post_config' command is executed.
16:53:28 INFO  : Context for processor 'ps7_cortexa9_0' is selected.
16:53:28 INFO  : The application 'D:/FMCOMMS4_AD9364_Fifo_Tlast_FFT/Ws/FMCOMMS4_AD9364/Debug/FMCOMMS4_AD9364.elf' is downloaded to processor 'ps7_cortexa9_0'.
16:53:28 INFO  : 'configparams force-mem-access 0' command is executed.
16:53:28 INFO  : ----------------XSDB Script----------------
connect -url tcp:127.0.0.1:3121
targets -set -nocase -filter {name =~"APU*"}
rst -system
after 3000
targets -set -filter {jtag_cable_name =~ "Digilent Zed 210248BE0D85" && level==0 && jtag_device_ctx=="jsn-Zed-210248BE0D85-23727093-0"}
fpga -file D:/FMCOMMS4_AD9364_Fifo_Tlast_FFT/Ws/FMCOMMS4_AD9364/_ide/bitstream/system_top.bit
targets -set -nocase -filter {name =~"APU*"}
loadhw -hw D:/FMCOMMS4_AD9364_Fifo_Tlast_FFT/Ws/system_top/export/system_top/hw/system_top.xsa -mem-ranges [list {0x40000000 0xbfffffff}] -regs
configparams force-mem-access 1
targets -set -nocase -filter {name =~"APU*"}
source D:/FMCOMMS4_AD9364_Fifo_Tlast_FFT/Ws/FMCOMMS4_AD9364/_ide/psinit/ps7_init.tcl
ps7_init
ps7_post_config
targets -set -nocase -filter {name =~ "*A9*#0"}
dow D:/FMCOMMS4_AD9364_Fifo_Tlast_FFT/Ws/FMCOMMS4_AD9364/Debug/FMCOMMS4_AD9364.elf
configparams force-mem-access 0
----------------End of Script----------------

16:53:28 INFO  : Context for processor 'ps7_cortexa9_0' is selected.
16:53:29 INFO  : 'con' command is executed.
16:53:29 INFO  : ----------------XSDB Script (After Launch)----------------
targets -set -nocase -filter {name =~ "*A9*#0"}
con
----------------End of Script----------------

16:53:29 INFO  : Launch script is exported to file 'D:\FMCOMMS4_AD9364_Fifo_Tlast_FFT\Ws\FMCOMMS4_AD9364_system\_ide\scripts\debugger_fmcomms4_ad9364-default.tcl'
16:53:39 INFO  : Disconnected from the channel tcfchan#49.
16:53:40 INFO  : Connected to target on host '127.0.0.1' and port '3121'.
16:53:49 INFO  : ----------------XSDB Script----------------
connect -url tcp:127.0.0.1:3121
----------------End of Script----------------

16:53:49 ERROR : Could not find Jtag device on the board for connection 'Local'.


Troubleshooting hints:
1. Check whether board is connected to system properly.
2. In case of zynq board, check whether Digilent/Xilinx cable switch settings are correct.
3. If you are using Xilinx Platform Cable USB, ensure that status LED is green.
16:53:55 INFO  : Connected to target on host '127.0.0.1' and port '3121'.
16:53:55 INFO  : Jtag cable 'Digilent Zed 210248BE0D85' is selected.
16:53:55 INFO  : 'jtag frequency' command is executed.
16:53:55 INFO  : Context for 'APU' is selected.
16:53:55 INFO  : System reset is completed.
16:53:58 INFO  : 'after 3000' command is executed.
16:53:58 INFO  : 'targets -set -filter {jtag_cable_name =~ "Digilent Zed 210248BE0D85" && level==0 && jtag_device_ctx=="jsn-Zed-210248BE0D85-23727093-0"}' command is executed.
16:54:00 INFO  : Device configured successfully with "D:/FMCOMMS4_AD9364_Fifo_Tlast_FFT/Ws/FMCOMMS4_AD9364/_ide/bitstream/system_top.bit"
16:54:00 INFO  : Context for 'APU' is selected.
16:54:00 INFO  : Hardware design and registers information is loaded from 'D:/FMCOMMS4_AD9364_Fifo_Tlast_FFT/Ws/system_top/export/system_top/hw/system_top.xsa'.
16:54:00 INFO  : 'configparams force-mem-access 1' command is executed.
16:54:00 INFO  : Context for 'APU' is selected.
16:54:00 INFO  : Sourcing of 'D:/FMCOMMS4_AD9364_Fifo_Tlast_FFT/Ws/FMCOMMS4_AD9364/_ide/psinit/ps7_init.tcl' is done.
16:54:01 INFO  : 'ps7_init' command is executed.
16:54:01 INFO  : 'ps7_post_config' command is executed.
16:54:01 INFO  : Context for processor 'ps7_cortexa9_0' is selected.
16:54:01 INFO  : The application 'D:/FMCOMMS4_AD9364_Fifo_Tlast_FFT/Ws/FMCOMMS4_AD9364/Debug/FMCOMMS4_AD9364.elf' is downloaded to processor 'ps7_cortexa9_0'.
16:54:01 INFO  : 'configparams force-mem-access 0' command is executed.
16:54:01 INFO  : ----------------XSDB Script----------------
connect -url tcp:127.0.0.1:3121
targets -set -nocase -filter {name =~"APU*"}
rst -system
after 3000
targets -set -filter {jtag_cable_name =~ "Digilent Zed 210248BE0D85" && level==0 && jtag_device_ctx=="jsn-Zed-210248BE0D85-23727093-0"}
fpga -file D:/FMCOMMS4_AD9364_Fifo_Tlast_FFT/Ws/FMCOMMS4_AD9364/_ide/bitstream/system_top.bit
targets -set -nocase -filter {name =~"APU*"}
loadhw -hw D:/FMCOMMS4_AD9364_Fifo_Tlast_FFT/Ws/system_top/export/system_top/hw/system_top.xsa -mem-ranges [list {0x40000000 0xbfffffff}] -regs
configparams force-mem-access 1
targets -set -nocase -filter {name =~"APU*"}
source D:/FMCOMMS4_AD9364_Fifo_Tlast_FFT/Ws/FMCOMMS4_AD9364/_ide/psinit/ps7_init.tcl
ps7_init
ps7_post_config
targets -set -nocase -filter {name =~ "*A9*#0"}
dow D:/FMCOMMS4_AD9364_Fifo_Tlast_FFT/Ws/FMCOMMS4_AD9364/Debug/FMCOMMS4_AD9364.elf
configparams force-mem-access 0
----------------End of Script----------------

16:54:01 INFO  : Context for processor 'ps7_cortexa9_0' is selected.
16:54:02 INFO  : 'con' command is executed.
16:54:02 INFO  : ----------------XSDB Script (After Launch)----------------
targets -set -nocase -filter {name =~ "*A9*#0"}
con
----------------End of Script----------------

16:54:02 INFO  : Launch script is exported to file 'D:\FMCOMMS4_AD9364_Fifo_Tlast_FFT\Ws\FMCOMMS4_AD9364_system\_ide\scripts\debugger_fmcomms4_ad9364-default.tcl'
16:55:25 INFO  : Disconnected from the channel tcfchan#50.
16:55:26 INFO  : Connected to target on host '127.0.0.1' and port '3121'.
16:55:27 INFO  : Jtag cable 'Digilent Zed 210248BE0D85' is selected.
16:55:27 INFO  : 'jtag frequency' command is executed.
16:55:29 INFO  : Context for 'APU' is selected.
16:55:29 INFO  : System reset is completed.
16:55:32 INFO  : 'after 3000' command is executed.
16:55:32 INFO  : 'targets -set -filter {jtag_cable_name =~ "Digilent Zed 210248BE0D85" && level==0 && jtag_device_ctx=="jsn-Zed-210248BE0D85-23727093-0"}' command is executed.
16:55:34 INFO  : Device configured successfully with "D:/FMCOMMS4_AD9364_Fifo_Tlast_FFT/Ws/FMCOMMS4_AD9364/_ide/bitstream/system_top.bit"
16:55:34 INFO  : Context for 'APU' is selected.
16:55:34 INFO  : Hardware design and registers information is loaded from 'D:/FMCOMMS4_AD9364_Fifo_Tlast_FFT/Ws/system_top/export/system_top/hw/system_top.xsa'.
16:55:34 INFO  : 'configparams force-mem-access 1' command is executed.
16:55:34 INFO  : Context for 'APU' is selected.
16:55:34 INFO  : Sourcing of 'D:/FMCOMMS4_AD9364_Fifo_Tlast_FFT/Ws/FMCOMMS4_AD9364/_ide/psinit/ps7_init.tcl' is done.
16:55:34 INFO  : 'ps7_init' command is executed.
16:55:34 INFO  : 'ps7_post_config' command is executed.
16:55:34 INFO  : Context for processor 'ps7_cortexa9_0' is selected.
16:55:35 INFO  : The application 'D:/FMCOMMS4_AD9364_Fifo_Tlast_FFT/Ws/FMCOMMS4_AD9364/Debug/FMCOMMS4_AD9364.elf' is downloaded to processor 'ps7_cortexa9_0'.
16:55:35 INFO  : 'configparams force-mem-access 0' command is executed.
16:55:35 INFO  : ----------------XSDB Script----------------
connect -url tcp:127.0.0.1:3121
targets -set -nocase -filter {name =~"APU*"}
rst -system
after 3000
targets -set -filter {jtag_cable_name =~ "Digilent Zed 210248BE0D85" && level==0 && jtag_device_ctx=="jsn-Zed-210248BE0D85-23727093-0"}
fpga -file D:/FMCOMMS4_AD9364_Fifo_Tlast_FFT/Ws/FMCOMMS4_AD9364/_ide/bitstream/system_top.bit
targets -set -nocase -filter {name =~"APU*"}
loadhw -hw D:/FMCOMMS4_AD9364_Fifo_Tlast_FFT/Ws/system_top/export/system_top/hw/system_top.xsa -mem-ranges [list {0x40000000 0xbfffffff}] -regs
configparams force-mem-access 1
targets -set -nocase -filter {name =~"APU*"}
source D:/FMCOMMS4_AD9364_Fifo_Tlast_FFT/Ws/FMCOMMS4_AD9364/_ide/psinit/ps7_init.tcl
ps7_init
ps7_post_config
targets -set -nocase -filter {name =~ "*A9*#0"}
dow D:/FMCOMMS4_AD9364_Fifo_Tlast_FFT/Ws/FMCOMMS4_AD9364/Debug/FMCOMMS4_AD9364.elf
configparams force-mem-access 0
----------------End of Script----------------

16:55:35 INFO  : Context for processor 'ps7_cortexa9_0' is selected.
16:55:35 INFO  : 'con' command is executed.
16:55:35 INFO  : ----------------XSDB Script (After Launch)----------------
targets -set -nocase -filter {name =~ "*A9*#0"}
con
----------------End of Script----------------

16:55:35 INFO  : Launch script is exported to file 'D:\FMCOMMS4_AD9364_Fifo_Tlast_FFT\Ws\FMCOMMS4_AD9364_system\_ide\scripts\debugger_fmcomms4_ad9364-default.tcl'
16:55:43 INFO  : Disconnected from the channel tcfchan#51.
16:55:44 INFO  : Connected to target on host '127.0.0.1' and port '3121'.
16:55:44 INFO  : Jtag cable 'Digilent Zed 210248BE0D85' is selected.
16:55:44 INFO  : 'jtag frequency' command is executed.
16:55:44 INFO  : Context for 'APU' is selected.
16:55:44 INFO  : System reset is completed.
16:55:47 INFO  : 'after 3000' command is executed.
16:55:48 INFO  : 'targets -set -filter {jtag_cable_name =~ "Digilent Zed 210248BE0D85" && level==0 && jtag_device_ctx=="jsn-Zed-210248BE0D85-23727093-0"}' command is executed.
16:55:50 INFO  : Device configured successfully with "D:/FMCOMMS4_AD9364_Fifo_Tlast_FFT/Ws/FMCOMMS4_AD9364/_ide/bitstream/system_top.bit"
16:55:50 INFO  : Context for 'APU' is selected.
16:55:50 INFO  : Hardware design and registers information is loaded from 'D:/FMCOMMS4_AD9364_Fifo_Tlast_FFT/Ws/system_top/export/system_top/hw/system_top.xsa'.
16:55:50 INFO  : 'configparams force-mem-access 1' command is executed.
16:55:50 INFO  : Context for 'APU' is selected.
16:55:50 INFO  : Sourcing of 'D:/FMCOMMS4_AD9364_Fifo_Tlast_FFT/Ws/FMCOMMS4_AD9364/_ide/psinit/ps7_init.tcl' is done.
16:55:50 INFO  : 'ps7_init' command is executed.
16:55:50 INFO  : 'ps7_post_config' command is executed.
16:55:50 INFO  : Context for processor 'ps7_cortexa9_0' is selected.
16:55:51 INFO  : The application 'D:/FMCOMMS4_AD9364_Fifo_Tlast_FFT/Ws/FMCOMMS4_AD9364/Debug/FMCOMMS4_AD9364.elf' is downloaded to processor 'ps7_cortexa9_0'.
16:55:51 INFO  : 'configparams force-mem-access 0' command is executed.
16:55:51 INFO  : ----------------XSDB Script----------------
connect -url tcp:127.0.0.1:3121
targets -set -nocase -filter {name =~"APU*"}
rst -system
after 3000
targets -set -filter {jtag_cable_name =~ "Digilent Zed 210248BE0D85" && level==0 && jtag_device_ctx=="jsn-Zed-210248BE0D85-23727093-0"}
fpga -file D:/FMCOMMS4_AD9364_Fifo_Tlast_FFT/Ws/FMCOMMS4_AD9364/_ide/bitstream/system_top.bit
targets -set -nocase -filter {name =~"APU*"}
loadhw -hw D:/FMCOMMS4_AD9364_Fifo_Tlast_FFT/Ws/system_top/export/system_top/hw/system_top.xsa -mem-ranges [list {0x40000000 0xbfffffff}] -regs
configparams force-mem-access 1
targets -set -nocase -filter {name =~"APU*"}
source D:/FMCOMMS4_AD9364_Fifo_Tlast_FFT/Ws/FMCOMMS4_AD9364/_ide/psinit/ps7_init.tcl
ps7_init
ps7_post_config
targets -set -nocase -filter {name =~ "*A9*#0"}
dow D:/FMCOMMS4_AD9364_Fifo_Tlast_FFT/Ws/FMCOMMS4_AD9364/Debug/FMCOMMS4_AD9364.elf
configparams force-mem-access 0
----------------End of Script----------------

16:55:51 INFO  : Context for processor 'ps7_cortexa9_0' is selected.
16:55:51 INFO  : 'con' command is executed.
16:55:51 INFO  : ----------------XSDB Script (After Launch)----------------
targets -set -nocase -filter {name =~ "*A9*#0"}
con
----------------End of Script----------------

16:55:51 INFO  : Launch script is exported to file 'D:\FMCOMMS4_AD9364_Fifo_Tlast_FFT\Ws\FMCOMMS4_AD9364_system\_ide\scripts\debugger_fmcomms4_ad9364-default.tcl'
17:04:51 INFO  : Hardware specification for platform project 'system_top' is updated.
17:06:07 INFO  : Hardware specification for platform project 'system_top' is updated.
17:06:32 INFO  : Result from executing command 'getProjects': system_top
17:06:32 INFO  : Result from executing command 'getPlatforms': system_top|D:/FMCOMMS4_AD9364_Fifo_Tlast_FFT/Ws/system_top/export/system_top/system_top.xpfm;xilinx_vck190_base_202310_1|D:/Vitis/2023.1/base_platforms/xilinx_vck190_base_202310_1/xilinx_vck190_base_202310_1.xpfm;xilinx_vck190_base_dfx_202310_1|D:/Vitis/2023.1/base_platforms/xilinx_vck190_base_dfx_202310_1/xilinx_vck190_base_dfx_202310_1.xpfm;xilinx_vek280_es1_base_202310_1|D:/Vitis/2023.1/base_platforms/xilinx_vek280_es1_base_202310_1/xilinx_vek280_es1_base_202310_1.xpfm;xilinx_vmk180_base_202310_1|D:/Vitis/2023.1/base_platforms/xilinx_vmk180_base_202310_1/xilinx_vmk180_base_202310_1.xpfm;xilinx_zcu102_base_202310_1|D:/Vitis/2023.1/base_platforms/xilinx_zcu102_base_202310_1/xilinx_zcu102_base_202310_1.xpfm;xilinx_zcu102_base_dfx_202310_1|D:/Vitis/2023.1/base_platforms/xilinx_zcu102_base_dfx_202310_1/xilinx_zcu102_base_dfx_202310_1.xpfm;xilinx_zcu104_base_202310_1|D:/Vitis/2023.1/base_platforms/xilinx_zcu104_base_202310_1/xilinx_zcu104_base_202310_1.xpfm
17:06:43 INFO  : Checking for BSP changes to sync application flags for project 'FMCOMMS4_AD9364'...
17:06:49 INFO  : Checking for BSP changes to sync application flags for project 'FMCOMMS4_AD9364'...
17:06:55 INFO  : Disconnected from the channel tcfchan#52.
17:06:56 INFO  : Connected to target on host '127.0.0.1' and port '3121'.
17:07:11 INFO  : ----------------XSDB Script----------------
connect -url tcp:127.0.0.1:3121
----------------End of Script----------------

17:07:11 ERROR : Could not find ARM device on the board for connection 'Local'.
Check if the target is in:
1. Split JTAG - No operations are possible with ARM DAP.
2. Non JTAG bootmode - Bootrom may need time to enable DAP.
Please try again.


Troubleshooting hints:
1. Check whether board is connected to system properly.
2. In case of zynq board, check whether Digilent/Xilinx cable switch settings are correct.
3. If you are using Xilinx Platform Cable USB, ensure that status LED is green.
17:07:15 INFO  : Connected to target on host '127.0.0.1' and port '3121'.
17:07:15 INFO  : Jtag cable 'Digilent Zed 210248BE0D85' is selected.
17:07:15 INFO  : 'jtag frequency' command is executed.
17:07:15 INFO  : Context for 'APU' is selected.
17:07:15 INFO  : System reset is completed.
17:07:18 ERROR : Emulation support is not available for Windows OS. 
17:07:18 INFO  : 'after 3000' command is executed.
17:07:18 INFO  : 'targets -set -filter {jtag_cable_name =~ "Digilent Zed 210248BE0D85" && level==0 && jtag_device_ctx=="jsn-Zed-210248BE0D85-23727093-0"}' command is executed.
17:07:20 INFO  : Device configured successfully with "D:/FMCOMMS4_AD9364_Fifo_Tlast_FFT/Ws/FMCOMMS4_AD9364/_ide/bitstream/system_top.bit"
17:07:20 INFO  : Context for 'APU' is selected.
17:07:20 INFO  : Hardware design and registers information is loaded from 'D:/FMCOMMS4_AD9364_Fifo_Tlast_FFT/Ws/system_top/export/system_top/hw/system_top.xsa'.
17:07:20 INFO  : 'configparams force-mem-access 1' command is executed.
17:07:20 INFO  : Context for 'APU' is selected.
17:07:20 INFO  : Sourcing of 'D:/FMCOMMS4_AD9364_Fifo_Tlast_FFT/Ws/FMCOMMS4_AD9364/_ide/psinit/ps7_init.tcl' is done.
17:07:21 INFO  : 'ps7_init' command is executed.
17:07:21 INFO  : 'ps7_post_config' command is executed.
17:07:21 INFO  : Context for processor 'ps7_cortexa9_0' is selected.
17:07:21 INFO  : The application 'D:/FMCOMMS4_AD9364_Fifo_Tlast_FFT/Ws/FMCOMMS4_AD9364/Debug/FMCOMMS4_AD9364.elf' is downloaded to processor 'ps7_cortexa9_0'.
17:07:21 INFO  : 'configparams force-mem-access 0' command is executed.
17:07:21 INFO  : ----------------XSDB Script----------------
connect -url tcp:127.0.0.1:3121
targets -set -nocase -filter {name =~"APU*"}
rst -system
after 3000
targets -set -filter {jtag_cable_name =~ "Digilent Zed 210248BE0D85" && level==0 && jtag_device_ctx=="jsn-Zed-210248BE0D85-23727093-0"}
fpga -file D:/FMCOMMS4_AD9364_Fifo_Tlast_FFT/Ws/FMCOMMS4_AD9364/_ide/bitstream/system_top.bit
targets -set -nocase -filter {name =~"APU*"}
loadhw -hw D:/FMCOMMS4_AD9364_Fifo_Tlast_FFT/Ws/system_top/export/system_top/hw/system_top.xsa -mem-ranges [list {0x40000000 0xbfffffff}] -regs
configparams force-mem-access 1
targets -set -nocase -filter {name =~"APU*"}
source D:/FMCOMMS4_AD9364_Fifo_Tlast_FFT/Ws/FMCOMMS4_AD9364/_ide/psinit/ps7_init.tcl
ps7_init
ps7_post_config
targets -set -nocase -filter {name =~ "*A9*#0"}
dow D:/FMCOMMS4_AD9364_Fifo_Tlast_FFT/Ws/FMCOMMS4_AD9364/Debug/FMCOMMS4_AD9364.elf
configparams force-mem-access 0
----------------End of Script----------------

17:07:21 INFO  : Context for processor 'ps7_cortexa9_0' is selected.
17:07:21 INFO  : 'con' command is executed.
17:07:21 INFO  : ----------------XSDB Script (After Launch)----------------
targets -set -nocase -filter {name =~ "*A9*#0"}
con
----------------End of Script----------------

17:07:21 INFO  : Launch script is exported to file 'D:\FMCOMMS4_AD9364_Fifo_Tlast_FFT\Ws\FMCOMMS4_AD9364_system\_ide\scripts\debugger_fmcomms4_ad9364-emulation.tcl'
17:07:27 INFO  : Disconnected from the channel tcfchan#54.
17:07:28 INFO  : Connected to target on host '127.0.0.1' and port '3121'.
17:07:37 INFO  : ----------------XSDB Script----------------
connect -url tcp:127.0.0.1:3121
----------------End of Script----------------

17:07:37 ERROR : Could not find Jtag device on the board for connection 'Local'.


Troubleshooting hints:
1. Check whether board is connected to system properly.
2. In case of zynq board, check whether Digilent/Xilinx cable switch settings are correct.
3. If you are using Xilinx Platform Cable USB, ensure that status LED is green.
17:07:44 INFO  : Connected to target on host '127.0.0.1' and port '3121'.
17:07:44 INFO  : Jtag cable 'Digilent Zed 210248BE0D85' is selected.
17:07:44 INFO  : 'jtag frequency' command is executed.
17:07:44 INFO  : Context for 'APU' is selected.
17:07:44 INFO  : System reset is completed.
17:07:47 INFO  : 'after 3000' command is executed.
17:07:47 INFO  : 'targets -set -filter {jtag_cable_name =~ "Digilent Zed 210248BE0D85" && level==0 && jtag_device_ctx=="jsn-Zed-210248BE0D85-23727093-0"}' command is executed.
17:07:50 INFO  : Device configured successfully with "D:/FMCOMMS4_AD9364_Fifo_Tlast_FFT/Ws/FMCOMMS4_AD9364/_ide/bitstream/system_top.bit"
17:07:50 INFO  : Context for 'APU' is selected.
17:07:50 INFO  : Hardware design and registers information is loaded from 'D:/FMCOMMS4_AD9364_Fifo_Tlast_FFT/Ws/system_top/export/system_top/hw/system_top.xsa'.
17:07:50 INFO  : 'configparams force-mem-access 1' command is executed.
17:07:50 INFO  : Context for 'APU' is selected.
17:07:50 INFO  : Sourcing of 'D:/FMCOMMS4_AD9364_Fifo_Tlast_FFT/Ws/FMCOMMS4_AD9364/_ide/psinit/ps7_init.tcl' is done.
17:07:50 INFO  : 'ps7_init' command is executed.
17:07:50 INFO  : 'ps7_post_config' command is executed.
17:07:50 INFO  : Context for processor 'ps7_cortexa9_0' is selected.
17:07:51 INFO  : The application 'D:/FMCOMMS4_AD9364_Fifo_Tlast_FFT/Ws/FMCOMMS4_AD9364/Debug/FMCOMMS4_AD9364.elf' is downloaded to processor 'ps7_cortexa9_0'.
17:07:51 INFO  : 'configparams force-mem-access 0' command is executed.
17:07:51 INFO  : ----------------XSDB Script----------------
connect -url tcp:127.0.0.1:3121
targets -set -nocase -filter {name =~"APU*"}
rst -system
after 3000
targets -set -filter {jtag_cable_name =~ "Digilent Zed 210248BE0D85" && level==0 && jtag_device_ctx=="jsn-Zed-210248BE0D85-23727093-0"}
fpga -file D:/FMCOMMS4_AD9364_Fifo_Tlast_FFT/Ws/FMCOMMS4_AD9364/_ide/bitstream/system_top.bit
targets -set -nocase -filter {name =~"APU*"}
loadhw -hw D:/FMCOMMS4_AD9364_Fifo_Tlast_FFT/Ws/system_top/export/system_top/hw/system_top.xsa -mem-ranges [list {0x40000000 0xbfffffff}] -regs
configparams force-mem-access 1
targets -set -nocase -filter {name =~"APU*"}
source D:/FMCOMMS4_AD9364_Fifo_Tlast_FFT/Ws/FMCOMMS4_AD9364/_ide/psinit/ps7_init.tcl
ps7_init
ps7_post_config
targets -set -nocase -filter {name =~ "*A9*#0"}
dow D:/FMCOMMS4_AD9364_Fifo_Tlast_FFT/Ws/FMCOMMS4_AD9364/Debug/FMCOMMS4_AD9364.elf
configparams force-mem-access 0
----------------End of Script----------------

17:07:51 INFO  : Context for processor 'ps7_cortexa9_0' is selected.
17:07:51 INFO  : 'con' command is executed.
17:07:51 INFO  : ----------------XSDB Script (After Launch)----------------
targets -set -nocase -filter {name =~ "*A9*#0"}
con
----------------End of Script----------------

17:07:51 INFO  : Launch script is exported to file 'D:\FMCOMMS4_AD9364_Fifo_Tlast_FFT\Ws\FMCOMMS4_AD9364_system\_ide\scripts\debugger_fmcomms4_ad9364-default.tcl'
17:29:34 INFO  : Hardware specification for platform project 'system_top' is updated.
17:31:03 INFO  : Hardware specification for platform project 'system_top' is updated.
17:31:29 INFO  : Result from executing command 'getProjects': system_top
17:31:29 INFO  : Result from executing command 'getPlatforms': system_top|D:/FMCOMMS4_AD9364_Fifo_Tlast_FFT/Ws/system_top/export/system_top/system_top.xpfm;xilinx_vck190_base_202310_1|D:/Vitis/2023.1/base_platforms/xilinx_vck190_base_202310_1/xilinx_vck190_base_202310_1.xpfm;xilinx_vck190_base_dfx_202310_1|D:/Vitis/2023.1/base_platforms/xilinx_vck190_base_dfx_202310_1/xilinx_vck190_base_dfx_202310_1.xpfm;xilinx_vek280_es1_base_202310_1|D:/Vitis/2023.1/base_platforms/xilinx_vek280_es1_base_202310_1/xilinx_vek280_es1_base_202310_1.xpfm;xilinx_vmk180_base_202310_1|D:/Vitis/2023.1/base_platforms/xilinx_vmk180_base_202310_1/xilinx_vmk180_base_202310_1.xpfm;xilinx_zcu102_base_202310_1|D:/Vitis/2023.1/base_platforms/xilinx_zcu102_base_202310_1/xilinx_zcu102_base_202310_1.xpfm;xilinx_zcu102_base_dfx_202310_1|D:/Vitis/2023.1/base_platforms/xilinx_zcu102_base_dfx_202310_1/xilinx_zcu102_base_dfx_202310_1.xpfm;xilinx_zcu104_base_202310_1|D:/Vitis/2023.1/base_platforms/xilinx_zcu104_base_202310_1/xilinx_zcu104_base_202310_1.xpfm
17:32:19 INFO  : Checking for BSP changes to sync application flags for project 'FMCOMMS4_AD9364'...
17:32:48 INFO  : Checking for BSP changes to sync application flags for project 'FMCOMMS4_AD9364'...
17:32:59 INFO  : Disconnected from the channel tcfchan#55.
17:33:00 INFO  : The hardware specification used by project 'FMCOMMS4_AD9364' is out of sync with the platform. Resource files extracted from the hardware specification will be updated.
17:33:00 INFO  : The file 'D:\FMCOMMS4_AD9364_Fifo_Tlast_FFT\Ws\FMCOMMS4_AD9364\_ide\bitstream\system_top.bit' stored in project is removed.
17:33:00 INFO  : The updated bitstream files are copied from platform to folder 'D:\FMCOMMS4_AD9364_Fifo_Tlast_FFT\Ws\FMCOMMS4_AD9364\_ide\bitstream' in project 'FMCOMMS4_AD9364'.
17:33:00 INFO  : The file 'D:\FMCOMMS4_AD9364_Fifo_Tlast_FFT\Ws\FMCOMMS4_AD9364\_ide\psinit\ps7_init.tcl' stored in project is removed.
17:33:06 INFO  : The updated ps init files are copied from platform to folder 'D:\FMCOMMS4_AD9364_Fifo_Tlast_FFT\Ws\FMCOMMS4_AD9364\_ide\psinit' in project 'FMCOMMS4_AD9364'.
17:33:06 INFO  : Connected to target on host '127.0.0.1' and port '3121'.
17:33:21 INFO  : Jtag cable 'Digilent Zed 210248BE0D85' is selected.
17:33:21 INFO  : 'jtag frequency' command is executed.
17:33:21 INFO  : Context for 'APU' is selected.
17:33:21 INFO  : System reset is completed.
17:33:24 INFO  : 'after 3000' command is executed.
17:33:24 INFO  : 'targets -set -filter {jtag_cable_name =~ "Digilent Zed 210248BE0D85" && level==0 && jtag_device_ctx=="jsn-Zed-210248BE0D85-23727093-0"}' command is executed.
17:33:27 INFO  : Device configured successfully with "D:/FMCOMMS4_AD9364_Fifo_Tlast_FFT/Ws/FMCOMMS4_AD9364/_ide/bitstream/system_top.bit"
17:33:27 INFO  : Context for 'APU' is selected.
17:33:27 INFO  : Hardware design and registers information is loaded from 'D:/FMCOMMS4_AD9364_Fifo_Tlast_FFT/Ws/system_top/export/system_top/hw/system_top.xsa'.
17:33:27 INFO  : 'configparams force-mem-access 1' command is executed.
17:33:27 INFO  : Context for 'APU' is selected.
17:33:27 INFO  : Sourcing of 'D:/FMCOMMS4_AD9364_Fifo_Tlast_FFT/Ws/FMCOMMS4_AD9364/_ide/psinit/ps7_init.tcl' is done.
17:33:27 INFO  : 'ps7_init' command is executed.
17:33:27 INFO  : 'ps7_post_config' command is executed.
17:33:27 INFO  : Context for processor 'ps7_cortexa9_0' is selected.
17:33:28 INFO  : The application 'D:/FMCOMMS4_AD9364_Fifo_Tlast_FFT/Ws/FMCOMMS4_AD9364/Debug/FMCOMMS4_AD9364.elf' is downloaded to processor 'ps7_cortexa9_0'.
17:33:28 INFO  : 'configparams force-mem-access 0' command is executed.
17:33:28 INFO  : ----------------XSDB Script----------------
connect -url tcp:127.0.0.1:3121
targets -set -nocase -filter {name =~"APU*"}
rst -system
after 3000
targets -set -filter {jtag_cable_name =~ "Digilent Zed 210248BE0D85" && level==0 && jtag_device_ctx=="jsn-Zed-210248BE0D85-23727093-0"}
fpga -file D:/FMCOMMS4_AD9364_Fifo_Tlast_FFT/Ws/FMCOMMS4_AD9364/_ide/bitstream/system_top.bit
targets -set -nocase -filter {name =~"APU*"}
loadhw -hw D:/FMCOMMS4_AD9364_Fifo_Tlast_FFT/Ws/system_top/export/system_top/hw/system_top.xsa -mem-ranges [list {0x40000000 0xbfffffff}] -regs
configparams force-mem-access 1
targets -set -nocase -filter {name =~"APU*"}
source D:/FMCOMMS4_AD9364_Fifo_Tlast_FFT/Ws/FMCOMMS4_AD9364/_ide/psinit/ps7_init.tcl
ps7_init
ps7_post_config
targets -set -nocase -filter {name =~ "*A9*#0"}
dow D:/FMCOMMS4_AD9364_Fifo_Tlast_FFT/Ws/FMCOMMS4_AD9364/Debug/FMCOMMS4_AD9364.elf
configparams force-mem-access 0
----------------End of Script----------------

17:33:28 INFO  : Context for processor 'ps7_cortexa9_0' is selected.
17:33:28 INFO  : 'con' command is executed.
17:33:28 INFO  : ----------------XSDB Script (After Launch)----------------
targets -set -nocase -filter {name =~ "*A9*#0"}
con
----------------End of Script----------------

17:33:28 INFO  : Launch script is exported to file 'D:\FMCOMMS4_AD9364_Fifo_Tlast_FFT\Ws\FMCOMMS4_AD9364_system\_ide\scripts\debugger_fmcomms4_ad9364-default.tcl'
17:33:37 INFO  : Disconnected from the channel tcfchan#57.
17:33:38 INFO  : Connected to target on host '127.0.0.1' and port '3121'.
17:33:39 INFO  : Jtag cable 'Digilent Zed 210248BE0D85' is selected.
17:33:39 INFO  : 'jtag frequency' command is executed.
17:33:39 INFO  : Context for 'APU' is selected.
17:33:39 INFO  : System reset is completed.
17:33:42 INFO  : 'after 3000' command is executed.
17:33:42 INFO  : 'targets -set -filter {jtag_cable_name =~ "Digilent Zed 210248BE0D85" && level==0 && jtag_device_ctx=="jsn-Zed-210248BE0D85-23727093-0"}' command is executed.
17:33:45 INFO  : Device configured successfully with "D:/FMCOMMS4_AD9364_Fifo_Tlast_FFT/Ws/FMCOMMS4_AD9364/_ide/bitstream/system_top.bit"
17:33:45 INFO  : Context for 'APU' is selected.
17:33:45 INFO  : Hardware design and registers information is loaded from 'D:/FMCOMMS4_AD9364_Fifo_Tlast_FFT/Ws/system_top/export/system_top/hw/system_top.xsa'.
17:33:45 INFO  : 'configparams force-mem-access 1' command is executed.
17:33:45 INFO  : Context for 'APU' is selected.
17:33:45 INFO  : Sourcing of 'D:/FMCOMMS4_AD9364_Fifo_Tlast_FFT/Ws/FMCOMMS4_AD9364/_ide/psinit/ps7_init.tcl' is done.
17:33:45 INFO  : 'ps7_init' command is executed.
17:33:45 INFO  : 'ps7_post_config' command is executed.
17:33:45 INFO  : Context for processor 'ps7_cortexa9_0' is selected.
17:33:46 INFO  : The application 'D:/FMCOMMS4_AD9364_Fifo_Tlast_FFT/Ws/FMCOMMS4_AD9364/Debug/FMCOMMS4_AD9364.elf' is downloaded to processor 'ps7_cortexa9_0'.
17:33:46 INFO  : 'configparams force-mem-access 0' command is executed.
17:33:46 INFO  : ----------------XSDB Script----------------
connect -url tcp:127.0.0.1:3121
targets -set -nocase -filter {name =~"APU*"}
rst -system
after 3000
targets -set -filter {jtag_cable_name =~ "Digilent Zed 210248BE0D85" && level==0 && jtag_device_ctx=="jsn-Zed-210248BE0D85-23727093-0"}
fpga -file D:/FMCOMMS4_AD9364_Fifo_Tlast_FFT/Ws/FMCOMMS4_AD9364/_ide/bitstream/system_top.bit
targets -set -nocase -filter {name =~"APU*"}
loadhw -hw D:/FMCOMMS4_AD9364_Fifo_Tlast_FFT/Ws/system_top/export/system_top/hw/system_top.xsa -mem-ranges [list {0x40000000 0xbfffffff}] -regs
configparams force-mem-access 1
targets -set -nocase -filter {name =~"APU*"}
source D:/FMCOMMS4_AD9364_Fifo_Tlast_FFT/Ws/FMCOMMS4_AD9364/_ide/psinit/ps7_init.tcl
ps7_init
ps7_post_config
targets -set -nocase -filter {name =~ "*A9*#0"}
dow D:/FMCOMMS4_AD9364_Fifo_Tlast_FFT/Ws/FMCOMMS4_AD9364/Debug/FMCOMMS4_AD9364.elf
configparams force-mem-access 0
----------------End of Script----------------

17:33:46 INFO  : Context for processor 'ps7_cortexa9_0' is selected.
17:33:46 INFO  : 'con' command is executed.
17:33:46 INFO  : ----------------XSDB Script (After Launch)----------------
targets -set -nocase -filter {name =~ "*A9*#0"}
con
----------------End of Script----------------

17:33:46 INFO  : Launch script is exported to file 'D:\FMCOMMS4_AD9364_Fifo_Tlast_FFT\Ws\FMCOMMS4_AD9364_system\_ide\scripts\debugger_fmcomms4_ad9364-default.tcl'
17:35:02 INFO  : Disconnected from the channel tcfchan#58.
17:35:03 INFO  : Connected to target on host '127.0.0.1' and port '3121'.
17:35:03 INFO  : Jtag cable 'Digilent Zed 210248BE0D85' is selected.
17:35:03 ERROR : port closed
17:35:03 INFO  : ----------------XSDB Script----------------
connect -url tcp:127.0.0.1:3121
----------------End of Script----------------

17:35:03 ERROR : port closed
17:35:13 INFO  : Connected to target on host '127.0.0.1' and port '3121'.
17:35:13 INFO  : Jtag cable 'Digilent Zed 210248BE0D85' is selected.
17:35:13 INFO  : 'jtag frequency' command is executed.
17:35:13 INFO  : Context for 'APU' is selected.
17:35:13 INFO  : System reset is completed.
17:35:16 INFO  : 'after 3000' command is executed.
17:35:16 INFO  : 'targets -set -filter {jtag_cable_name =~ "Digilent Zed 210248BE0D85" && level==0 && jtag_device_ctx=="jsn-Zed-210248BE0D85-23727093-0"}' command is executed.
17:35:19 INFO  : Device configured successfully with "D:/FMCOMMS4_AD9364_Fifo_Tlast_FFT/Ws/FMCOMMS4_AD9364/_ide/bitstream/system_top.bit"
17:35:19 INFO  : Context for 'APU' is selected.
17:35:19 INFO  : Hardware design and registers information is loaded from 'D:/FMCOMMS4_AD9364_Fifo_Tlast_FFT/Ws/system_top/export/system_top/hw/system_top.xsa'.
17:35:19 INFO  : 'configparams force-mem-access 1' command is executed.
17:35:19 INFO  : Context for 'APU' is selected.
17:35:19 INFO  : Sourcing of 'D:/FMCOMMS4_AD9364_Fifo_Tlast_FFT/Ws/FMCOMMS4_AD9364/_ide/psinit/ps7_init.tcl' is done.
17:35:19 INFO  : 'ps7_init' command is executed.
17:35:19 INFO  : 'ps7_post_config' command is executed.
17:35:19 INFO  : Context for processor 'ps7_cortexa9_0' is selected.
17:35:20 INFO  : The application 'D:/FMCOMMS4_AD9364_Fifo_Tlast_FFT/Ws/FMCOMMS4_AD9364/Debug/FMCOMMS4_AD9364.elf' is downloaded to processor 'ps7_cortexa9_0'.
17:35:20 INFO  : 'configparams force-mem-access 0' command is executed.
17:35:20 INFO  : ----------------XSDB Script----------------
connect -url tcp:127.0.0.1:3121
targets -set -nocase -filter {name =~"APU*"}
rst -system
after 3000
targets -set -filter {jtag_cable_name =~ "Digilent Zed 210248BE0D85" && level==0 && jtag_device_ctx=="jsn-Zed-210248BE0D85-23727093-0"}
fpga -file D:/FMCOMMS4_AD9364_Fifo_Tlast_FFT/Ws/FMCOMMS4_AD9364/_ide/bitstream/system_top.bit
targets -set -nocase -filter {name =~"APU*"}
loadhw -hw D:/FMCOMMS4_AD9364_Fifo_Tlast_FFT/Ws/system_top/export/system_top/hw/system_top.xsa -mem-ranges [list {0x40000000 0xbfffffff}] -regs
configparams force-mem-access 1
targets -set -nocase -filter {name =~"APU*"}
source D:/FMCOMMS4_AD9364_Fifo_Tlast_FFT/Ws/FMCOMMS4_AD9364/_ide/psinit/ps7_init.tcl
ps7_init
ps7_post_config
targets -set -nocase -filter {name =~ "*A9*#0"}
dow D:/FMCOMMS4_AD9364_Fifo_Tlast_FFT/Ws/FMCOMMS4_AD9364/Debug/FMCOMMS4_AD9364.elf
configparams force-mem-access 0
----------------End of Script----------------

17:35:20 INFO  : Connected to target on host '127.0.0.1' and port '3121'.
17:35:20 INFO  : Context for processor 'ps7_cortexa9_0' is selected.
17:35:20 INFO  : 'con' command is executed.
17:35:20 INFO  : ----------------XSDB Script (After Launch)----------------
targets -set -nocase -filter {name =~ "*A9*#0"}
con
----------------End of Script----------------

17:35:20 INFO  : Launch script is exported to file 'D:\FMCOMMS4_AD9364_Fifo_Tlast_FFT\Ws\FMCOMMS4_AD9364_system\_ide\scripts\debugger_fmcomms4_ad9364-default.tcl'
17:35:20 INFO  : Jtag cable 'Digilent Zed 210248BE0D85' is selected.
17:35:20 INFO  : 'jtag frequency' command is executed.
17:35:20 INFO  : Context for 'APU' is selected.
17:35:20 INFO  : System reset is completed.
17:35:23 INFO  : 'after 3000' command is executed.
17:35:23 INFO  : 'targets -set -filter {jtag_cable_name =~ "Digilent Zed 210248BE0D85" && level==0 && jtag_device_ctx=="jsn-Zed-210248BE0D85-23727093-0"}' command is executed.
17:35:26 INFO  : Device configured successfully with "D:/FMCOMMS4_AD9364_Fifo_Tlast_FFT/Ws/FMCOMMS4_AD9364/_ide/bitstream/system_top.bit"
17:35:26 INFO  : Context for 'APU' is selected.
17:35:26 INFO  : Hardware design and registers information is loaded from 'D:/FMCOMMS4_AD9364_Fifo_Tlast_FFT/Ws/system_top/export/system_top/hw/system_top.xsa'.
17:35:26 INFO  : 'configparams force-mem-access 1' command is executed.
17:35:26 INFO  : Context for 'APU' is selected.
17:35:26 INFO  : Sourcing of 'D:/FMCOMMS4_AD9364_Fifo_Tlast_FFT/Ws/FMCOMMS4_AD9364/_ide/psinit/ps7_init.tcl' is done.
17:35:26 INFO  : 'ps7_init' command is executed.
17:35:26 INFO  : 'ps7_post_config' command is executed.
17:35:26 INFO  : Context for processor 'ps7_cortexa9_0' is selected.
17:35:26 INFO  : The application 'D:/FMCOMMS4_AD9364_Fifo_Tlast_FFT/Ws/FMCOMMS4_AD9364/Debug/FMCOMMS4_AD9364.elf' is downloaded to processor 'ps7_cortexa9_0'.
17:35:26 INFO  : 'configparams force-mem-access 0' command is executed.
17:35:26 INFO  : ----------------XSDB Script----------------
connect -url tcp:127.0.0.1:3121
targets -set -nocase -filter {name =~"APU*"}
rst -system
after 3000
targets -set -filter {jtag_cable_name =~ "Digilent Zed 210248BE0D85" && level==0 && jtag_device_ctx=="jsn-Zed-210248BE0D85-23727093-0"}
fpga -file D:/FMCOMMS4_AD9364_Fifo_Tlast_FFT/Ws/FMCOMMS4_AD9364/_ide/bitstream/system_top.bit
targets -set -nocase -filter {name =~"APU*"}
loadhw -hw D:/FMCOMMS4_AD9364_Fifo_Tlast_FFT/Ws/system_top/export/system_top/hw/system_top.xsa -mem-ranges [list {0x40000000 0xbfffffff}] -regs
configparams force-mem-access 1
targets -set -nocase -filter {name =~"APU*"}
source D:/FMCOMMS4_AD9364_Fifo_Tlast_FFT/Ws/FMCOMMS4_AD9364/_ide/psinit/ps7_init.tcl
ps7_init
ps7_post_config
targets -set -nocase -filter {name =~ "*A9*#0"}
dow D:/FMCOMMS4_AD9364_Fifo_Tlast_FFT/Ws/FMCOMMS4_AD9364/Debug/FMCOMMS4_AD9364.elf
configparams force-mem-access 0
----------------End of Script----------------

17:35:27 INFO  : Context for processor 'ps7_cortexa9_0' is selected.
17:35:27 INFO  : 'con' command is executed.
17:35:27 INFO  : ----------------XSDB Script (After Launch)----------------
targets -set -nocase -filter {name =~ "*A9*#0"}
con
----------------End of Script----------------

17:35:27 INFO  : Launch script is exported to file 'D:\FMCOMMS4_AD9364_Fifo_Tlast_FFT\Ws\FMCOMMS4_AD9364_system\_ide\scripts\debugger_fmcomms4_ad9364-default.tcl'
17:55:35 INFO  : Hardware specification for platform project 'system_top' is updated.
17:56:08 INFO  : Result from executing command 'getProjects': system_top
17:56:08 INFO  : Result from executing command 'getPlatforms': system_top|D:/FMCOMMS4_AD9364_Fifo_Tlast_FFT/Ws/system_top/export/system_top/system_top.xpfm;xilinx_vck190_base_202310_1|D:/Vitis/2023.1/base_platforms/xilinx_vck190_base_202310_1/xilinx_vck190_base_202310_1.xpfm;xilinx_vck190_base_dfx_202310_1|D:/Vitis/2023.1/base_platforms/xilinx_vck190_base_dfx_202310_1/xilinx_vck190_base_dfx_202310_1.xpfm;xilinx_vek280_es1_base_202310_1|D:/Vitis/2023.1/base_platforms/xilinx_vek280_es1_base_202310_1/xilinx_vek280_es1_base_202310_1.xpfm;xilinx_vmk180_base_202310_1|D:/Vitis/2023.1/base_platforms/xilinx_vmk180_base_202310_1/xilinx_vmk180_base_202310_1.xpfm;xilinx_zcu102_base_202310_1|D:/Vitis/2023.1/base_platforms/xilinx_zcu102_base_202310_1/xilinx_zcu102_base_202310_1.xpfm;xilinx_zcu102_base_dfx_202310_1|D:/Vitis/2023.1/base_platforms/xilinx_zcu102_base_dfx_202310_1/xilinx_zcu102_base_dfx_202310_1.xpfm;xilinx_zcu104_base_202310_1|D:/Vitis/2023.1/base_platforms/xilinx_zcu104_base_202310_1/xilinx_zcu104_base_202310_1.xpfm
17:56:26 INFO  : Checking for BSP changes to sync application flags for project 'FMCOMMS4_AD9364'...
17:57:55 INFO  : Checking for BSP changes to sync application flags for project 'FMCOMMS4_AD9364'...
17:59:38 INFO  : Disconnected from the channel tcfchan#59.
17:59:39 INFO  : Connected to target on host '127.0.0.1' and port '3121'.
17:59:39 INFO  : Jtag cable 'Digilent Zed 210248BE0D85' is selected.
17:59:39 INFO  : 'jtag frequency' command is executed.
17:59:39 INFO  : Context for 'APU' is selected.
17:59:39 INFO  : System reset is completed.
17:59:42 INFO  : 'after 3000' command is executed.
17:59:43 INFO  : 'targets -set -filter {jtag_cable_name =~ "Digilent Zed 210248BE0D85" && level==0 && jtag_device_ctx=="jsn-Zed-210248BE0D85-23727093-0"}' command is executed.
17:59:45 INFO  : Device configured successfully with "D:/FMCOMMS4_AD9364_Fifo_Tlast_FFT/Ws/FMCOMMS4_AD9364/_ide/bitstream/system_top.bit"
17:59:45 INFO  : Context for 'APU' is selected.
17:59:45 INFO  : Hardware design and registers information is loaded from 'D:/FMCOMMS4_AD9364_Fifo_Tlast_FFT/Ws/system_top/export/system_top/hw/system_top.xsa'.
17:59:45 INFO  : 'configparams force-mem-access 1' command is executed.
17:59:45 INFO  : Context for 'APU' is selected.
17:59:45 INFO  : Sourcing of 'D:/FMCOMMS4_AD9364_Fifo_Tlast_FFT/Ws/FMCOMMS4_AD9364/_ide/psinit/ps7_init.tcl' is done.
17:59:45 INFO  : 'ps7_init' command is executed.
17:59:45 INFO  : 'ps7_post_config' command is executed.
17:59:45 INFO  : Context for processor 'ps7_cortexa9_0' is selected.
17:59:46 INFO  : The application 'D:/FMCOMMS4_AD9364_Fifo_Tlast_FFT/Ws/FMCOMMS4_AD9364/Debug/FMCOMMS4_AD9364.elf' is downloaded to processor 'ps7_cortexa9_0'.
17:59:46 INFO  : 'configparams force-mem-access 0' command is executed.
17:59:46 INFO  : ----------------XSDB Script----------------
connect -url tcp:127.0.0.1:3121
targets -set -nocase -filter {name =~"APU*"}
rst -system
after 3000
targets -set -filter {jtag_cable_name =~ "Digilent Zed 210248BE0D85" && level==0 && jtag_device_ctx=="jsn-Zed-210248BE0D85-23727093-0"}
fpga -file D:/FMCOMMS4_AD9364_Fifo_Tlast_FFT/Ws/FMCOMMS4_AD9364/_ide/bitstream/system_top.bit
targets -set -nocase -filter {name =~"APU*"}
loadhw -hw D:/FMCOMMS4_AD9364_Fifo_Tlast_FFT/Ws/system_top/export/system_top/hw/system_top.xsa -mem-ranges [list {0x40000000 0xbfffffff}] -regs
configparams force-mem-access 1
targets -set -nocase -filter {name =~"APU*"}
source D:/FMCOMMS4_AD9364_Fifo_Tlast_FFT/Ws/FMCOMMS4_AD9364/_ide/psinit/ps7_init.tcl
ps7_init
ps7_post_config
targets -set -nocase -filter {name =~ "*A9*#0"}
dow D:/FMCOMMS4_AD9364_Fifo_Tlast_FFT/Ws/FMCOMMS4_AD9364/Debug/FMCOMMS4_AD9364.elf
configparams force-mem-access 0
----------------End of Script----------------

17:59:46 INFO  : Context for processor 'ps7_cortexa9_0' is selected.
17:59:46 INFO  : 'con' command is executed.
17:59:46 INFO  : ----------------XSDB Script (After Launch)----------------
targets -set -nocase -filter {name =~ "*A9*#0"}
con
----------------End of Script----------------

17:59:46 INFO  : Launch script is exported to file 'D:\FMCOMMS4_AD9364_Fifo_Tlast_FFT\Ws\FMCOMMS4_AD9364_system\_ide\scripts\debugger_fmcomms4_ad9364-default.tcl'
18:00:12 INFO  : Disconnected from the channel tcfchan#62.
18:00:13 INFO  : Connected to target on host '127.0.0.1' and port '3121'.
18:00:13 INFO  : Jtag cable 'Digilent Zed 210248BE0D85' is selected.
18:00:13 INFO  : 'jtag frequency' command is executed.
18:00:13 INFO  : Context for 'APU' is selected.
18:00:13 INFO  : System reset is completed.
18:00:16 INFO  : 'after 3000' command is executed.
18:00:16 INFO  : 'targets -set -filter {jtag_cable_name =~ "Digilent Zed 210248BE0D85" && level==0 && jtag_device_ctx=="jsn-Zed-210248BE0D85-23727093-0"}' command is executed.
18:00:19 INFO  : Device configured successfully with "D:/FMCOMMS4_AD9364_Fifo_Tlast_FFT/Ws/FMCOMMS4_AD9364/_ide/bitstream/system_top.bit"
18:00:19 INFO  : Context for 'APU' is selected.
18:00:19 INFO  : Hardware design and registers information is loaded from 'D:/FMCOMMS4_AD9364_Fifo_Tlast_FFT/Ws/system_top/export/system_top/hw/system_top.xsa'.
18:00:19 INFO  : 'configparams force-mem-access 1' command is executed.
18:00:19 INFO  : Context for 'APU' is selected.
18:00:19 INFO  : Sourcing of 'D:/FMCOMMS4_AD9364_Fifo_Tlast_FFT/Ws/FMCOMMS4_AD9364/_ide/psinit/ps7_init.tcl' is done.
18:00:19 INFO  : 'ps7_init' command is executed.
18:00:19 INFO  : 'ps7_post_config' command is executed.
18:00:19 INFO  : Context for processor 'ps7_cortexa9_0' is selected.
18:00:20 INFO  : The application 'D:/FMCOMMS4_AD9364_Fifo_Tlast_FFT/Ws/FMCOMMS4_AD9364/Debug/FMCOMMS4_AD9364.elf' is downloaded to processor 'ps7_cortexa9_0'.
18:00:20 INFO  : 'configparams force-mem-access 0' command is executed.
18:00:20 INFO  : ----------------XSDB Script----------------
connect -url tcp:127.0.0.1:3121
targets -set -nocase -filter {name =~"APU*"}
rst -system
after 3000
targets -set -filter {jtag_cable_name =~ "Digilent Zed 210248BE0D85" && level==0 && jtag_device_ctx=="jsn-Zed-210248BE0D85-23727093-0"}
fpga -file D:/FMCOMMS4_AD9364_Fifo_Tlast_FFT/Ws/FMCOMMS4_AD9364/_ide/bitstream/system_top.bit
targets -set -nocase -filter {name =~"APU*"}
loadhw -hw D:/FMCOMMS4_AD9364_Fifo_Tlast_FFT/Ws/system_top/export/system_top/hw/system_top.xsa -mem-ranges [list {0x40000000 0xbfffffff}] -regs
configparams force-mem-access 1
targets -set -nocase -filter {name =~"APU*"}
source D:/FMCOMMS4_AD9364_Fifo_Tlast_FFT/Ws/FMCOMMS4_AD9364/_ide/psinit/ps7_init.tcl
ps7_init
ps7_post_config
targets -set -nocase -filter {name =~ "*A9*#0"}
dow D:/FMCOMMS4_AD9364_Fifo_Tlast_FFT/Ws/FMCOMMS4_AD9364/Debug/FMCOMMS4_AD9364.elf
configparams force-mem-access 0
----------------End of Script----------------

18:00:20 INFO  : Context for processor 'ps7_cortexa9_0' is selected.
18:00:20 INFO  : 'con' command is executed.
18:00:20 INFO  : ----------------XSDB Script (After Launch)----------------
targets -set -nocase -filter {name =~ "*A9*#0"}
con
----------------End of Script----------------

18:00:20 INFO  : Launch script is exported to file 'D:\FMCOMMS4_AD9364_Fifo_Tlast_FFT\Ws\FMCOMMS4_AD9364_system\_ide\scripts\debugger_fmcomms4_ad9364-default.tcl'
18:17:39 INFO  : Disconnected from the channel tcfchan#63.
18:17:40 INFO  : Connected to target on host '127.0.0.1' and port '3121'.
18:17:40 INFO  : Jtag cable 'Digilent Zed 210248BE0D85' is selected.
18:17:40 INFO  : 'jtag frequency' command is executed.
18:17:40 INFO  : Context for 'APU' is selected.
18:17:40 INFO  : System reset is completed.
18:17:43 INFO  : 'after 3000' command is executed.
18:17:43 INFO  : 'targets -set -filter {jtag_cable_name =~ "Digilent Zed 210248BE0D85" && level==0 && jtag_device_ctx=="jsn-Zed-210248BE0D85-23727093-0"}' command is executed.
18:17:46 INFO  : Device configured successfully with "D:/FMCOMMS4_AD9364_Fifo_Tlast_FFT/Ws/FMCOMMS4_AD9364/_ide/bitstream/system_top.bit"
18:17:46 INFO  : Context for 'APU' is selected.
18:17:46 INFO  : Hardware design and registers information is loaded from 'D:/FMCOMMS4_AD9364_Fifo_Tlast_FFT/Ws/system_top/export/system_top/hw/system_top.xsa'.
18:17:46 INFO  : 'configparams force-mem-access 1' command is executed.
18:17:46 INFO  : Context for 'APU' is selected.
18:17:46 INFO  : Sourcing of 'D:/FMCOMMS4_AD9364_Fifo_Tlast_FFT/Ws/FMCOMMS4_AD9364/_ide/psinit/ps7_init.tcl' is done.
18:17:46 INFO  : 'ps7_init' command is executed.
18:17:46 INFO  : 'ps7_post_config' command is executed.
18:17:46 INFO  : Context for processor 'ps7_cortexa9_0' is selected.
18:17:47 INFO  : The application 'D:/FMCOMMS4_AD9364_Fifo_Tlast_FFT/Ws/FMCOMMS4_AD9364/Debug/FMCOMMS4_AD9364.elf' is downloaded to processor 'ps7_cortexa9_0'.
18:17:47 INFO  : 'configparams force-mem-access 0' command is executed.
18:17:47 INFO  : ----------------XSDB Script----------------
connect -url tcp:127.0.0.1:3121
targets -set -nocase -filter {name =~"APU*"}
rst -system
after 3000
targets -set -filter {jtag_cable_name =~ "Digilent Zed 210248BE0D85" && level==0 && jtag_device_ctx=="jsn-Zed-210248BE0D85-23727093-0"}
fpga -file D:/FMCOMMS4_AD9364_Fifo_Tlast_FFT/Ws/FMCOMMS4_AD9364/_ide/bitstream/system_top.bit
targets -set -nocase -filter {name =~"APU*"}
loadhw -hw D:/FMCOMMS4_AD9364_Fifo_Tlast_FFT/Ws/system_top/export/system_top/hw/system_top.xsa -mem-ranges [list {0x40000000 0xbfffffff}] -regs
configparams force-mem-access 1
targets -set -nocase -filter {name =~"APU*"}
source D:/FMCOMMS4_AD9364_Fifo_Tlast_FFT/Ws/FMCOMMS4_AD9364/_ide/psinit/ps7_init.tcl
ps7_init
ps7_post_config
targets -set -nocase -filter {name =~ "*A9*#0"}
dow D:/FMCOMMS4_AD9364_Fifo_Tlast_FFT/Ws/FMCOMMS4_AD9364/Debug/FMCOMMS4_AD9364.elf
configparams force-mem-access 0
----------------End of Script----------------

18:17:47 INFO  : Context for processor 'ps7_cortexa9_0' is selected.
18:17:47 INFO  : 'con' command is executed.
18:17:47 INFO  : ----------------XSDB Script (After Launch)----------------
targets -set -nocase -filter {name =~ "*A9*#0"}
con
----------------End of Script----------------

18:17:47 INFO  : Launch script is exported to file 'D:\FMCOMMS4_AD9364_Fifo_Tlast_FFT\Ws\FMCOMMS4_AD9364_system\_ide\scripts\debugger_fmcomms4_ad9364-default.tcl'
18:40:53 INFO  : Disconnected from the channel tcfchan#64.
19:23:53 DEBUG : Logs will be stored at 'D:/FMCOMMS4_AD9364_Fifo_Tlast_FFT/Ws/IDE.log'.
19:23:54 INFO  : Launching XSCT server: xsct.bat -n  -interactive D:\FMCOMMS4_AD9364_Fifo_Tlast_FFT\Ws\temp_xsdb_launch_script.tcl
19:23:58 INFO  : Registering command handlers for Vitis TCF services
19:23:58 INFO  : XSCT server has started successfully.
19:23:58 INFO  : plnx-install-location is set to ''
19:23:59 INFO  : Platform repository initialization has completed.
19:24:01 INFO  : Successfully done setting XSCT server connection channel  
19:24:01 INFO  : Successfully done query RDI_DATADIR 
19:24:01 INFO  : Successfully done setting workspace for the tool. 
19:26:33 INFO  : Hardware specification for platform project 'system_top' is updated.
19:28:19 INFO  : Result from executing command 'getProjects': system_top
19:28:19 INFO  : Result from executing command 'getPlatforms': system_top|D:/FMCOMMS4_AD9364_Fifo_Tlast_FFT/Ws/system_top/export/system_top/system_top.xpfm;xilinx_vck190_base_202310_1|D:/Vitis/2023.1/base_platforms/xilinx_vck190_base_202310_1/xilinx_vck190_base_202310_1.xpfm;xilinx_vck190_base_dfx_202310_1|D:/Vitis/2023.1/base_platforms/xilinx_vck190_base_dfx_202310_1/xilinx_vck190_base_dfx_202310_1.xpfm;xilinx_vek280_es1_base_202310_1|D:/Vitis/2023.1/base_platforms/xilinx_vek280_es1_base_202310_1/xilinx_vek280_es1_base_202310_1.xpfm;xilinx_vmk180_base_202310_1|D:/Vitis/2023.1/base_platforms/xilinx_vmk180_base_202310_1/xilinx_vmk180_base_202310_1.xpfm;xilinx_zcu102_base_202310_1|D:/Vitis/2023.1/base_platforms/xilinx_zcu102_base_202310_1/xilinx_zcu102_base_202310_1.xpfm;xilinx_zcu102_base_dfx_202310_1|D:/Vitis/2023.1/base_platforms/xilinx_zcu102_base_dfx_202310_1/xilinx_zcu102_base_dfx_202310_1.xpfm;xilinx_zcu104_base_202310_1|D:/Vitis/2023.1/base_platforms/xilinx_zcu104_base_202310_1/xilinx_zcu104_base_202310_1.xpfm
19:29:14 INFO  : Checking for BSP changes to sync application flags for project 'FMCOMMS4_AD9364'...
19:29:38 INFO  : The hardware specification used by project 'FMCOMMS4_AD9364' is out of sync with the platform. Resource files extracted from the hardware specification will be updated.
19:29:38 INFO  : The file 'D:\FMCOMMS4_AD9364_Fifo_Tlast_FFT\Ws\FMCOMMS4_AD9364\_ide\bitstream\system_top.bit' stored in project is removed.
19:29:38 INFO  : The updated bitstream files are copied from platform to folder 'D:\FMCOMMS4_AD9364_Fifo_Tlast_FFT\Ws\FMCOMMS4_AD9364\_ide\bitstream' in project 'FMCOMMS4_AD9364'.
19:29:38 INFO  : The file 'D:\FMCOMMS4_AD9364_Fifo_Tlast_FFT\Ws\FMCOMMS4_AD9364\_ide\psinit\ps7_init.tcl' stored in project is removed.
19:29:43 INFO  : The updated ps init files are copied from platform to folder 'D:\FMCOMMS4_AD9364_Fifo_Tlast_FFT\Ws\FMCOMMS4_AD9364\_ide\psinit' in project 'FMCOMMS4_AD9364'.
19:29:50 INFO  : Connected to target on host '127.0.0.1' and port '3121'.
19:29:56 INFO  : Jtag cable 'Digilent Zed 210248BE0D85' is selected.
19:29:56 INFO  : 'jtag frequency' command is executed.
19:29:56 INFO  : Context for 'APU' is selected.
19:29:56 INFO  : System reset is completed.
19:29:59 INFO  : 'after 3000' command is executed.
19:29:59 INFO  : 'targets -set -filter {jtag_cable_name =~ "Digilent Zed 210248BE0D85" && level==0 && jtag_device_ctx=="jsn-Zed-210248BE0D85-23727093-0"}' command is executed.
19:30:02 INFO  : Device configured successfully with "D:/FMCOMMS4_AD9364_Fifo_Tlast_FFT/Ws/FMCOMMS4_AD9364/_ide/bitstream/system_top.bit"
19:30:02 INFO  : Context for 'APU' is selected.
19:30:02 INFO  : Hardware design and registers information is loaded from 'D:/FMCOMMS4_AD9364_Fifo_Tlast_FFT/Ws/system_top/export/system_top/hw/system_top.xsa'.
19:30:02 INFO  : 'configparams force-mem-access 1' command is executed.
19:30:02 INFO  : Context for 'APU' is selected.
19:30:02 INFO  : Sourcing of 'D:/FMCOMMS4_AD9364_Fifo_Tlast_FFT/Ws/FMCOMMS4_AD9364/_ide/psinit/ps7_init.tcl' is done.
19:30:02 INFO  : 'ps7_init' command is executed.
19:30:02 INFO  : 'ps7_post_config' command is executed.
19:30:02 INFO  : Context for processor 'ps7_cortexa9_0' is selected.
19:30:03 INFO  : The application 'D:/FMCOMMS4_AD9364_Fifo_Tlast_FFT/Ws/FMCOMMS4_AD9364/Debug/FMCOMMS4_AD9364.elf' is downloaded to processor 'ps7_cortexa9_0'.
19:30:03 INFO  : 'configparams force-mem-access 0' command is executed.
19:30:03 INFO  : ----------------XSDB Script----------------
connect -url tcp:127.0.0.1:3121
targets -set -nocase -filter {name =~"APU*"}
rst -system
after 3000
targets -set -filter {jtag_cable_name =~ "Digilent Zed 210248BE0D85" && level==0 && jtag_device_ctx=="jsn-Zed-210248BE0D85-23727093-0"}
fpga -file D:/FMCOMMS4_AD9364_Fifo_Tlast_FFT/Ws/FMCOMMS4_AD9364/_ide/bitstream/system_top.bit
targets -set -nocase -filter {name =~"APU*"}
loadhw -hw D:/FMCOMMS4_AD9364_Fifo_Tlast_FFT/Ws/system_top/export/system_top/hw/system_top.xsa -mem-ranges [list {0x40000000 0xbfffffff}] -regs
configparams force-mem-access 1
targets -set -nocase -filter {name =~"APU*"}
source D:/FMCOMMS4_AD9364_Fifo_Tlast_FFT/Ws/FMCOMMS4_AD9364/_ide/psinit/ps7_init.tcl
ps7_init
ps7_post_config
targets -set -nocase -filter {name =~ "*A9*#0"}
dow D:/FMCOMMS4_AD9364_Fifo_Tlast_FFT/Ws/FMCOMMS4_AD9364/Debug/FMCOMMS4_AD9364.elf
configparams force-mem-access 0
----------------End of Script----------------

19:30:03 INFO  : Context for processor 'ps7_cortexa9_0' is selected.
19:30:03 INFO  : 'con' command is executed.
19:30:03 INFO  : ----------------XSDB Script (After Launch)----------------
targets -set -nocase -filter {name =~ "*A9*#0"}
con
----------------End of Script----------------

19:30:03 INFO  : Launch script is exported to file 'D:\FMCOMMS4_AD9364_Fifo_Tlast_FFT\Ws\FMCOMMS4_AD9364_system\_ide\scripts\debugger_fmcomms4_ad9364-default.tcl'
19:30:28 INFO  : Checking for BSP changes to sync application flags for project 'FMCOMMS4_AD9364'...
19:48:43 INFO  : Hardware specification for platform project 'system_top' is updated.
19:49:07 INFO  : Result from executing command 'getProjects': system_top
19:49:07 INFO  : Result from executing command 'getPlatforms': system_top|D:/FMCOMMS4_AD9364_Fifo_Tlast_FFT/Ws/system_top/export/system_top/system_top.xpfm;xilinx_vck190_base_202310_1|D:/Vitis/2023.1/base_platforms/xilinx_vck190_base_202310_1/xilinx_vck190_base_202310_1.xpfm;xilinx_vck190_base_dfx_202310_1|D:/Vitis/2023.1/base_platforms/xilinx_vck190_base_dfx_202310_1/xilinx_vck190_base_dfx_202310_1.xpfm;xilinx_vek280_es1_base_202310_1|D:/Vitis/2023.1/base_platforms/xilinx_vek280_es1_base_202310_1/xilinx_vek280_es1_base_202310_1.xpfm;xilinx_vmk180_base_202310_1|D:/Vitis/2023.1/base_platforms/xilinx_vmk180_base_202310_1/xilinx_vmk180_base_202310_1.xpfm;xilinx_zcu102_base_202310_1|D:/Vitis/2023.1/base_platforms/xilinx_zcu102_base_202310_1/xilinx_zcu102_base_202310_1.xpfm;xilinx_zcu102_base_dfx_202310_1|D:/Vitis/2023.1/base_platforms/xilinx_zcu102_base_dfx_202310_1/xilinx_zcu102_base_dfx_202310_1.xpfm;xilinx_zcu104_base_202310_1|D:/Vitis/2023.1/base_platforms/xilinx_zcu104_base_202310_1/xilinx_zcu104_base_202310_1.xpfm
19:49:13 INFO  : Checking for BSP changes to sync application flags for project 'FMCOMMS4_AD9364'...
19:49:41 INFO  : Checking for BSP changes to sync application flags for project 'FMCOMMS4_AD9364'...
19:49:42 INFO  : The hardware specification used by project 'FMCOMMS4_AD9364' is out of sync with the platform. Resource files extracted from the hardware specification will be updated.
19:49:42 INFO  : The file 'D:\FMCOMMS4_AD9364_Fifo_Tlast_FFT\Ws\FMCOMMS4_AD9364\_ide\bitstream\system_top.bit' stored in project is removed.
19:49:42 INFO  : The updated bitstream files are copied from platform to folder 'D:\FMCOMMS4_AD9364_Fifo_Tlast_FFT\Ws\FMCOMMS4_AD9364\_ide\bitstream' in project 'FMCOMMS4_AD9364'.
19:49:42 INFO  : The file 'D:\FMCOMMS4_AD9364_Fifo_Tlast_FFT\Ws\FMCOMMS4_AD9364\_ide\psinit\ps7_init.tcl' stored in project is removed.
19:49:47 INFO  : The updated ps init files are copied from platform to folder 'D:\FMCOMMS4_AD9364_Fifo_Tlast_FFT\Ws\FMCOMMS4_AD9364\_ide\psinit' in project 'FMCOMMS4_AD9364'.
19:50:14 INFO  : Disconnected from the channel tcfchan#3.
19:50:15 INFO  : Connected to target on host '127.0.0.1' and port '3121'.
19:50:33 INFO  : ----------------XSDB Script----------------
connect -url tcp:127.0.0.1:3121
----------------End of Script----------------

19:50:33 ERROR : Could not find ARM device on the board for connection 'Local'.
Check if the target is in:
1. Split JTAG - No operations are possible with ARM DAP.
2. Non JTAG bootmode - Bootrom may need time to enable DAP.
Please try again.


Troubleshooting hints:
1. Check whether board is connected to system properly.
2. In case of zynq board, check whether Digilent/Xilinx cable switch settings are correct.
3. If you are using Xilinx Platform Cable USB, ensure that status LED is green.
19:50:42 INFO  : Connected to target on host '127.0.0.1' and port '3121'.
19:50:42 INFO  : Jtag cable 'Digilent Zed 210248BE0D85' is selected.
19:50:42 INFO  : 'jtag frequency' command is executed.
19:50:42 INFO  : Context for 'APU' is selected.
19:50:42 INFO  : System reset is completed.
19:50:45 INFO  : 'after 3000' command is executed.
19:50:45 INFO  : 'targets -set -filter {jtag_cable_name =~ "Digilent Zed 210248BE0D85" && level==0 && jtag_device_ctx=="jsn-Zed-210248BE0D85-23727093-0"}' command is executed.
19:50:48 INFO  : Device configured successfully with "D:/FMCOMMS4_AD9364_Fifo_Tlast_FFT/Ws/FMCOMMS4_AD9364/_ide/bitstream/system_top.bit"
19:50:48 INFO  : Context for 'APU' is selected.
19:50:48 INFO  : Hardware design and registers information is loaded from 'D:/FMCOMMS4_AD9364_Fifo_Tlast_FFT/Ws/system_top/export/system_top/hw/system_top.xsa'.
19:50:48 INFO  : 'configparams force-mem-access 1' command is executed.
19:50:48 INFO  : Context for 'APU' is selected.
19:50:48 INFO  : Sourcing of 'D:/FMCOMMS4_AD9364_Fifo_Tlast_FFT/Ws/FMCOMMS4_AD9364/_ide/psinit/ps7_init.tcl' is done.
19:50:48 INFO  : 'ps7_init' command is executed.
19:50:48 INFO  : 'ps7_post_config' command is executed.
19:50:48 INFO  : Context for processor 'ps7_cortexa9_0' is selected.
19:50:49 INFO  : The application 'D:/FMCOMMS4_AD9364_Fifo_Tlast_FFT/Ws/FMCOMMS4_AD9364/Debug/FMCOMMS4_AD9364.elf' is downloaded to processor 'ps7_cortexa9_0'.
19:50:49 INFO  : 'configparams force-mem-access 0' command is executed.
19:50:49 INFO  : ----------------XSDB Script----------------
connect -url tcp:127.0.0.1:3121
targets -set -nocase -filter {name =~"APU*"}
rst -system
after 3000
targets -set -filter {jtag_cable_name =~ "Digilent Zed 210248BE0D85" && level==0 && jtag_device_ctx=="jsn-Zed-210248BE0D85-23727093-0"}
fpga -file D:/FMCOMMS4_AD9364_Fifo_Tlast_FFT/Ws/FMCOMMS4_AD9364/_ide/bitstream/system_top.bit
targets -set -nocase -filter {name =~"APU*"}
loadhw -hw D:/FMCOMMS4_AD9364_Fifo_Tlast_FFT/Ws/system_top/export/system_top/hw/system_top.xsa -mem-ranges [list {0x40000000 0xbfffffff}] -regs
configparams force-mem-access 1
targets -set -nocase -filter {name =~"APU*"}
source D:/FMCOMMS4_AD9364_Fifo_Tlast_FFT/Ws/FMCOMMS4_AD9364/_ide/psinit/ps7_init.tcl
ps7_init
ps7_post_config
targets -set -nocase -filter {name =~ "*A9*#0"}
dow D:/FMCOMMS4_AD9364_Fifo_Tlast_FFT/Ws/FMCOMMS4_AD9364/Debug/FMCOMMS4_AD9364.elf
configparams force-mem-access 0
----------------End of Script----------------

19:50:49 INFO  : Context for processor 'ps7_cortexa9_0' is selected.
19:50:49 INFO  : 'con' command is executed.
19:50:49 INFO  : ----------------XSDB Script (After Launch)----------------
targets -set -nocase -filter {name =~ "*A9*#0"}
con
----------------End of Script----------------

19:50:49 INFO  : Launch script is exported to file 'D:\FMCOMMS4_AD9364_Fifo_Tlast_FFT\Ws\FMCOMMS4_AD9364_system\_ide\scripts\debugger_fmcomms4_ad9364-default.tcl'
19:51:32 INFO  : Checking for BSP changes to sync application flags for project 'FMCOMMS4_AD9364'...
19:51:46 INFO  : Checking for BSP changes to sync application flags for project 'FMCOMMS4_AD9364'...
19:51:58 INFO  : Disconnected from the channel tcfchan#6.
19:51:59 INFO  : Connected to target on host '127.0.0.1' and port '3121'.
19:51:59 INFO  : Jtag cable 'Digilent Zed 210248BE0D85' is selected.
19:51:59 ERROR : port closed
19:51:59 INFO  : ----------------XSDB Script----------------
connect -url tcp:127.0.0.1:3121
----------------End of Script----------------

19:51:59 ERROR : port closed
19:52:05 INFO  : Connected to target on host '127.0.0.1' and port '3121'.
19:52:05 INFO  : Jtag cable 'Digilent Zed 210248BE0D85' is selected.
19:52:05 INFO  : 'jtag frequency' command is executed.
19:52:05 INFO  : Context for 'APU' is selected.
19:52:05 INFO  : System reset is completed.
19:52:08 INFO  : 'after 3000' command is executed.
19:52:08 INFO  : 'targets -set -filter {jtag_cable_name =~ "Digilent Zed 210248BE0D85" && level==0 && jtag_device_ctx=="jsn-Zed-210248BE0D85-23727093-0"}' command is executed.
19:52:10 INFO  : Device configured successfully with "D:/FMCOMMS4_AD9364_Fifo_Tlast_FFT/Ws/FMCOMMS4_AD9364/_ide/bitstream/system_top.bit"
19:52:10 INFO  : Context for 'APU' is selected.
19:52:10 INFO  : Hardware design and registers information is loaded from 'D:/FMCOMMS4_AD9364_Fifo_Tlast_FFT/Ws/system_top/export/system_top/hw/system_top.xsa'.
19:52:10 INFO  : 'configparams force-mem-access 1' command is executed.
19:52:10 INFO  : Context for 'APU' is selected.
19:52:10 INFO  : Sourcing of 'D:/FMCOMMS4_AD9364_Fifo_Tlast_FFT/Ws/FMCOMMS4_AD9364/_ide/psinit/ps7_init.tcl' is done.
19:52:11 INFO  : 'ps7_init' command is executed.
19:52:11 INFO  : 'ps7_post_config' command is executed.
19:52:11 INFO  : Context for processor 'ps7_cortexa9_0' is selected.
19:52:11 INFO  : The application 'D:/FMCOMMS4_AD9364_Fifo_Tlast_FFT/Ws/FMCOMMS4_AD9364/Debug/FMCOMMS4_AD9364.elf' is downloaded to processor 'ps7_cortexa9_0'.
19:52:11 INFO  : 'configparams force-mem-access 0' command is executed.
19:52:11 INFO  : ----------------XSDB Script----------------
connect -url tcp:127.0.0.1:3121
targets -set -nocase -filter {name =~"APU*"}
rst -system
after 3000
targets -set -filter {jtag_cable_name =~ "Digilent Zed 210248BE0D85" && level==0 && jtag_device_ctx=="jsn-Zed-210248BE0D85-23727093-0"}
fpga -file D:/FMCOMMS4_AD9364_Fifo_Tlast_FFT/Ws/FMCOMMS4_AD9364/_ide/bitstream/system_top.bit
targets -set -nocase -filter {name =~"APU*"}
loadhw -hw D:/FMCOMMS4_AD9364_Fifo_Tlast_FFT/Ws/system_top/export/system_top/hw/system_top.xsa -mem-ranges [list {0x40000000 0xbfffffff}] -regs
configparams force-mem-access 1
targets -set -nocase -filter {name =~"APU*"}
source D:/FMCOMMS4_AD9364_Fifo_Tlast_FFT/Ws/FMCOMMS4_AD9364/_ide/psinit/ps7_init.tcl
ps7_init
ps7_post_config
targets -set -nocase -filter {name =~ "*A9*#0"}
dow D:/FMCOMMS4_AD9364_Fifo_Tlast_FFT/Ws/FMCOMMS4_AD9364/Debug/FMCOMMS4_AD9364.elf
configparams force-mem-access 0
----------------End of Script----------------

19:52:12 INFO  : Context for processor 'ps7_cortexa9_0' is selected.
19:52:12 INFO  : 'con' command is executed.
19:52:12 INFO  : ----------------XSDB Script (After Launch)----------------
targets -set -nocase -filter {name =~ "*A9*#0"}
con
----------------End of Script----------------

19:52:12 INFO  : Launch script is exported to file 'D:\FMCOMMS4_AD9364_Fifo_Tlast_FFT\Ws\FMCOMMS4_AD9364_system\_ide\scripts\debugger_fmcomms4_ad9364-default.tcl'
19:55:52 INFO  : Disconnected from the channel tcfchan#9.
19:55:53 INFO  : Connected to target on host '127.0.0.1' and port '3121'.
19:55:53 INFO  : Jtag cable 'Digilent Zed 210248BE0D85' is selected.
19:55:53 INFO  : 'jtag frequency' command is executed.
19:55:55 INFO  : Context for 'APU' is selected.
19:55:55 INFO  : System reset is completed.
19:55:58 INFO  : 'after 3000' command is executed.
19:55:58 INFO  : 'targets -set -filter {jtag_cable_name =~ "Digilent Zed 210248BE0D85" && level==0 && jtag_device_ctx=="jsn-Zed-210248BE0D85-23727093-0"}' command is executed.
19:56:00 INFO  : Device configured successfully with "D:/FMCOMMS4_AD9364_Fifo_Tlast_FFT/Ws/FMCOMMS4_AD9364/_ide/bitstream/system_top.bit"
19:56:00 INFO  : Context for 'APU' is selected.
19:56:00 INFO  : Hardware design and registers information is loaded from 'D:/FMCOMMS4_AD9364_Fifo_Tlast_FFT/Ws/system_top/export/system_top/hw/system_top.xsa'.
19:56:00 INFO  : 'configparams force-mem-access 1' command is executed.
19:56:00 INFO  : Context for 'APU' is selected.
19:56:00 INFO  : Sourcing of 'D:/FMCOMMS4_AD9364_Fifo_Tlast_FFT/Ws/FMCOMMS4_AD9364/_ide/psinit/ps7_init.tcl' is done.
19:56:01 INFO  : 'ps7_init' command is executed.
19:56:01 INFO  : 'ps7_post_config' command is executed.
19:56:01 INFO  : Context for processor 'ps7_cortexa9_0' is selected.
19:56:01 INFO  : The application 'D:/FMCOMMS4_AD9364_Fifo_Tlast_FFT/Ws/FMCOMMS4_AD9364/Debug/FMCOMMS4_AD9364.elf' is downloaded to processor 'ps7_cortexa9_0'.
19:56:01 INFO  : 'configparams force-mem-access 0' command is executed.
19:56:01 INFO  : ----------------XSDB Script----------------
connect -url tcp:127.0.0.1:3121
targets -set -nocase -filter {name =~"APU*"}
rst -system
after 3000
targets -set -filter {jtag_cable_name =~ "Digilent Zed 210248BE0D85" && level==0 && jtag_device_ctx=="jsn-Zed-210248BE0D85-23727093-0"}
fpga -file D:/FMCOMMS4_AD9364_Fifo_Tlast_FFT/Ws/FMCOMMS4_AD9364/_ide/bitstream/system_top.bit
targets -set -nocase -filter {name =~"APU*"}
loadhw -hw D:/FMCOMMS4_AD9364_Fifo_Tlast_FFT/Ws/system_top/export/system_top/hw/system_top.xsa -mem-ranges [list {0x40000000 0xbfffffff}] -regs
configparams force-mem-access 1
targets -set -nocase -filter {name =~"APU*"}
source D:/FMCOMMS4_AD9364_Fifo_Tlast_FFT/Ws/FMCOMMS4_AD9364/_ide/psinit/ps7_init.tcl
ps7_init
ps7_post_config
targets -set -nocase -filter {name =~ "*A9*#0"}
dow D:/FMCOMMS4_AD9364_Fifo_Tlast_FFT/Ws/FMCOMMS4_AD9364/Debug/FMCOMMS4_AD9364.elf
configparams force-mem-access 0
----------------End of Script----------------

19:56:01 INFO  : Context for processor 'ps7_cortexa9_0' is selected.
19:56:01 INFO  : 'con' command is executed.
19:56:01 INFO  : ----------------XSDB Script (After Launch)----------------
targets -set -nocase -filter {name =~ "*A9*#0"}
con
----------------End of Script----------------

19:56:01 INFO  : Launch script is exported to file 'D:\FMCOMMS4_AD9364_Fifo_Tlast_FFT\Ws\FMCOMMS4_AD9364_system\_ide\scripts\debugger_fmcomms4_ad9364-default.tcl'
20:17:47 INFO  : Hardware specification for platform project 'system_top' is updated.
20:18:13 INFO  : Result from executing command 'getProjects': system_top
20:18:13 INFO  : Result from executing command 'getPlatforms': system_top|D:/FMCOMMS4_AD9364_Fifo_Tlast_FFT/Ws/system_top/export/system_top/system_top.xpfm;xilinx_vck190_base_202310_1|D:/Vitis/2023.1/base_platforms/xilinx_vck190_base_202310_1/xilinx_vck190_base_202310_1.xpfm;xilinx_vck190_base_dfx_202310_1|D:/Vitis/2023.1/base_platforms/xilinx_vck190_base_dfx_202310_1/xilinx_vck190_base_dfx_202310_1.xpfm;xilinx_vek280_es1_base_202310_1|D:/Vitis/2023.1/base_platforms/xilinx_vek280_es1_base_202310_1/xilinx_vek280_es1_base_202310_1.xpfm;xilinx_vmk180_base_202310_1|D:/Vitis/2023.1/base_platforms/xilinx_vmk180_base_202310_1/xilinx_vmk180_base_202310_1.xpfm;xilinx_zcu102_base_202310_1|D:/Vitis/2023.1/base_platforms/xilinx_zcu102_base_202310_1/xilinx_zcu102_base_202310_1.xpfm;xilinx_zcu102_base_dfx_202310_1|D:/Vitis/2023.1/base_platforms/xilinx_zcu102_base_dfx_202310_1/xilinx_zcu102_base_dfx_202310_1.xpfm;xilinx_zcu104_base_202310_1|D:/Vitis/2023.1/base_platforms/xilinx_zcu104_base_202310_1/xilinx_zcu104_base_202310_1.xpfm
20:18:31 INFO  : Checking for BSP changes to sync application flags for project 'FMCOMMS4_AD9364'...
20:18:57 INFO  : Checking for BSP changes to sync application flags for project 'FMCOMMS4_AD9364'...
20:18:58 INFO  : The hardware specification used by project 'FMCOMMS4_AD9364' is out of sync with the platform. Resource files extracted from the hardware specification will be updated.
20:18:58 INFO  : The file 'D:\FMCOMMS4_AD9364_Fifo_Tlast_FFT\Ws\FMCOMMS4_AD9364\_ide\bitstream\system_top.bit' stored in project is removed.
20:18:58 INFO  : The updated bitstream files are copied from platform to folder 'D:\FMCOMMS4_AD9364_Fifo_Tlast_FFT\Ws\FMCOMMS4_AD9364\_ide\bitstream' in project 'FMCOMMS4_AD9364'.
20:18:58 INFO  : The file 'D:\FMCOMMS4_AD9364_Fifo_Tlast_FFT\Ws\FMCOMMS4_AD9364\_ide\psinit\ps7_init.tcl' stored in project is removed.
20:19:03 INFO  : The updated ps init files are copied from platform to folder 'D:\FMCOMMS4_AD9364_Fifo_Tlast_FFT\Ws\FMCOMMS4_AD9364\_ide\psinit' in project 'FMCOMMS4_AD9364'.
20:19:12 INFO  : Disconnected from the channel tcfchan#10.
20:19:13 INFO  : Connected to target on host '127.0.0.1' and port '3121'.
20:19:15 INFO  : Jtag cable 'Digilent Zed 210248BE0D85' is selected.
20:19:15 INFO  : 'jtag frequency' command is executed.
20:19:15 INFO  : Context for 'APU' is selected.
20:19:15 INFO  : System reset is completed.
20:19:18 INFO  : 'after 3000' command is executed.
20:19:18 INFO  : 'targets -set -filter {jtag_cable_name =~ "Digilent Zed 210248BE0D85" && level==0 && jtag_device_ctx=="jsn-Zed-210248BE0D85-23727093-0"}' command is executed.
20:19:21 INFO  : Device configured successfully with "D:/FMCOMMS4_AD9364_Fifo_Tlast_FFT/Ws/FMCOMMS4_AD9364/_ide/bitstream/system_top.bit"
20:19:21 INFO  : Context for 'APU' is selected.
20:19:21 INFO  : Hardware design and registers information is loaded from 'D:/FMCOMMS4_AD9364_Fifo_Tlast_FFT/Ws/system_top/export/system_top/hw/system_top.xsa'.
20:19:21 INFO  : 'configparams force-mem-access 1' command is executed.
20:19:21 INFO  : Context for 'APU' is selected.
20:19:21 INFO  : Sourcing of 'D:/FMCOMMS4_AD9364_Fifo_Tlast_FFT/Ws/FMCOMMS4_AD9364/_ide/psinit/ps7_init.tcl' is done.
20:19:21 INFO  : 'ps7_init' command is executed.
20:19:21 INFO  : 'ps7_post_config' command is executed.
20:19:21 INFO  : Context for processor 'ps7_cortexa9_0' is selected.
20:19:22 INFO  : The application 'D:/FMCOMMS4_AD9364_Fifo_Tlast_FFT/Ws/FMCOMMS4_AD9364/Debug/FMCOMMS4_AD9364.elf' is downloaded to processor 'ps7_cortexa9_0'.
20:19:22 INFO  : 'configparams force-mem-access 0' command is executed.
20:19:22 INFO  : ----------------XSDB Script----------------
connect -url tcp:127.0.0.1:3121
targets -set -nocase -filter {name =~"APU*"}
rst -system
after 3000
targets -set -filter {jtag_cable_name =~ "Digilent Zed 210248BE0D85" && level==0 && jtag_device_ctx=="jsn-Zed-210248BE0D85-23727093-0"}
fpga -file D:/FMCOMMS4_AD9364_Fifo_Tlast_FFT/Ws/FMCOMMS4_AD9364/_ide/bitstream/system_top.bit
targets -set -nocase -filter {name =~"APU*"}
loadhw -hw D:/FMCOMMS4_AD9364_Fifo_Tlast_FFT/Ws/system_top/export/system_top/hw/system_top.xsa -mem-ranges [list {0x40000000 0xbfffffff}] -regs
configparams force-mem-access 1
targets -set -nocase -filter {name =~"APU*"}
source D:/FMCOMMS4_AD9364_Fifo_Tlast_FFT/Ws/FMCOMMS4_AD9364/_ide/psinit/ps7_init.tcl
ps7_init
ps7_post_config
targets -set -nocase -filter {name =~ "*A9*#0"}
dow D:/FMCOMMS4_AD9364_Fifo_Tlast_FFT/Ws/FMCOMMS4_AD9364/Debug/FMCOMMS4_AD9364.elf
configparams force-mem-access 0
----------------End of Script----------------

20:19:22 INFO  : Context for processor 'ps7_cortexa9_0' is selected.
20:19:22 INFO  : 'con' command is executed.
20:19:22 INFO  : ----------------XSDB Script (After Launch)----------------
targets -set -nocase -filter {name =~ "*A9*#0"}
con
----------------End of Script----------------

20:19:22 INFO  : Launch script is exported to file 'D:\FMCOMMS4_AD9364_Fifo_Tlast_FFT\Ws\FMCOMMS4_AD9364_system\_ide\scripts\debugger_fmcomms4_ad9364-default.tcl'
20:36:58 INFO  : Disconnected from the channel tcfchan#13.
20:36:58 INFO  : Connected to target on host '127.0.0.1' and port '3121'.
20:36:58 INFO  : Connected to target on host '127.0.0.1' and port '3121'.
20:36:58 INFO  : Jtag cable 'Digilent Zed 210248BE0D85' is selected.
20:36:58 INFO  : Jtag cable 'Digilent Zed 210248BE0D85' is selected.
20:36:58 INFO  : 'jtag frequency' command is executed.
20:36:58 INFO  : 'jtag frequency' command is executed.
20:36:58 INFO  : Context for 'APU' is selected.
20:36:58 INFO  : Context for 'APU' is selected.
20:36:58 INFO  : System reset is completed.
20:36:58 INFO  : System reset is completed.
20:37:01 INFO  : 'after 3000' command is executed.
20:37:04 INFO  : 'after 3000' command is executed.
20:37:04 INFO  : 'targets -set -filter {jtag_cable_name =~ "Digilent Zed 210248BE0D85" && level==0 && jtag_device_ctx=="jsn-Zed-210248BE0D85-23727093-0"}' command is executed.
20:37:07 INFO  : Device configured successfully with "D:/FMCOMMS4_AD9364_Fifo_Tlast_FFT/Ws/FMCOMMS4_AD9364/_ide/bitstream/system_top.bit"
20:37:07 INFO  : 'targets -set -filter {jtag_cable_name =~ "Digilent Zed 210248BE0D85" && level==0 && jtag_device_ctx=="jsn-Zed-210248BE0D85-23727093-0"}' command is executed.
20:37:09 INFO  : Device configured successfully with "D:/FMCOMMS4_AD9364_Fifo_Tlast_FFT/Ws/FMCOMMS4_AD9364/_ide/bitstream/system_top.bit"
20:37:09 INFO  : Context for 'APU' is selected.
20:37:09 INFO  : Hardware design and registers information is loaded from 'D:/FMCOMMS4_AD9364_Fifo_Tlast_FFT/Ws/system_top/export/system_top/hw/system_top.xsa'.
20:37:09 INFO  : Context for 'APU' is selected.
20:37:09 INFO  : 'configparams force-mem-access 1' command is executed.
20:37:09 INFO  : Hardware design and registers information is loaded from 'D:/FMCOMMS4_AD9364_Fifo_Tlast_FFT/Ws/system_top/export/system_top/hw/system_top.xsa'.
20:37:09 INFO  : Context for 'APU' is selected.
20:37:09 INFO  : 'configparams force-mem-access 1' command is executed.
20:37:09 INFO  : Sourcing of 'D:/FMCOMMS4_AD9364_Fifo_Tlast_FFT/Ws/FMCOMMS4_AD9364/_ide/psinit/ps7_init.tcl' is done.
20:37:09 INFO  : Context for 'APU' is selected.
20:37:10 INFO  : 'ps7_init' command is executed.
20:37:10 INFO  : Sourcing of 'D:/FMCOMMS4_AD9364_Fifo_Tlast_FFT/Ws/FMCOMMS4_AD9364/_ide/psinit/ps7_init.tcl' is done.
20:37:10 INFO  : 'ps7_post_config' command is executed.
20:37:12 INFO  : 'ps7_init' command is executed.
20:37:12 INFO  : Context for processor 'ps7_cortexa9_0' is selected.
20:37:12 INFO  : 'ps7_post_config' command is executed.
20:37:13 INFO  : The application 'D:/FMCOMMS4_AD9364_Fifo_Tlast_FFT/Ws/FMCOMMS4_AD9364/Debug/FMCOMMS4_AD9364.elf' is downloaded to processor 'ps7_cortexa9_0'.
20:37:13 INFO  : Context for processor 'ps7_cortexa9_0' is selected.
20:37:13 INFO  : 'configparams force-mem-access 0' command is executed.
20:37:13 INFO  : ----------------XSDB Script----------------
connect -url tcp:127.0.0.1:3121
targets -set -nocase -filter {name =~"APU*"}
rst -system
after 3000
targets -set -filter {jtag_cable_name =~ "Digilent Zed 210248BE0D85" && level==0 && jtag_device_ctx=="jsn-Zed-210248BE0D85-23727093-0"}
fpga -file D:/FMCOMMS4_AD9364_Fifo_Tlast_FFT/Ws/FMCOMMS4_AD9364/_ide/bitstream/system_top.bit
targets -set -nocase -filter {name =~"APU*"}
loadhw -hw D:/FMCOMMS4_AD9364_Fifo_Tlast_FFT/Ws/system_top/export/system_top/hw/system_top.xsa -mem-ranges [list {0x40000000 0xbfffffff}] -regs
configparams force-mem-access 1
targets -set -nocase -filter {name =~"APU*"}
source D:/FMCOMMS4_AD9364_Fifo_Tlast_FFT/Ws/FMCOMMS4_AD9364/_ide/psinit/ps7_init.tcl
ps7_init
ps7_post_config
targets -set -nocase -filter {name =~ "*A9*#0"}
dow D:/FMCOMMS4_AD9364_Fifo_Tlast_FFT/Ws/FMCOMMS4_AD9364/Debug/FMCOMMS4_AD9364.elf
configparams force-mem-access 0
----------------End of Script----------------

20:37:15 INFO  : The application 'D:/FMCOMMS4_AD9364_Fifo_Tlast_FFT/Ws/FMCOMMS4_AD9364/Debug/FMCOMMS4_AD9364.elf' is downloaded to processor 'ps7_cortexa9_0'.
20:37:15 INFO  : Context for processor 'ps7_cortexa9_0' is selected.
20:37:15 INFO  : 'configparams force-mem-access 0' command is executed.
20:37:15 INFO  : ----------------XSDB Script----------------
connect -url tcp:127.0.0.1:3121
targets -set -nocase -filter {name =~"APU*"}
rst -system
after 3000
targets -set -filter {jtag_cable_name =~ "Digilent Zed 210248BE0D85" && level==0 && jtag_device_ctx=="jsn-Zed-210248BE0D85-23727093-0"}
fpga -file D:/FMCOMMS4_AD9364_Fifo_Tlast_FFT/Ws/FMCOMMS4_AD9364/_ide/bitstream/system_top.bit
targets -set -nocase -filter {name =~"APU*"}
loadhw -hw D:/FMCOMMS4_AD9364_Fifo_Tlast_FFT/Ws/system_top/export/system_top/hw/system_top.xsa -mem-ranges [list {0x40000000 0xbfffffff}] -regs
configparams force-mem-access 1
targets -set -nocase -filter {name =~"APU*"}
source D:/FMCOMMS4_AD9364_Fifo_Tlast_FFT/Ws/FMCOMMS4_AD9364/_ide/psinit/ps7_init.tcl
ps7_init
ps7_post_config
targets -set -nocase -filter {name =~ "*A9*#0"}
dow D:/FMCOMMS4_AD9364_Fifo_Tlast_FFT/Ws/FMCOMMS4_AD9364/Debug/FMCOMMS4_AD9364.elf
configparams force-mem-access 0
----------------End of Script----------------

20:37:15 INFO  : 'con' command is executed.
20:37:15 INFO  : ----------------XSDB Script (After Launch)----------------
targets -set -nocase -filter {name =~ "*A9*#0"}
con
----------------End of Script----------------

20:37:15 INFO  : Launch script is exported to file 'D:\FMCOMMS4_AD9364_Fifo_Tlast_FFT\Ws\FMCOMMS4_AD9364_system\_ide\scripts\debugger_fmcomms4_ad9364-default.tcl'
20:37:15 INFO  : Context for processor 'ps7_cortexa9_0' is selected.
20:37:15 ERROR : Already running
21:02:54 INFO  : Hardware specification for platform project 'system_top' is updated.
21:04:53 INFO  : Result from executing command 'getProjects': system_top
21:04:53 INFO  : Result from executing command 'getPlatforms': system_top|D:/FMCOMMS4_AD9364_Fifo_Tlast_FFT/Ws/system_top/export/system_top/system_top.xpfm;xilinx_vck190_base_202310_1|D:/Vitis/2023.1/base_platforms/xilinx_vck190_base_202310_1/xilinx_vck190_base_202310_1.xpfm;xilinx_vck190_base_dfx_202310_1|D:/Vitis/2023.1/base_platforms/xilinx_vck190_base_dfx_202310_1/xilinx_vck190_base_dfx_202310_1.xpfm;xilinx_vek280_es1_base_202310_1|D:/Vitis/2023.1/base_platforms/xilinx_vek280_es1_base_202310_1/xilinx_vek280_es1_base_202310_1.xpfm;xilinx_vmk180_base_202310_1|D:/Vitis/2023.1/base_platforms/xilinx_vmk180_base_202310_1/xilinx_vmk180_base_202310_1.xpfm;xilinx_zcu102_base_202310_1|D:/Vitis/2023.1/base_platforms/xilinx_zcu102_base_202310_1/xilinx_zcu102_base_202310_1.xpfm;xilinx_zcu102_base_dfx_202310_1|D:/Vitis/2023.1/base_platforms/xilinx_zcu102_base_dfx_202310_1/xilinx_zcu102_base_dfx_202310_1.xpfm;xilinx_zcu104_base_202310_1|D:/Vitis/2023.1/base_platforms/xilinx_zcu104_base_202310_1/xilinx_zcu104_base_202310_1.xpfm
21:04:55 INFO  : Hardware specification for platform project 'system_top' is updated.
21:07:50 INFO  : Checking for BSP changes to sync application flags for project 'FMCOMMS4_AD9364'...
21:08:23 INFO  : Checking for BSP changes to sync application flags for project 'FMCOMMS4_AD9364'...
21:08:52 INFO  : Disconnected from the channel tcfchan#14.
21:08:53 INFO  : Connected to target on host '127.0.0.1' and port '3121'.
21:08:54 INFO  : Jtag cable 'Digilent Zed 210248BE0D85' is selected.
21:08:54 INFO  : 'jtag frequency' command is executed.
21:08:54 INFO  : Context for 'APU' is selected.
21:08:54 INFO  : System reset is completed.
21:08:57 INFO  : 'after 3000' command is executed.
21:08:57 INFO  : 'targets -set -filter {jtag_cable_name =~ "Digilent Zed 210248BE0D85" && level==0 && jtag_device_ctx=="jsn-Zed-210248BE0D85-23727093-0"}' command is executed.
21:08:59 INFO  : Device configured successfully with "D:/FMCOMMS4_AD9364_Fifo_Tlast_FFT/Ws/FMCOMMS4_AD9364/_ide/bitstream/system_top.bit"
21:08:59 INFO  : Context for 'APU' is selected.
21:08:59 INFO  : Hardware design and registers information is loaded from 'D:/FMCOMMS4_AD9364_Fifo_Tlast_FFT/Ws/system_top/export/system_top/hw/system_top.xsa'.
21:08:59 INFO  : 'configparams force-mem-access 1' command is executed.
21:08:59 INFO  : Context for 'APU' is selected.
21:08:59 INFO  : Sourcing of 'D:/FMCOMMS4_AD9364_Fifo_Tlast_FFT/Ws/FMCOMMS4_AD9364/_ide/psinit/ps7_init.tcl' is done.
21:09:00 INFO  : 'ps7_init' command is executed.
21:09:00 INFO  : 'ps7_post_config' command is executed.
21:09:00 INFO  : Context for processor 'ps7_cortexa9_0' is selected.
21:09:02 INFO  : The application 'D:/FMCOMMS4_AD9364_Fifo_Tlast_FFT/Ws/FMCOMMS4_AD9364/Debug/FMCOMMS4_AD9364.elf' is downloaded to processor 'ps7_cortexa9_0'.
21:09:02 INFO  : 'configparams force-mem-access 0' command is executed.
21:09:02 INFO  : ----------------XSDB Script----------------
connect -url tcp:127.0.0.1:3121
targets -set -nocase -filter {name =~"APU*"}
rst -system
after 3000
targets -set -filter {jtag_cable_name =~ "Digilent Zed 210248BE0D85" && level==0 && jtag_device_ctx=="jsn-Zed-210248BE0D85-23727093-0"}
fpga -file D:/FMCOMMS4_AD9364_Fifo_Tlast_FFT/Ws/FMCOMMS4_AD9364/_ide/bitstream/system_top.bit
targets -set -nocase -filter {name =~"APU*"}
loadhw -hw D:/FMCOMMS4_AD9364_Fifo_Tlast_FFT/Ws/system_top/export/system_top/hw/system_top.xsa -mem-ranges [list {0x40000000 0xbfffffff}] -regs
configparams force-mem-access 1
targets -set -nocase -filter {name =~"APU*"}
source D:/FMCOMMS4_AD9364_Fifo_Tlast_FFT/Ws/FMCOMMS4_AD9364/_ide/psinit/ps7_init.tcl
ps7_init
ps7_post_config
targets -set -nocase -filter {name =~ "*A9*#0"}
dow D:/FMCOMMS4_AD9364_Fifo_Tlast_FFT/Ws/FMCOMMS4_AD9364/Debug/FMCOMMS4_AD9364.elf
configparams force-mem-access 0
----------------End of Script----------------

21:09:02 INFO  : Context for processor 'ps7_cortexa9_0' is selected.
21:09:02 INFO  : 'con' command is executed.
21:09:02 INFO  : ----------------XSDB Script (After Launch)----------------
targets -set -nocase -filter {name =~ "*A9*#0"}
con
----------------End of Script----------------

21:09:02 INFO  : Launch script is exported to file 'D:\FMCOMMS4_AD9364_Fifo_Tlast_FFT\Ws\FMCOMMS4_AD9364_system\_ide\scripts\debugger_fmcomms4_ad9364-default.tcl'
21:12:24 INFO  : Hardware specification for platform project 'system_top' is updated.
21:12:50 INFO  : Result from executing command 'getProjects': system_top
21:12:50 INFO  : Result from executing command 'getPlatforms': system_top|D:/FMCOMMS4_AD9364_Fifo_Tlast_FFT/Ws/system_top/export/system_top/system_top.xpfm;xilinx_vck190_base_202310_1|D:/Vitis/2023.1/base_platforms/xilinx_vck190_base_202310_1/xilinx_vck190_base_202310_1.xpfm;xilinx_vck190_base_dfx_202310_1|D:/Vitis/2023.1/base_platforms/xilinx_vck190_base_dfx_202310_1/xilinx_vck190_base_dfx_202310_1.xpfm;xilinx_vek280_es1_base_202310_1|D:/Vitis/2023.1/base_platforms/xilinx_vek280_es1_base_202310_1/xilinx_vek280_es1_base_202310_1.xpfm;xilinx_vmk180_base_202310_1|D:/Vitis/2023.1/base_platforms/xilinx_vmk180_base_202310_1/xilinx_vmk180_base_202310_1.xpfm;xilinx_zcu102_base_202310_1|D:/Vitis/2023.1/base_platforms/xilinx_zcu102_base_202310_1/xilinx_zcu102_base_202310_1.xpfm;xilinx_zcu102_base_dfx_202310_1|D:/Vitis/2023.1/base_platforms/xilinx_zcu102_base_dfx_202310_1/xilinx_zcu102_base_dfx_202310_1.xpfm;xilinx_zcu104_base_202310_1|D:/Vitis/2023.1/base_platforms/xilinx_zcu104_base_202310_1/xilinx_zcu104_base_202310_1.xpfm
21:12:58 INFO  : Checking for BSP changes to sync application flags for project 'FMCOMMS4_AD9364'...
21:13:27 INFO  : Checking for BSP changes to sync application flags for project 'FMCOMMS4_AD9364'...
21:13:30 INFO  : Disconnected from the channel tcfchan#17.
21:13:31 INFO  : The hardware specification used by project 'FMCOMMS4_AD9364' is out of sync with the platform. Resource files extracted from the hardware specification will be updated.
21:13:31 INFO  : The file 'D:\FMCOMMS4_AD9364_Fifo_Tlast_FFT\Ws\FMCOMMS4_AD9364\_ide\bitstream\system_top.bit' stored in project is removed.
21:13:31 INFO  : The updated bitstream files are copied from platform to folder 'D:\FMCOMMS4_AD9364_Fifo_Tlast_FFT\Ws\FMCOMMS4_AD9364\_ide\bitstream' in project 'FMCOMMS4_AD9364'.
21:13:31 INFO  : The file 'D:\FMCOMMS4_AD9364_Fifo_Tlast_FFT\Ws\FMCOMMS4_AD9364\_ide\psinit\ps7_init.tcl' stored in project is removed.
21:13:36 INFO  : The updated ps init files are copied from platform to folder 'D:\FMCOMMS4_AD9364_Fifo_Tlast_FFT\Ws\FMCOMMS4_AD9364\_ide\psinit' in project 'FMCOMMS4_AD9364'.
21:13:37 INFO  : Connected to target on host '127.0.0.1' and port '3121'.
21:13:37 INFO  : Jtag cable 'Digilent Zed 210248BE0D85' is selected.
21:13:37 INFO  : 'jtag frequency' command is executed.
21:13:37 INFO  : Context for 'APU' is selected.
21:13:37 INFO  : System reset is completed.
21:13:40 INFO  : 'after 3000' command is executed.
21:13:40 INFO  : 'targets -set -filter {jtag_cable_name =~ "Digilent Zed 210248BE0D85" && level==0 && jtag_device_ctx=="jsn-Zed-210248BE0D85-23727093-0"}' command is executed.
21:13:42 INFO  : Device configured successfully with "D:/FMCOMMS4_AD9364_Fifo_Tlast_FFT/Ws/FMCOMMS4_AD9364/_ide/bitstream/system_top.bit"
21:13:42 INFO  : Context for 'APU' is selected.
21:13:42 INFO  : Hardware design and registers information is loaded from 'D:/FMCOMMS4_AD9364_Fifo_Tlast_FFT/Ws/system_top/export/system_top/hw/system_top.xsa'.
21:13:42 INFO  : 'configparams force-mem-access 1' command is executed.
21:13:42 INFO  : Context for 'APU' is selected.
21:13:42 INFO  : Sourcing of 'D:/FMCOMMS4_AD9364_Fifo_Tlast_FFT/Ws/FMCOMMS4_AD9364/_ide/psinit/ps7_init.tcl' is done.
21:13:43 INFO  : 'ps7_init' command is executed.
21:13:43 INFO  : 'ps7_post_config' command is executed.
21:13:43 INFO  : Context for processor 'ps7_cortexa9_0' is selected.
21:13:43 INFO  : The application 'D:/FMCOMMS4_AD9364_Fifo_Tlast_FFT/Ws/FMCOMMS4_AD9364/Debug/FMCOMMS4_AD9364.elf' is downloaded to processor 'ps7_cortexa9_0'.
21:13:43 INFO  : 'configparams force-mem-access 0' command is executed.
21:13:43 INFO  : ----------------XSDB Script----------------
connect -url tcp:127.0.0.1:3121
targets -set -nocase -filter {name =~"APU*"}
rst -system
after 3000
targets -set -filter {jtag_cable_name =~ "Digilent Zed 210248BE0D85" && level==0 && jtag_device_ctx=="jsn-Zed-210248BE0D85-23727093-0"}
fpga -file D:/FMCOMMS4_AD9364_Fifo_Tlast_FFT/Ws/FMCOMMS4_AD9364/_ide/bitstream/system_top.bit
targets -set -nocase -filter {name =~"APU*"}
loadhw -hw D:/FMCOMMS4_AD9364_Fifo_Tlast_FFT/Ws/system_top/export/system_top/hw/system_top.xsa -mem-ranges [list {0x40000000 0xbfffffff}] -regs
configparams force-mem-access 1
targets -set -nocase -filter {name =~"APU*"}
source D:/FMCOMMS4_AD9364_Fifo_Tlast_FFT/Ws/FMCOMMS4_AD9364/_ide/psinit/ps7_init.tcl
ps7_init
ps7_post_config
targets -set -nocase -filter {name =~ "*A9*#0"}
dow D:/FMCOMMS4_AD9364_Fifo_Tlast_FFT/Ws/FMCOMMS4_AD9364/Debug/FMCOMMS4_AD9364.elf
configparams force-mem-access 0
----------------End of Script----------------

21:13:44 INFO  : Context for processor 'ps7_cortexa9_0' is selected.
21:13:44 INFO  : 'con' command is executed.
21:13:44 INFO  : ----------------XSDB Script (After Launch)----------------
targets -set -nocase -filter {name =~ "*A9*#0"}
con
----------------End of Script----------------

21:13:44 INFO  : Launch script is exported to file 'D:\FMCOMMS4_AD9364_Fifo_Tlast_FFT\Ws\FMCOMMS4_AD9364_system\_ide\scripts\debugger_fmcomms4_ad9364-default.tcl'
21:28:31 INFO  : Hardware specification for platform project 'system_top' is updated.
21:29:05 INFO  : Result from executing command 'getProjects': system_top
21:29:05 INFO  : Result from executing command 'getPlatforms': system_top|D:/FMCOMMS4_AD9364_Fifo_Tlast_FFT/Ws/system_top/export/system_top/system_top.xpfm;xilinx_vck190_base_202310_1|D:/Vitis/2023.1/base_platforms/xilinx_vck190_base_202310_1/xilinx_vck190_base_202310_1.xpfm;xilinx_vck190_base_dfx_202310_1|D:/Vitis/2023.1/base_platforms/xilinx_vck190_base_dfx_202310_1/xilinx_vck190_base_dfx_202310_1.xpfm;xilinx_vek280_es1_base_202310_1|D:/Vitis/2023.1/base_platforms/xilinx_vek280_es1_base_202310_1/xilinx_vek280_es1_base_202310_1.xpfm;xilinx_vmk180_base_202310_1|D:/Vitis/2023.1/base_platforms/xilinx_vmk180_base_202310_1/xilinx_vmk180_base_202310_1.xpfm;xilinx_zcu102_base_202310_1|D:/Vitis/2023.1/base_platforms/xilinx_zcu102_base_202310_1/xilinx_zcu102_base_202310_1.xpfm;xilinx_zcu102_base_dfx_202310_1|D:/Vitis/2023.1/base_platforms/xilinx_zcu102_base_dfx_202310_1/xilinx_zcu102_base_dfx_202310_1.xpfm;xilinx_zcu104_base_202310_1|D:/Vitis/2023.1/base_platforms/xilinx_zcu104_base_202310_1/xilinx_zcu104_base_202310_1.xpfm
21:29:12 INFO  : Checking for BSP changes to sync application flags for project 'FMCOMMS4_AD9364'...
21:29:39 INFO  : Checking for BSP changes to sync application flags for project 'FMCOMMS4_AD9364'...
21:29:46 INFO  : Disconnected from the channel tcfchan#19.
21:29:47 INFO  : The hardware specification used by project 'FMCOMMS4_AD9364' is out of sync with the platform. Resource files extracted from the hardware specification will be updated.
21:29:47 INFO  : The file 'D:\FMCOMMS4_AD9364_Fifo_Tlast_FFT\Ws\FMCOMMS4_AD9364\_ide\bitstream\system_top.bit' stored in project is removed.
21:29:47 INFO  : The updated bitstream files are copied from platform to folder 'D:\FMCOMMS4_AD9364_Fifo_Tlast_FFT\Ws\FMCOMMS4_AD9364\_ide\bitstream' in project 'FMCOMMS4_AD9364'.
21:29:47 INFO  : The file 'D:\FMCOMMS4_AD9364_Fifo_Tlast_FFT\Ws\FMCOMMS4_AD9364\_ide\psinit\ps7_init.tcl' stored in project is removed.
21:29:52 INFO  : The updated ps init files are copied from platform to folder 'D:\FMCOMMS4_AD9364_Fifo_Tlast_FFT\Ws\FMCOMMS4_AD9364\_ide\psinit' in project 'FMCOMMS4_AD9364'.
21:29:52 INFO  : Connected to target on host '127.0.0.1' and port '3121'.
21:29:52 INFO  : Jtag cable 'Digilent Zed 210248BE0D85' is selected.
21:29:52 INFO  : 'jtag frequency' command is executed.
21:29:52 INFO  : Context for 'APU' is selected.
21:29:52 INFO  : System reset is completed.
21:29:55 INFO  : 'after 3000' command is executed.
21:29:56 INFO  : 'targets -set -filter {jtag_cable_name =~ "Digilent Zed 210248BE0D85" && level==0 && jtag_device_ctx=="jsn-Zed-210248BE0D85-23727093-0"}' command is executed.
21:29:58 INFO  : Device configured successfully with "D:/FMCOMMS4_AD9364_Fifo_Tlast_FFT/Ws/FMCOMMS4_AD9364/_ide/bitstream/system_top.bit"
21:29:58 INFO  : Context for 'APU' is selected.
21:29:58 INFO  : Hardware design and registers information is loaded from 'D:/FMCOMMS4_AD9364_Fifo_Tlast_FFT/Ws/system_top/export/system_top/hw/system_top.xsa'.
21:29:58 INFO  : 'configparams force-mem-access 1' command is executed.
21:29:58 INFO  : Context for 'APU' is selected.
21:29:58 INFO  : Sourcing of 'D:/FMCOMMS4_AD9364_Fifo_Tlast_FFT/Ws/FMCOMMS4_AD9364/_ide/psinit/ps7_init.tcl' is done.
21:29:58 INFO  : 'ps7_init' command is executed.
21:29:58 INFO  : 'ps7_post_config' command is executed.
21:29:58 INFO  : Context for processor 'ps7_cortexa9_0' is selected.
21:29:59 INFO  : The application 'D:/FMCOMMS4_AD9364_Fifo_Tlast_FFT/Ws/FMCOMMS4_AD9364/Debug/FMCOMMS4_AD9364.elf' is downloaded to processor 'ps7_cortexa9_0'.
21:29:59 INFO  : 'configparams force-mem-access 0' command is executed.
21:29:59 INFO  : ----------------XSDB Script----------------
connect -url tcp:127.0.0.1:3121
targets -set -nocase -filter {name =~"APU*"}
rst -system
after 3000
targets -set -filter {jtag_cable_name =~ "Digilent Zed 210248BE0D85" && level==0 && jtag_device_ctx=="jsn-Zed-210248BE0D85-23727093-0"}
fpga -file D:/FMCOMMS4_AD9364_Fifo_Tlast_FFT/Ws/FMCOMMS4_AD9364/_ide/bitstream/system_top.bit
targets -set -nocase -filter {name =~"APU*"}
loadhw -hw D:/FMCOMMS4_AD9364_Fifo_Tlast_FFT/Ws/system_top/export/system_top/hw/system_top.xsa -mem-ranges [list {0x40000000 0xbfffffff}] -regs
configparams force-mem-access 1
targets -set -nocase -filter {name =~"APU*"}
source D:/FMCOMMS4_AD9364_Fifo_Tlast_FFT/Ws/FMCOMMS4_AD9364/_ide/psinit/ps7_init.tcl
ps7_init
ps7_post_config
targets -set -nocase -filter {name =~ "*A9*#0"}
dow D:/FMCOMMS4_AD9364_Fifo_Tlast_FFT/Ws/FMCOMMS4_AD9364/Debug/FMCOMMS4_AD9364.elf
configparams force-mem-access 0
----------------End of Script----------------

21:29:59 INFO  : Context for processor 'ps7_cortexa9_0' is selected.
21:29:59 INFO  : 'con' command is executed.
21:29:59 INFO  : ----------------XSDB Script (After Launch)----------------
targets -set -nocase -filter {name =~ "*A9*#0"}
con
----------------End of Script----------------

21:29:59 INFO  : Launch script is exported to file 'D:\FMCOMMS4_AD9364_Fifo_Tlast_FFT\Ws\FMCOMMS4_AD9364_system\_ide\scripts\debugger_fmcomms4_ad9364-default.tcl'
21:45:41 INFO  : Hardware specification for platform project 'system_top' is updated.
21:46:07 INFO  : Result from executing command 'getProjects': system_top
21:46:07 INFO  : Result from executing command 'getPlatforms': system_top|D:/FMCOMMS4_AD9364_Fifo_Tlast_FFT/Ws/system_top/export/system_top/system_top.xpfm;xilinx_vck190_base_202310_1|D:/Vitis/2023.1/base_platforms/xilinx_vck190_base_202310_1/xilinx_vck190_base_202310_1.xpfm;xilinx_vck190_base_dfx_202310_1|D:/Vitis/2023.1/base_platforms/xilinx_vck190_base_dfx_202310_1/xilinx_vck190_base_dfx_202310_1.xpfm;xilinx_vek280_es1_base_202310_1|D:/Vitis/2023.1/base_platforms/xilinx_vek280_es1_base_202310_1/xilinx_vek280_es1_base_202310_1.xpfm;xilinx_vmk180_base_202310_1|D:/Vitis/2023.1/base_platforms/xilinx_vmk180_base_202310_1/xilinx_vmk180_base_202310_1.xpfm;xilinx_zcu102_base_202310_1|D:/Vitis/2023.1/base_platforms/xilinx_zcu102_base_202310_1/xilinx_zcu102_base_202310_1.xpfm;xilinx_zcu102_base_dfx_202310_1|D:/Vitis/2023.1/base_platforms/xilinx_zcu102_base_dfx_202310_1/xilinx_zcu102_base_dfx_202310_1.xpfm;xilinx_zcu104_base_202310_1|D:/Vitis/2023.1/base_platforms/xilinx_zcu104_base_202310_1/xilinx_zcu104_base_202310_1.xpfm
21:46:12 INFO  : Checking for BSP changes to sync application flags for project 'FMCOMMS4_AD9364'...
21:46:40 INFO  : Checking for BSP changes to sync application flags for project 'FMCOMMS4_AD9364'...
21:46:52 INFO  : Disconnected from the channel tcfchan#21.
21:46:53 INFO  : The hardware specification used by project 'FMCOMMS4_AD9364' is out of sync with the platform. Resource files extracted from the hardware specification will be updated.
21:46:53 INFO  : The file 'D:\FMCOMMS4_AD9364_Fifo_Tlast_FFT\Ws\FMCOMMS4_AD9364\_ide\bitstream\system_top.bit' stored in project is removed.
21:46:53 INFO  : The updated bitstream files are copied from platform to folder 'D:\FMCOMMS4_AD9364_Fifo_Tlast_FFT\Ws\FMCOMMS4_AD9364\_ide\bitstream' in project 'FMCOMMS4_AD9364'.
21:46:53 INFO  : The file 'D:\FMCOMMS4_AD9364_Fifo_Tlast_FFT\Ws\FMCOMMS4_AD9364\_ide\psinit\ps7_init.tcl' stored in project is removed.
21:46:59 INFO  : The updated ps init files are copied from platform to folder 'D:\FMCOMMS4_AD9364_Fifo_Tlast_FFT\Ws\FMCOMMS4_AD9364\_ide\psinit' in project 'FMCOMMS4_AD9364'.
21:46:59 INFO  : Connected to target on host '127.0.0.1' and port '3121'.
21:46:59 INFO  : Jtag cable 'Digilent Zed 210248BE0D85' is selected.
21:46:59 INFO  : 'jtag frequency' command is executed.
21:46:59 INFO  : Context for 'APU' is selected.
21:46:59 INFO  : System reset is completed.
21:47:02 INFO  : 'after 3000' command is executed.
21:47:02 INFO  : 'targets -set -filter {jtag_cable_name =~ "Digilent Zed 210248BE0D85" && level==0 && jtag_device_ctx=="jsn-Zed-210248BE0D85-23727093-0"}' command is executed.
21:47:05 INFO  : Device configured successfully with "D:/FMCOMMS4_AD9364_Fifo_Tlast_FFT/Ws/FMCOMMS4_AD9364/_ide/bitstream/system_top.bit"
21:47:05 INFO  : Context for 'APU' is selected.
21:47:05 INFO  : Hardware design and registers information is loaded from 'D:/FMCOMMS4_AD9364_Fifo_Tlast_FFT/Ws/system_top/export/system_top/hw/system_top.xsa'.
21:47:05 INFO  : 'configparams force-mem-access 1' command is executed.
21:47:05 INFO  : Context for 'APU' is selected.
21:47:05 INFO  : Sourcing of 'D:/FMCOMMS4_AD9364_Fifo_Tlast_FFT/Ws/FMCOMMS4_AD9364/_ide/psinit/ps7_init.tcl' is done.
21:47:05 INFO  : 'ps7_init' command is executed.
21:47:05 INFO  : 'ps7_post_config' command is executed.
21:47:05 INFO  : Context for processor 'ps7_cortexa9_0' is selected.
21:47:06 INFO  : The application 'D:/FMCOMMS4_AD9364_Fifo_Tlast_FFT/Ws/FMCOMMS4_AD9364/Debug/FMCOMMS4_AD9364.elf' is downloaded to processor 'ps7_cortexa9_0'.
21:47:06 INFO  : 'configparams force-mem-access 0' command is executed.
21:47:06 INFO  : ----------------XSDB Script----------------
connect -url tcp:127.0.0.1:3121
targets -set -nocase -filter {name =~"APU*"}
rst -system
after 3000
targets -set -filter {jtag_cable_name =~ "Digilent Zed 210248BE0D85" && level==0 && jtag_device_ctx=="jsn-Zed-210248BE0D85-23727093-0"}
fpga -file D:/FMCOMMS4_AD9364_Fifo_Tlast_FFT/Ws/FMCOMMS4_AD9364/_ide/bitstream/system_top.bit
targets -set -nocase -filter {name =~"APU*"}
loadhw -hw D:/FMCOMMS4_AD9364_Fifo_Tlast_FFT/Ws/system_top/export/system_top/hw/system_top.xsa -mem-ranges [list {0x40000000 0xbfffffff}] -regs
configparams force-mem-access 1
targets -set -nocase -filter {name =~"APU*"}
source D:/FMCOMMS4_AD9364_Fifo_Tlast_FFT/Ws/FMCOMMS4_AD9364/_ide/psinit/ps7_init.tcl
ps7_init
ps7_post_config
targets -set -nocase -filter {name =~ "*A9*#0"}
dow D:/FMCOMMS4_AD9364_Fifo_Tlast_FFT/Ws/FMCOMMS4_AD9364/Debug/FMCOMMS4_AD9364.elf
configparams force-mem-access 0
----------------End of Script----------------

21:47:06 INFO  : Context for processor 'ps7_cortexa9_0' is selected.
21:47:06 INFO  : 'con' command is executed.
21:47:06 INFO  : ----------------XSDB Script (After Launch)----------------
targets -set -nocase -filter {name =~ "*A9*#0"}
con
----------------End of Script----------------

21:47:06 INFO  : Launch script is exported to file 'D:\FMCOMMS4_AD9364_Fifo_Tlast_FFT\Ws\FMCOMMS4_AD9364_system\_ide\scripts\debugger_fmcomms4_ad9364-default.tcl'
22:12:51 INFO  : Hardware specification for platform project 'system_top' is updated.
22:13:15 INFO  : Result from executing command 'getProjects': system_top
22:13:15 INFO  : Result from executing command 'getPlatforms': system_top|D:/FMCOMMS4_AD9364_Fifo_Tlast_FFT/Ws/system_top/export/system_top/system_top.xpfm;xilinx_vck190_base_202310_1|D:/Vitis/2023.1/base_platforms/xilinx_vck190_base_202310_1/xilinx_vck190_base_202310_1.xpfm;xilinx_vck190_base_dfx_202310_1|D:/Vitis/2023.1/base_platforms/xilinx_vck190_base_dfx_202310_1/xilinx_vck190_base_dfx_202310_1.xpfm;xilinx_vek280_es1_base_202310_1|D:/Vitis/2023.1/base_platforms/xilinx_vek280_es1_base_202310_1/xilinx_vek280_es1_base_202310_1.xpfm;xilinx_vmk180_base_202310_1|D:/Vitis/2023.1/base_platforms/xilinx_vmk180_base_202310_1/xilinx_vmk180_base_202310_1.xpfm;xilinx_zcu102_base_202310_1|D:/Vitis/2023.1/base_platforms/xilinx_zcu102_base_202310_1/xilinx_zcu102_base_202310_1.xpfm;xilinx_zcu102_base_dfx_202310_1|D:/Vitis/2023.1/base_platforms/xilinx_zcu102_base_dfx_202310_1/xilinx_zcu102_base_dfx_202310_1.xpfm;xilinx_zcu104_base_202310_1|D:/Vitis/2023.1/base_platforms/xilinx_zcu104_base_202310_1/xilinx_zcu104_base_202310_1.xpfm
22:13:24 INFO  : Checking for BSP changes to sync application flags for project 'FMCOMMS4_AD9364'...
22:13:50 INFO  : Checking for BSP changes to sync application flags for project 'FMCOMMS4_AD9364'...
22:13:51 INFO  : The hardware specification used by project 'FMCOMMS4_AD9364' is out of sync with the platform. Resource files extracted from the hardware specification will be updated.
22:13:51 INFO  : The file 'D:\FMCOMMS4_AD9364_Fifo_Tlast_FFT\Ws\FMCOMMS4_AD9364\_ide\bitstream\system_top.bit' stored in project is removed.
22:13:51 INFO  : The updated bitstream files are copied from platform to folder 'D:\FMCOMMS4_AD9364_Fifo_Tlast_FFT\Ws\FMCOMMS4_AD9364\_ide\bitstream' in project 'FMCOMMS4_AD9364'.
22:13:51 INFO  : The file 'D:\FMCOMMS4_AD9364_Fifo_Tlast_FFT\Ws\FMCOMMS4_AD9364\_ide\psinit\ps7_init.tcl' stored in project is removed.
22:13:56 INFO  : The updated ps init files are copied from platform to folder 'D:\FMCOMMS4_AD9364_Fifo_Tlast_FFT\Ws\FMCOMMS4_AD9364\_ide\psinit' in project 'FMCOMMS4_AD9364'.
22:14:09 INFO  : Disconnected from the channel tcfchan#23.
22:14:10 INFO  : Connected to target on host '127.0.0.1' and port '3121'.
22:14:10 INFO  : Jtag cable 'Digilent Zed 210248BE0D85' is selected.
22:14:10 INFO  : 'jtag frequency' command is executed.
22:14:10 INFO  : Context for 'APU' is selected.
22:14:10 INFO  : System reset is completed.
22:14:13 INFO  : 'after 3000' command is executed.
22:14:13 INFO  : 'targets -set -filter {jtag_cable_name =~ "Digilent Zed 210248BE0D85" && level==0 && jtag_device_ctx=="jsn-Zed-210248BE0D85-23727093-0"}' command is executed.
22:14:16 INFO  : Device configured successfully with "D:/FMCOMMS4_AD9364_Fifo_Tlast_FFT/Ws/FMCOMMS4_AD9364/_ide/bitstream/system_top.bit"
22:14:16 INFO  : Context for 'APU' is selected.
22:14:16 INFO  : Hardware design and registers information is loaded from 'D:/FMCOMMS4_AD9364_Fifo_Tlast_FFT/Ws/system_top/export/system_top/hw/system_top.xsa'.
22:14:16 INFO  : 'configparams force-mem-access 1' command is executed.
22:14:16 INFO  : Context for 'APU' is selected.
22:14:16 INFO  : Sourcing of 'D:/FMCOMMS4_AD9364_Fifo_Tlast_FFT/Ws/FMCOMMS4_AD9364/_ide/psinit/ps7_init.tcl' is done.
22:14:16 INFO  : 'ps7_init' command is executed.
22:14:16 INFO  : 'ps7_post_config' command is executed.
22:14:16 INFO  : Context for processor 'ps7_cortexa9_0' is selected.
22:14:17 INFO  : The application 'D:/FMCOMMS4_AD9364_Fifo_Tlast_FFT/Ws/FMCOMMS4_AD9364/Debug/FMCOMMS4_AD9364.elf' is downloaded to processor 'ps7_cortexa9_0'.
22:14:17 INFO  : 'configparams force-mem-access 0' command is executed.
22:14:17 INFO  : ----------------XSDB Script----------------
connect -url tcp:127.0.0.1:3121
targets -set -nocase -filter {name =~"APU*"}
rst -system
after 3000
targets -set -filter {jtag_cable_name =~ "Digilent Zed 210248BE0D85" && level==0 && jtag_device_ctx=="jsn-Zed-210248BE0D85-23727093-0"}
fpga -file D:/FMCOMMS4_AD9364_Fifo_Tlast_FFT/Ws/FMCOMMS4_AD9364/_ide/bitstream/system_top.bit
targets -set -nocase -filter {name =~"APU*"}
loadhw -hw D:/FMCOMMS4_AD9364_Fifo_Tlast_FFT/Ws/system_top/export/system_top/hw/system_top.xsa -mem-ranges [list {0x40000000 0xbfffffff}] -regs
configparams force-mem-access 1
targets -set -nocase -filter {name =~"APU*"}
source D:/FMCOMMS4_AD9364_Fifo_Tlast_FFT/Ws/FMCOMMS4_AD9364/_ide/psinit/ps7_init.tcl
ps7_init
ps7_post_config
targets -set -nocase -filter {name =~ "*A9*#0"}
dow D:/FMCOMMS4_AD9364_Fifo_Tlast_FFT/Ws/FMCOMMS4_AD9364/Debug/FMCOMMS4_AD9364.elf
configparams force-mem-access 0
----------------End of Script----------------

22:14:17 INFO  : Context for processor 'ps7_cortexa9_0' is selected.
22:14:17 INFO  : 'con' command is executed.
22:14:17 INFO  : ----------------XSDB Script (After Launch)----------------
targets -set -nocase -filter {name =~ "*A9*#0"}
con
----------------End of Script----------------

22:14:17 INFO  : Launch script is exported to file 'D:\FMCOMMS4_AD9364_Fifo_Tlast_FFT\Ws\FMCOMMS4_AD9364_system\_ide\scripts\debugger_fmcomms4_ad9364-default.tcl'
22:15:22 INFO  : Checking for BSP changes to sync application flags for project 'FMCOMMS4_AD9364'...
22:16:14 INFO  : Checking for BSP changes to sync application flags for project 'FMCOMMS4_AD9364'...
22:16:23 INFO  : Disconnected from the channel tcfchan#26.
22:16:24 INFO  : Connected to target on host '127.0.0.1' and port '3121'.
22:16:25 INFO  : Jtag cable 'Digilent Zed 210248BE0D85' is selected.
22:16:25 INFO  : 'jtag frequency' command is executed.
22:16:25 INFO  : Context for 'APU' is selected.
22:16:25 INFO  : System reset is completed.
22:16:28 INFO  : 'after 3000' command is executed.
22:16:28 INFO  : 'targets -set -filter {jtag_cable_name =~ "Digilent Zed 210248BE0D85" && level==0 && jtag_device_ctx=="jsn-Zed-210248BE0D85-23727093-0"}' command is executed.
22:16:30 INFO  : Device configured successfully with "D:/FMCOMMS4_AD9364_Fifo_Tlast_FFT/Ws/FMCOMMS4_AD9364/_ide/bitstream/system_top.bit"
22:16:30 INFO  : Context for 'APU' is selected.
22:16:30 INFO  : Hardware design and registers information is loaded from 'D:/FMCOMMS4_AD9364_Fifo_Tlast_FFT/Ws/system_top/export/system_top/hw/system_top.xsa'.
22:16:30 INFO  : 'configparams force-mem-access 1' command is executed.
22:16:30 INFO  : Context for 'APU' is selected.
22:16:30 INFO  : Sourcing of 'D:/FMCOMMS4_AD9364_Fifo_Tlast_FFT/Ws/FMCOMMS4_AD9364/_ide/psinit/ps7_init.tcl' is done.
22:16:31 INFO  : 'ps7_init' command is executed.
22:16:31 INFO  : 'ps7_post_config' command is executed.
22:16:31 INFO  : Context for processor 'ps7_cortexa9_0' is selected.
22:16:31 INFO  : The application 'D:/FMCOMMS4_AD9364_Fifo_Tlast_FFT/Ws/FMCOMMS4_AD9364/Debug/FMCOMMS4_AD9364.elf' is downloaded to processor 'ps7_cortexa9_0'.
22:16:31 INFO  : 'configparams force-mem-access 0' command is executed.
22:16:31 INFO  : ----------------XSDB Script----------------
connect -url tcp:127.0.0.1:3121
targets -set -nocase -filter {name =~"APU*"}
rst -system
after 3000
targets -set -filter {jtag_cable_name =~ "Digilent Zed 210248BE0D85" && level==0 && jtag_device_ctx=="jsn-Zed-210248BE0D85-23727093-0"}
fpga -file D:/FMCOMMS4_AD9364_Fifo_Tlast_FFT/Ws/FMCOMMS4_AD9364/_ide/bitstream/system_top.bit
targets -set -nocase -filter {name =~"APU*"}
loadhw -hw D:/FMCOMMS4_AD9364_Fifo_Tlast_FFT/Ws/system_top/export/system_top/hw/system_top.xsa -mem-ranges [list {0x40000000 0xbfffffff}] -regs
configparams force-mem-access 1
targets -set -nocase -filter {name =~"APU*"}
source D:/FMCOMMS4_AD9364_Fifo_Tlast_FFT/Ws/FMCOMMS4_AD9364/_ide/psinit/ps7_init.tcl
ps7_init
ps7_post_config
targets -set -nocase -filter {name =~ "*A9*#0"}
dow D:/FMCOMMS4_AD9364_Fifo_Tlast_FFT/Ws/FMCOMMS4_AD9364/Debug/FMCOMMS4_AD9364.elf
configparams force-mem-access 0
----------------End of Script----------------

22:16:31 INFO  : Context for processor 'ps7_cortexa9_0' is selected.
22:16:31 INFO  : 'con' command is executed.
22:16:31 INFO  : ----------------XSDB Script (After Launch)----------------
targets -set -nocase -filter {name =~ "*A9*#0"}
con
----------------End of Script----------------

22:16:31 INFO  : Launch script is exported to file 'D:\FMCOMMS4_AD9364_Fifo_Tlast_FFT\Ws\FMCOMMS4_AD9364_system\_ide\scripts\debugger_fmcomms4_ad9364-default.tcl'
22:19:29 INFO  : Checking for BSP changes to sync application flags for project 'FMCOMMS4_AD9364'...
22:19:38 INFO  : Checking for BSP changes to sync application flags for project 'FMCOMMS4_AD9364'...
22:20:05 INFO  : Disconnected from the channel tcfchan#29.
22:20:06 INFO  : Connected to target on host '127.0.0.1' and port '3121'.
22:20:06 INFO  : Jtag cable 'Digilent Zed 210248BE0D85' is selected.
22:20:06 INFO  : 'jtag frequency' command is executed.
22:20:06 INFO  : Context for 'APU' is selected.
22:20:06 INFO  : System reset is completed.
22:20:09 INFO  : 'after 3000' command is executed.
22:20:09 INFO  : 'targets -set -filter {jtag_cable_name =~ "Digilent Zed 210248BE0D85" && level==0 && jtag_device_ctx=="jsn-Zed-210248BE0D85-23727093-0"}' command is executed.
22:20:12 INFO  : Device configured successfully with "D:/FMCOMMS4_AD9364_Fifo_Tlast_FFT/Ws/FMCOMMS4_AD9364/_ide/bitstream/system_top.bit"
22:20:12 INFO  : Context for 'APU' is selected.
22:20:12 INFO  : Hardware design and registers information is loaded from 'D:/FMCOMMS4_AD9364_Fifo_Tlast_FFT/Ws/system_top/export/system_top/hw/system_top.xsa'.
22:20:12 INFO  : 'configparams force-mem-access 1' command is executed.
22:20:12 INFO  : Context for 'APU' is selected.
22:20:12 INFO  : Sourcing of 'D:/FMCOMMS4_AD9364_Fifo_Tlast_FFT/Ws/FMCOMMS4_AD9364/_ide/psinit/ps7_init.tcl' is done.
22:20:12 INFO  : 'ps7_init' command is executed.
22:20:12 INFO  : 'ps7_post_config' command is executed.
22:20:12 INFO  : Context for processor 'ps7_cortexa9_0' is selected.
22:20:13 INFO  : The application 'D:/FMCOMMS4_AD9364_Fifo_Tlast_FFT/Ws/FMCOMMS4_AD9364/Debug/FMCOMMS4_AD9364.elf' is downloaded to processor 'ps7_cortexa9_0'.
22:20:13 INFO  : 'configparams force-mem-access 0' command is executed.
22:20:13 INFO  : ----------------XSDB Script----------------
connect -url tcp:127.0.0.1:3121
targets -set -nocase -filter {name =~"APU*"}
rst -system
after 3000
targets -set -filter {jtag_cable_name =~ "Digilent Zed 210248BE0D85" && level==0 && jtag_device_ctx=="jsn-Zed-210248BE0D85-23727093-0"}
fpga -file D:/FMCOMMS4_AD9364_Fifo_Tlast_FFT/Ws/FMCOMMS4_AD9364/_ide/bitstream/system_top.bit
targets -set -nocase -filter {name =~"APU*"}
loadhw -hw D:/FMCOMMS4_AD9364_Fifo_Tlast_FFT/Ws/system_top/export/system_top/hw/system_top.xsa -mem-ranges [list {0x40000000 0xbfffffff}] -regs
configparams force-mem-access 1
targets -set -nocase -filter {name =~"APU*"}
source D:/FMCOMMS4_AD9364_Fifo_Tlast_FFT/Ws/FMCOMMS4_AD9364/_ide/psinit/ps7_init.tcl
ps7_init
ps7_post_config
targets -set -nocase -filter {name =~ "*A9*#0"}
dow D:/FMCOMMS4_AD9364_Fifo_Tlast_FFT/Ws/FMCOMMS4_AD9364/Debug/FMCOMMS4_AD9364.elf
configparams force-mem-access 0
----------------End of Script----------------

22:20:13 INFO  : Context for processor 'ps7_cortexa9_0' is selected.
22:20:13 INFO  : 'con' command is executed.
22:20:13 INFO  : ----------------XSDB Script (After Launch)----------------
targets -set -nocase -filter {name =~ "*A9*#0"}
con
----------------End of Script----------------

22:20:13 INFO  : Launch script is exported to file 'D:\FMCOMMS4_AD9364_Fifo_Tlast_FFT\Ws\FMCOMMS4_AD9364_system\_ide\scripts\debugger_fmcomms4_ad9364-default.tcl'
22:20:49 INFO  : Disconnected from the channel tcfchan#32.
22:20:50 INFO  : Connected to target on host '127.0.0.1' and port '3121'.
22:20:51 INFO  : Jtag cable 'Digilent Zed 210248BE0D85' is selected.
22:20:51 INFO  : 'jtag frequency' command is executed.
22:20:51 INFO  : Context for 'APU' is selected.
22:20:51 INFO  : System reset is completed.
22:20:54 INFO  : 'after 3000' command is executed.
22:20:54 INFO  : 'targets -set -filter {jtag_cable_name =~ "Digilent Zed 210248BE0D85" && level==0 && jtag_device_ctx=="jsn-Zed-210248BE0D85-23727093-0"}' command is executed.
22:20:56 INFO  : Device configured successfully with "D:/FMCOMMS4_AD9364_Fifo_Tlast_FFT/Ws/FMCOMMS4_AD9364/_ide/bitstream/system_top.bit"
22:20:56 INFO  : Context for 'APU' is selected.
22:20:56 INFO  : Hardware design and registers information is loaded from 'D:/FMCOMMS4_AD9364_Fifo_Tlast_FFT/Ws/system_top/export/system_top/hw/system_top.xsa'.
22:20:56 INFO  : 'configparams force-mem-access 1' command is executed.
22:20:56 INFO  : Context for 'APU' is selected.
22:20:56 INFO  : Sourcing of 'D:/FMCOMMS4_AD9364_Fifo_Tlast_FFT/Ws/FMCOMMS4_AD9364/_ide/psinit/ps7_init.tcl' is done.
22:20:56 INFO  : 'ps7_init' command is executed.
22:20:56 INFO  : 'ps7_post_config' command is executed.
22:20:56 INFO  : Context for processor 'ps7_cortexa9_0' is selected.
22:20:57 INFO  : The application 'D:/FMCOMMS4_AD9364_Fifo_Tlast_FFT/Ws/FMCOMMS4_AD9364/Debug/FMCOMMS4_AD9364.elf' is downloaded to processor 'ps7_cortexa9_0'.
22:20:57 INFO  : 'configparams force-mem-access 0' command is executed.
22:20:57 INFO  : ----------------XSDB Script----------------
connect -url tcp:127.0.0.1:3121
targets -set -nocase -filter {name =~"APU*"}
rst -system
after 3000
targets -set -filter {jtag_cable_name =~ "Digilent Zed 210248BE0D85" && level==0 && jtag_device_ctx=="jsn-Zed-210248BE0D85-23727093-0"}
fpga -file D:/FMCOMMS4_AD9364_Fifo_Tlast_FFT/Ws/FMCOMMS4_AD9364/_ide/bitstream/system_top.bit
targets -set -nocase -filter {name =~"APU*"}
loadhw -hw D:/FMCOMMS4_AD9364_Fifo_Tlast_FFT/Ws/system_top/export/system_top/hw/system_top.xsa -mem-ranges [list {0x40000000 0xbfffffff}] -regs
configparams force-mem-access 1
targets -set -nocase -filter {name =~"APU*"}
source D:/FMCOMMS4_AD9364_Fifo_Tlast_FFT/Ws/FMCOMMS4_AD9364/_ide/psinit/ps7_init.tcl
ps7_init
ps7_post_config
targets -set -nocase -filter {name =~ "*A9*#0"}
dow D:/FMCOMMS4_AD9364_Fifo_Tlast_FFT/Ws/FMCOMMS4_AD9364/Debug/FMCOMMS4_AD9364.elf
configparams force-mem-access 0
----------------End of Script----------------

22:20:57 INFO  : Context for processor 'ps7_cortexa9_0' is selected.
22:20:57 INFO  : 'con' command is executed.
22:20:57 INFO  : ----------------XSDB Script (After Launch)----------------
targets -set -nocase -filter {name =~ "*A9*#0"}
con
----------------End of Script----------------

22:20:57 INFO  : Launch script is exported to file 'D:\FMCOMMS4_AD9364_Fifo_Tlast_FFT\Ws\FMCOMMS4_AD9364_system\_ide\scripts\debugger_fmcomms4_ad9364-default.tcl'
22:23:46 INFO  : Checking for BSP changes to sync application flags for project 'FMCOMMS4_AD9364'...
22:23:55 INFO  : Checking for BSP changes to sync application flags for project 'FMCOMMS4_AD9364'...
22:24:05 INFO  : Disconnected from the channel tcfchan#33.
22:24:06 INFO  : Connected to target on host '127.0.0.1' and port '3121'.
22:24:06 INFO  : Jtag cable 'Digilent Zed 210248BE0D85' is selected.
22:24:06 INFO  : 'jtag frequency' command is executed.
22:24:06 INFO  : Context for 'APU' is selected.
22:24:06 INFO  : System reset is completed.
22:24:09 INFO  : 'after 3000' command is executed.
22:24:09 INFO  : 'targets -set -filter {jtag_cable_name =~ "Digilent Zed 210248BE0D85" && level==0 && jtag_device_ctx=="jsn-Zed-210248BE0D85-23727093-0"}' command is executed.
22:24:12 INFO  : Device configured successfully with "D:/FMCOMMS4_AD9364_Fifo_Tlast_FFT/Ws/FMCOMMS4_AD9364/_ide/bitstream/system_top.bit"
22:24:12 INFO  : Context for 'APU' is selected.
22:24:12 INFO  : Hardware design and registers information is loaded from 'D:/FMCOMMS4_AD9364_Fifo_Tlast_FFT/Ws/system_top/export/system_top/hw/system_top.xsa'.
22:24:12 INFO  : 'configparams force-mem-access 1' command is executed.
22:24:12 INFO  : Context for 'APU' is selected.
22:24:12 INFO  : Sourcing of 'D:/FMCOMMS4_AD9364_Fifo_Tlast_FFT/Ws/FMCOMMS4_AD9364/_ide/psinit/ps7_init.tcl' is done.
22:24:12 INFO  : 'ps7_init' command is executed.
22:24:12 INFO  : 'ps7_post_config' command is executed.
22:24:12 INFO  : Context for processor 'ps7_cortexa9_0' is selected.
22:24:13 INFO  : The application 'D:/FMCOMMS4_AD9364_Fifo_Tlast_FFT/Ws/FMCOMMS4_AD9364/Debug/FMCOMMS4_AD9364.elf' is downloaded to processor 'ps7_cortexa9_0'.
22:24:13 INFO  : 'configparams force-mem-access 0' command is executed.
22:24:13 INFO  : ----------------XSDB Script----------------
connect -url tcp:127.0.0.1:3121
targets -set -nocase -filter {name =~"APU*"}
rst -system
after 3000
targets -set -filter {jtag_cable_name =~ "Digilent Zed 210248BE0D85" && level==0 && jtag_device_ctx=="jsn-Zed-210248BE0D85-23727093-0"}
fpga -file D:/FMCOMMS4_AD9364_Fifo_Tlast_FFT/Ws/FMCOMMS4_AD9364/_ide/bitstream/system_top.bit
targets -set -nocase -filter {name =~"APU*"}
loadhw -hw D:/FMCOMMS4_AD9364_Fifo_Tlast_FFT/Ws/system_top/export/system_top/hw/system_top.xsa -mem-ranges [list {0x40000000 0xbfffffff}] -regs
configparams force-mem-access 1
targets -set -nocase -filter {name =~"APU*"}
source D:/FMCOMMS4_AD9364_Fifo_Tlast_FFT/Ws/FMCOMMS4_AD9364/_ide/psinit/ps7_init.tcl
ps7_init
ps7_post_config
targets -set -nocase -filter {name =~ "*A9*#0"}
dow D:/FMCOMMS4_AD9364_Fifo_Tlast_FFT/Ws/FMCOMMS4_AD9364/Debug/FMCOMMS4_AD9364.elf
configparams force-mem-access 0
----------------End of Script----------------

22:24:13 INFO  : Context for processor 'ps7_cortexa9_0' is selected.
22:24:13 INFO  : 'con' command is executed.
22:24:13 INFO  : ----------------XSDB Script (After Launch)----------------
targets -set -nocase -filter {name =~ "*A9*#0"}
con
----------------End of Script----------------

22:24:13 INFO  : Launch script is exported to file 'D:\FMCOMMS4_AD9364_Fifo_Tlast_FFT\Ws\FMCOMMS4_AD9364_system\_ide\scripts\debugger_fmcomms4_ad9364-default.tcl'
22:28:11 INFO  : Disconnected from the channel tcfchan#36.
22:28:12 INFO  : Connected to target on host '127.0.0.1' and port '3121'.
22:28:12 INFO  : Jtag cable 'Digilent Zed 210248BE0D85' is selected.
22:28:12 INFO  : 'jtag frequency' command is executed.
22:28:12 INFO  : Context for 'APU' is selected.
22:28:12 INFO  : System reset is completed.
22:28:15 INFO  : 'after 3000' command is executed.
22:28:15 INFO  : 'targets -set -filter {jtag_cable_name =~ "Digilent Zed 210248BE0D85" && level==0 && jtag_device_ctx=="jsn-Zed-210248BE0D85-23727093-0"}' command is executed.
22:28:18 INFO  : Device configured successfully with "D:/FMCOMMS4_AD9364_Fifo_Tlast_FFT/Ws/FMCOMMS4_AD9364/_ide/bitstream/system_top.bit"
22:28:18 INFO  : Context for 'APU' is selected.
22:28:18 INFO  : Hardware design and registers information is loaded from 'D:/FMCOMMS4_AD9364_Fifo_Tlast_FFT/Ws/system_top/export/system_top/hw/system_top.xsa'.
22:28:18 INFO  : 'configparams force-mem-access 1' command is executed.
22:28:18 INFO  : Context for 'APU' is selected.
22:28:18 INFO  : Sourcing of 'D:/FMCOMMS4_AD9364_Fifo_Tlast_FFT/Ws/FMCOMMS4_AD9364/_ide/psinit/ps7_init.tcl' is done.
22:28:18 INFO  : 'ps7_init' command is executed.
22:28:18 INFO  : 'ps7_post_config' command is executed.
22:28:18 INFO  : Context for processor 'ps7_cortexa9_0' is selected.
22:28:19 INFO  : The application 'D:/FMCOMMS4_AD9364_Fifo_Tlast_FFT/Ws/FMCOMMS4_AD9364/Debug/FMCOMMS4_AD9364.elf' is downloaded to processor 'ps7_cortexa9_0'.
22:28:19 INFO  : 'configparams force-mem-access 0' command is executed.
22:28:19 INFO  : ----------------XSDB Script----------------
connect -url tcp:127.0.0.1:3121
targets -set -nocase -filter {name =~"APU*"}
rst -system
after 3000
targets -set -filter {jtag_cable_name =~ "Digilent Zed 210248BE0D85" && level==0 && jtag_device_ctx=="jsn-Zed-210248BE0D85-23727093-0"}
fpga -file D:/FMCOMMS4_AD9364_Fifo_Tlast_FFT/Ws/FMCOMMS4_AD9364/_ide/bitstream/system_top.bit
targets -set -nocase -filter {name =~"APU*"}
loadhw -hw D:/FMCOMMS4_AD9364_Fifo_Tlast_FFT/Ws/system_top/export/system_top/hw/system_top.xsa -mem-ranges [list {0x40000000 0xbfffffff}] -regs
configparams force-mem-access 1
targets -set -nocase -filter {name =~"APU*"}
source D:/FMCOMMS4_AD9364_Fifo_Tlast_FFT/Ws/FMCOMMS4_AD9364/_ide/psinit/ps7_init.tcl
ps7_init
ps7_post_config
targets -set -nocase -filter {name =~ "*A9*#0"}
dow D:/FMCOMMS4_AD9364_Fifo_Tlast_FFT/Ws/FMCOMMS4_AD9364/Debug/FMCOMMS4_AD9364.elf
configparams force-mem-access 0
----------------End of Script----------------

22:28:19 INFO  : Context for processor 'ps7_cortexa9_0' is selected.
22:28:19 INFO  : 'con' command is executed.
22:28:19 INFO  : ----------------XSDB Script (After Launch)----------------
targets -set -nocase -filter {name =~ "*A9*#0"}
con
----------------End of Script----------------

22:28:19 INFO  : Launch script is exported to file 'D:\FMCOMMS4_AD9364_Fifo_Tlast_FFT\Ws\FMCOMMS4_AD9364_system\_ide\scripts\debugger_fmcomms4_ad9364-default.tcl'
22:29:26 INFO  : Disconnected from the channel tcfchan#37.
22:29:27 INFO  : Connected to target on host '127.0.0.1' and port '3121'.
22:29:27 INFO  : Jtag cable 'Digilent Zed 210248BE0D85' is selected.
22:29:27 INFO  : 'jtag frequency' command is executed.
22:29:27 INFO  : Context for 'APU' is selected.
22:29:27 INFO  : System reset is completed.
22:29:30 INFO  : 'after 3000' command is executed.
22:29:31 INFO  : 'targets -set -filter {jtag_cable_name =~ "Digilent Zed 210248BE0D85" && level==0 && jtag_device_ctx=="jsn-Zed-210248BE0D85-23727093-0"}' command is executed.
22:29:33 INFO  : Device configured successfully with "D:/FMCOMMS4_AD9364_Fifo_Tlast_FFT/Ws/FMCOMMS4_AD9364/_ide/bitstream/system_top.bit"
22:29:33 INFO  : Context for 'APU' is selected.
22:29:33 INFO  : Hardware design and registers information is loaded from 'D:/FMCOMMS4_AD9364_Fifo_Tlast_FFT/Ws/system_top/export/system_top/hw/system_top.xsa'.
22:29:33 INFO  : 'configparams force-mem-access 1' command is executed.
22:29:33 INFO  : Context for 'APU' is selected.
22:29:33 INFO  : Sourcing of 'D:/FMCOMMS4_AD9364_Fifo_Tlast_FFT/Ws/FMCOMMS4_AD9364/_ide/psinit/ps7_init.tcl' is done.
22:29:33 INFO  : 'ps7_init' command is executed.
22:29:33 INFO  : 'ps7_post_config' command is executed.
22:29:33 INFO  : Context for processor 'ps7_cortexa9_0' is selected.
22:29:34 INFO  : The application 'D:/FMCOMMS4_AD9364_Fifo_Tlast_FFT/Ws/FMCOMMS4_AD9364/Debug/FMCOMMS4_AD9364.elf' is downloaded to processor 'ps7_cortexa9_0'.
22:29:34 INFO  : 'configparams force-mem-access 0' command is executed.
22:29:34 INFO  : ----------------XSDB Script----------------
connect -url tcp:127.0.0.1:3121
targets -set -nocase -filter {name =~"APU*"}
rst -system
after 3000
targets -set -filter {jtag_cable_name =~ "Digilent Zed 210248BE0D85" && level==0 && jtag_device_ctx=="jsn-Zed-210248BE0D85-23727093-0"}
fpga -file D:/FMCOMMS4_AD9364_Fifo_Tlast_FFT/Ws/FMCOMMS4_AD9364/_ide/bitstream/system_top.bit
targets -set -nocase -filter {name =~"APU*"}
loadhw -hw D:/FMCOMMS4_AD9364_Fifo_Tlast_FFT/Ws/system_top/export/system_top/hw/system_top.xsa -mem-ranges [list {0x40000000 0xbfffffff}] -regs
configparams force-mem-access 1
targets -set -nocase -filter {name =~"APU*"}
source D:/FMCOMMS4_AD9364_Fifo_Tlast_FFT/Ws/FMCOMMS4_AD9364/_ide/psinit/ps7_init.tcl
ps7_init
ps7_post_config
targets -set -nocase -filter {name =~ "*A9*#0"}
dow D:/FMCOMMS4_AD9364_Fifo_Tlast_FFT/Ws/FMCOMMS4_AD9364/Debug/FMCOMMS4_AD9364.elf
configparams force-mem-access 0
----------------End of Script----------------

22:29:34 INFO  : Context for processor 'ps7_cortexa9_0' is selected.
22:29:34 INFO  : 'con' command is executed.
22:29:34 INFO  : ----------------XSDB Script (After Launch)----------------
targets -set -nocase -filter {name =~ "*A9*#0"}
con
----------------End of Script----------------

22:29:34 INFO  : Launch script is exported to file 'D:\FMCOMMS4_AD9364_Fifo_Tlast_FFT\Ws\FMCOMMS4_AD9364_system\_ide\scripts\debugger_fmcomms4_ad9364-default.tcl'
22:31:18 INFO  : Disconnected from the channel tcfchan#38.
22:31:19 INFO  : Connected to target on host '127.0.0.1' and port '3121'.
22:31:19 INFO  : Jtag cable 'Digilent Zed 210248BE0D85' is selected.
22:31:19 INFO  : 'jtag frequency' command is executed.
22:31:19 INFO  : Context for 'APU' is selected.
22:31:20 INFO  : System reset is completed.
22:31:23 INFO  : 'after 3000' command is executed.
22:31:23 INFO  : 'targets -set -filter {jtag_cable_name =~ "Digilent Zed 210248BE0D85" && level==0 && jtag_device_ctx=="jsn-Zed-210248BE0D85-23727093-0"}' command is executed.
22:31:25 INFO  : Device configured successfully with "D:/FMCOMMS4_AD9364_Fifo_Tlast_FFT/Ws/FMCOMMS4_AD9364/_ide/bitstream/system_top.bit"
22:31:25 INFO  : Context for 'APU' is selected.
22:31:25 INFO  : Hardware design and registers information is loaded from 'D:/FMCOMMS4_AD9364_Fifo_Tlast_FFT/Ws/system_top/export/system_top/hw/system_top.xsa'.
22:31:25 INFO  : 'configparams force-mem-access 1' command is executed.
22:31:25 INFO  : Context for 'APU' is selected.
22:31:25 INFO  : Sourcing of 'D:/FMCOMMS4_AD9364_Fifo_Tlast_FFT/Ws/FMCOMMS4_AD9364/_ide/psinit/ps7_init.tcl' is done.
22:31:25 INFO  : 'ps7_init' command is executed.
22:31:25 INFO  : 'ps7_post_config' command is executed.
22:31:25 INFO  : Context for processor 'ps7_cortexa9_0' is selected.
22:31:26 INFO  : The application 'D:/FMCOMMS4_AD9364_Fifo_Tlast_FFT/Ws/FMCOMMS4_AD9364/Debug/FMCOMMS4_AD9364.elf' is downloaded to processor 'ps7_cortexa9_0'.
22:31:26 INFO  : 'configparams force-mem-access 0' command is executed.
22:31:26 INFO  : ----------------XSDB Script----------------
connect -url tcp:127.0.0.1:3121
targets -set -nocase -filter {name =~"APU*"}
rst -system
after 3000
targets -set -filter {jtag_cable_name =~ "Digilent Zed 210248BE0D85" && level==0 && jtag_device_ctx=="jsn-Zed-210248BE0D85-23727093-0"}
fpga -file D:/FMCOMMS4_AD9364_Fifo_Tlast_FFT/Ws/FMCOMMS4_AD9364/_ide/bitstream/system_top.bit
targets -set -nocase -filter {name =~"APU*"}
loadhw -hw D:/FMCOMMS4_AD9364_Fifo_Tlast_FFT/Ws/system_top/export/system_top/hw/system_top.xsa -mem-ranges [list {0x40000000 0xbfffffff}] -regs
configparams force-mem-access 1
targets -set -nocase -filter {name =~"APU*"}
source D:/FMCOMMS4_AD9364_Fifo_Tlast_FFT/Ws/FMCOMMS4_AD9364/_ide/psinit/ps7_init.tcl
ps7_init
ps7_post_config
targets -set -nocase -filter {name =~ "*A9*#0"}
dow D:/FMCOMMS4_AD9364_Fifo_Tlast_FFT/Ws/FMCOMMS4_AD9364/Debug/FMCOMMS4_AD9364.elf
configparams force-mem-access 0
----------------End of Script----------------

22:31:26 INFO  : Context for processor 'ps7_cortexa9_0' is selected.
22:31:26 INFO  : 'con' command is executed.
22:31:26 INFO  : ----------------XSDB Script (After Launch)----------------
targets -set -nocase -filter {name =~ "*A9*#0"}
con
----------------End of Script----------------

22:31:26 INFO  : Launch script is exported to file 'D:\FMCOMMS4_AD9364_Fifo_Tlast_FFT\Ws\FMCOMMS4_AD9364_system\_ide\scripts\debugger_fmcomms4_ad9364-default.tcl'
22:33:01 INFO  : Checking for BSP changes to sync application flags for project 'FMCOMMS4_AD9364'...
22:33:42 INFO  : Checking for BSP changes to sync application flags for project 'FMCOMMS4_AD9364'...
22:33:49 INFO  : Disconnected from the channel tcfchan#39.
22:33:50 INFO  : Connected to target on host '127.0.0.1' and port '3121'.
22:33:50 INFO  : Jtag cable 'Digilent Zed 210248BE0D85' is selected.
22:33:50 INFO  : 'jtag frequency' command is executed.
22:33:50 INFO  : Context for 'APU' is selected.
22:33:50 INFO  : System reset is completed.
22:33:53 INFO  : 'after 3000' command is executed.
22:33:54 INFO  : 'targets -set -filter {jtag_cable_name =~ "Digilent Zed 210248BE0D85" && level==0 && jtag_device_ctx=="jsn-Zed-210248BE0D85-23727093-0"}' command is executed.
22:33:56 INFO  : Device configured successfully with "D:/FMCOMMS4_AD9364_Fifo_Tlast_FFT/Ws/FMCOMMS4_AD9364/_ide/bitstream/system_top.bit"
22:33:56 INFO  : Context for 'APU' is selected.
22:33:56 INFO  : Hardware design and registers information is loaded from 'D:/FMCOMMS4_AD9364_Fifo_Tlast_FFT/Ws/system_top/export/system_top/hw/system_top.xsa'.
22:33:56 INFO  : 'configparams force-mem-access 1' command is executed.
22:33:56 INFO  : Context for 'APU' is selected.
22:33:56 INFO  : Sourcing of 'D:/FMCOMMS4_AD9364_Fifo_Tlast_FFT/Ws/FMCOMMS4_AD9364/_ide/psinit/ps7_init.tcl' is done.
22:33:56 INFO  : 'ps7_init' command is executed.
22:33:56 INFO  : 'ps7_post_config' command is executed.
22:33:56 INFO  : Context for processor 'ps7_cortexa9_0' is selected.
22:33:57 INFO  : The application 'D:/FMCOMMS4_AD9364_Fifo_Tlast_FFT/Ws/FMCOMMS4_AD9364/Debug/FMCOMMS4_AD9364.elf' is downloaded to processor 'ps7_cortexa9_0'.
22:33:57 INFO  : 'configparams force-mem-access 0' command is executed.
22:33:57 INFO  : ----------------XSDB Script----------------
connect -url tcp:127.0.0.1:3121
targets -set -nocase -filter {name =~"APU*"}
rst -system
after 3000
targets -set -filter {jtag_cable_name =~ "Digilent Zed 210248BE0D85" && level==0 && jtag_device_ctx=="jsn-Zed-210248BE0D85-23727093-0"}
fpga -file D:/FMCOMMS4_AD9364_Fifo_Tlast_FFT/Ws/FMCOMMS4_AD9364/_ide/bitstream/system_top.bit
targets -set -nocase -filter {name =~"APU*"}
loadhw -hw D:/FMCOMMS4_AD9364_Fifo_Tlast_FFT/Ws/system_top/export/system_top/hw/system_top.xsa -mem-ranges [list {0x40000000 0xbfffffff}] -regs
configparams force-mem-access 1
targets -set -nocase -filter {name =~"APU*"}
source D:/FMCOMMS4_AD9364_Fifo_Tlast_FFT/Ws/FMCOMMS4_AD9364/_ide/psinit/ps7_init.tcl
ps7_init
ps7_post_config
targets -set -nocase -filter {name =~ "*A9*#0"}
dow D:/FMCOMMS4_AD9364_Fifo_Tlast_FFT/Ws/FMCOMMS4_AD9364/Debug/FMCOMMS4_AD9364.elf
configparams force-mem-access 0
----------------End of Script----------------

22:33:57 INFO  : Context for processor 'ps7_cortexa9_0' is selected.
22:33:57 INFO  : 'con' command is executed.
22:33:57 INFO  : ----------------XSDB Script (After Launch)----------------
targets -set -nocase -filter {name =~ "*A9*#0"}
con
----------------End of Script----------------

22:33:57 INFO  : Launch script is exported to file 'D:\FMCOMMS4_AD9364_Fifo_Tlast_FFT\Ws\FMCOMMS4_AD9364_system\_ide\scripts\debugger_fmcomms4_ad9364-default.tcl'
22:46:10 INFO  : Checking for BSP changes to sync application flags for project 'FMCOMMS4_AD9364'...
22:46:34 INFO  : Checking for BSP changes to sync application flags for project 'FMCOMMS4_AD9364'...
22:47:18 INFO  : Checking for BSP changes to sync application flags for project 'FMCOMMS4_AD9364'...
22:47:27 INFO  : Disconnected from the channel tcfchan#42.
22:47:28 INFO  : Connected to target on host '127.0.0.1' and port '3121'.
22:47:28 INFO  : Jtag cable 'Digilent Zed 210248BE0D85' is selected.
22:47:28 INFO  : 'jtag frequency' command is executed.
22:47:28 INFO  : Context for 'APU' is selected.
22:47:28 INFO  : System reset is completed.
22:47:31 INFO  : 'after 3000' command is executed.
22:47:32 INFO  : 'targets -set -filter {jtag_cable_name =~ "Digilent Zed 210248BE0D85" && level==0 && jtag_device_ctx=="jsn-Zed-210248BE0D85-23727093-0"}' command is executed.
22:47:34 INFO  : Device configured successfully with "D:/FMCOMMS4_AD9364_Fifo_Tlast_FFT/Ws/FMCOMMS4_AD9364/_ide/bitstream/system_top.bit"
22:47:34 INFO  : Context for 'APU' is selected.
22:47:34 INFO  : Hardware design and registers information is loaded from 'D:/FMCOMMS4_AD9364_Fifo_Tlast_FFT/Ws/system_top/export/system_top/hw/system_top.xsa'.
22:47:34 INFO  : 'configparams force-mem-access 1' command is executed.
22:47:34 INFO  : Context for 'APU' is selected.
22:47:34 INFO  : Sourcing of 'D:/FMCOMMS4_AD9364_Fifo_Tlast_FFT/Ws/FMCOMMS4_AD9364/_ide/psinit/ps7_init.tcl' is done.
22:47:34 INFO  : 'ps7_init' command is executed.
22:47:34 INFO  : 'ps7_post_config' command is executed.
22:47:34 INFO  : Context for processor 'ps7_cortexa9_0' is selected.
22:47:35 INFO  : The application 'D:/FMCOMMS4_AD9364_Fifo_Tlast_FFT/Ws/FMCOMMS4_AD9364/Debug/FMCOMMS4_AD9364.elf' is downloaded to processor 'ps7_cortexa9_0'.
22:47:35 INFO  : 'configparams force-mem-access 0' command is executed.
22:47:35 INFO  : ----------------XSDB Script----------------
connect -url tcp:127.0.0.1:3121
targets -set -nocase -filter {name =~"APU*"}
rst -system
after 3000
targets -set -filter {jtag_cable_name =~ "Digilent Zed 210248BE0D85" && level==0 && jtag_device_ctx=="jsn-Zed-210248BE0D85-23727093-0"}
fpga -file D:/FMCOMMS4_AD9364_Fifo_Tlast_FFT/Ws/FMCOMMS4_AD9364/_ide/bitstream/system_top.bit
targets -set -nocase -filter {name =~"APU*"}
loadhw -hw D:/FMCOMMS4_AD9364_Fifo_Tlast_FFT/Ws/system_top/export/system_top/hw/system_top.xsa -mem-ranges [list {0x40000000 0xbfffffff}] -regs
configparams force-mem-access 1
targets -set -nocase -filter {name =~"APU*"}
source D:/FMCOMMS4_AD9364_Fifo_Tlast_FFT/Ws/FMCOMMS4_AD9364/_ide/psinit/ps7_init.tcl
ps7_init
ps7_post_config
targets -set -nocase -filter {name =~ "*A9*#0"}
dow D:/FMCOMMS4_AD9364_Fifo_Tlast_FFT/Ws/FMCOMMS4_AD9364/Debug/FMCOMMS4_AD9364.elf
configparams force-mem-access 0
----------------End of Script----------------

22:47:35 INFO  : Context for processor 'ps7_cortexa9_0' is selected.
22:47:35 INFO  : 'con' command is executed.
22:47:35 INFO  : ----------------XSDB Script (After Launch)----------------
targets -set -nocase -filter {name =~ "*A9*#0"}
con
----------------End of Script----------------

22:47:35 INFO  : Launch script is exported to file 'D:\FMCOMMS4_AD9364_Fifo_Tlast_FFT\Ws\FMCOMMS4_AD9364_system\_ide\scripts\debugger_fmcomms4_ad9364-default.tcl'
22:48:04 INFO  : Disconnected from the channel tcfchan#46.
22:48:05 INFO  : Connected to target on host '127.0.0.1' and port '3121'.
22:48:05 INFO  : Jtag cable 'Digilent Zed 210248BE0D85' is selected.
22:48:05 INFO  : 'jtag frequency' command is executed.
22:48:05 INFO  : Context for 'APU' is selected.
22:48:05 INFO  : System reset is completed.
22:48:08 INFO  : 'after 3000' command is executed.
22:48:08 INFO  : 'targets -set -filter {jtag_cable_name =~ "Digilent Zed 210248BE0D85" && level==0 && jtag_device_ctx=="jsn-Zed-210248BE0D85-23727093-0"}' command is executed.
22:48:10 INFO  : Device configured successfully with "D:/FMCOMMS4_AD9364_Fifo_Tlast_FFT/Ws/FMCOMMS4_AD9364/_ide/bitstream/system_top.bit"
22:48:10 INFO  : Context for 'APU' is selected.
22:48:10 INFO  : Hardware design and registers information is loaded from 'D:/FMCOMMS4_AD9364_Fifo_Tlast_FFT/Ws/system_top/export/system_top/hw/system_top.xsa'.
22:48:10 INFO  : 'configparams force-mem-access 1' command is executed.
22:48:10 INFO  : Context for 'APU' is selected.
22:48:10 INFO  : Sourcing of 'D:/FMCOMMS4_AD9364_Fifo_Tlast_FFT/Ws/FMCOMMS4_AD9364/_ide/psinit/ps7_init.tcl' is done.
22:48:11 INFO  : 'ps7_init' command is executed.
22:48:11 INFO  : 'ps7_post_config' command is executed.
22:48:11 INFO  : Context for processor 'ps7_cortexa9_0' is selected.
22:48:11 INFO  : The application 'D:/FMCOMMS4_AD9364_Fifo_Tlast_FFT/Ws/FMCOMMS4_AD9364/Debug/FMCOMMS4_AD9364.elf' is downloaded to processor 'ps7_cortexa9_0'.
22:48:11 INFO  : 'configparams force-mem-access 0' command is executed.
22:48:11 INFO  : ----------------XSDB Script----------------
connect -url tcp:127.0.0.1:3121
targets -set -nocase -filter {name =~"APU*"}
rst -system
after 3000
targets -set -filter {jtag_cable_name =~ "Digilent Zed 210248BE0D85" && level==0 && jtag_device_ctx=="jsn-Zed-210248BE0D85-23727093-0"}
fpga -file D:/FMCOMMS4_AD9364_Fifo_Tlast_FFT/Ws/FMCOMMS4_AD9364/_ide/bitstream/system_top.bit
targets -set -nocase -filter {name =~"APU*"}
loadhw -hw D:/FMCOMMS4_AD9364_Fifo_Tlast_FFT/Ws/system_top/export/system_top/hw/system_top.xsa -mem-ranges [list {0x40000000 0xbfffffff}] -regs
configparams force-mem-access 1
targets -set -nocase -filter {name =~"APU*"}
source D:/FMCOMMS4_AD9364_Fifo_Tlast_FFT/Ws/FMCOMMS4_AD9364/_ide/psinit/ps7_init.tcl
ps7_init
ps7_post_config
targets -set -nocase -filter {name =~ "*A9*#0"}
dow D:/FMCOMMS4_AD9364_Fifo_Tlast_FFT/Ws/FMCOMMS4_AD9364/Debug/FMCOMMS4_AD9364.elf
configparams force-mem-access 0
----------------End of Script----------------

22:48:11 INFO  : Context for processor 'ps7_cortexa9_0' is selected.
22:48:11 INFO  : 'con' command is executed.
22:48:11 INFO  : ----------------XSDB Script (After Launch)----------------
targets -set -nocase -filter {name =~ "*A9*#0"}
con
----------------End of Script----------------

22:48:11 INFO  : Launch script is exported to file 'D:\FMCOMMS4_AD9364_Fifo_Tlast_FFT\Ws\FMCOMMS4_AD9364_system\_ide\scripts\debugger_fmcomms4_ad9364-default.tcl'
22:48:32 INFO  : Disconnected from the channel tcfchan#47.
22:48:33 INFO  : Connected to target on host '127.0.0.1' and port '3121'.
22:48:33 INFO  : Jtag cable 'Digilent Zed 210248BE0D85' is selected.
22:48:33 INFO  : 'jtag frequency' command is executed.
22:48:33 INFO  : Context for 'APU' is selected.
22:48:33 INFO  : System reset is completed.
22:48:36 INFO  : 'after 3000' command is executed.
22:48:36 INFO  : 'targets -set -filter {jtag_cable_name =~ "Digilent Zed 210248BE0D85" && level==0 && jtag_device_ctx=="jsn-Zed-210248BE0D85-23727093-0"}' command is executed.
22:48:38 INFO  : Device configured successfully with "D:/FMCOMMS4_AD9364_Fifo_Tlast_FFT/Ws/FMCOMMS4_AD9364/_ide/bitstream/system_top.bit"
22:48:38 INFO  : Context for 'APU' is selected.
22:48:38 INFO  : Hardware design and registers information is loaded from 'D:/FMCOMMS4_AD9364_Fifo_Tlast_FFT/Ws/system_top/export/system_top/hw/system_top.xsa'.
22:48:38 INFO  : 'configparams force-mem-access 1' command is executed.
22:48:38 INFO  : Context for 'APU' is selected.
22:48:38 INFO  : Sourcing of 'D:/FMCOMMS4_AD9364_Fifo_Tlast_FFT/Ws/FMCOMMS4_AD9364/_ide/psinit/ps7_init.tcl' is done.
22:48:39 INFO  : 'ps7_init' command is executed.
22:48:39 INFO  : 'ps7_post_config' command is executed.
22:48:39 INFO  : Context for processor 'ps7_cortexa9_0' is selected.
22:48:39 INFO  : The application 'D:/FMCOMMS4_AD9364_Fifo_Tlast_FFT/Ws/FMCOMMS4_AD9364/Debug/FMCOMMS4_AD9364.elf' is downloaded to processor 'ps7_cortexa9_0'.
22:48:39 INFO  : 'configparams force-mem-access 0' command is executed.
22:48:39 INFO  : ----------------XSDB Script----------------
connect -url tcp:127.0.0.1:3121
targets -set -nocase -filter {name =~"APU*"}
rst -system
after 3000
targets -set -filter {jtag_cable_name =~ "Digilent Zed 210248BE0D85" && level==0 && jtag_device_ctx=="jsn-Zed-210248BE0D85-23727093-0"}
fpga -file D:/FMCOMMS4_AD9364_Fifo_Tlast_FFT/Ws/FMCOMMS4_AD9364/_ide/bitstream/system_top.bit
targets -set -nocase -filter {name =~"APU*"}
loadhw -hw D:/FMCOMMS4_AD9364_Fifo_Tlast_FFT/Ws/system_top/export/system_top/hw/system_top.xsa -mem-ranges [list {0x40000000 0xbfffffff}] -regs
configparams force-mem-access 1
targets -set -nocase -filter {name =~"APU*"}
source D:/FMCOMMS4_AD9364_Fifo_Tlast_FFT/Ws/FMCOMMS4_AD9364/_ide/psinit/ps7_init.tcl
ps7_init
ps7_post_config
targets -set -nocase -filter {name =~ "*A9*#0"}
dow D:/FMCOMMS4_AD9364_Fifo_Tlast_FFT/Ws/FMCOMMS4_AD9364/Debug/FMCOMMS4_AD9364.elf
configparams force-mem-access 0
----------------End of Script----------------

22:48:39 INFO  : Context for processor 'ps7_cortexa9_0' is selected.
22:48:39 INFO  : 'con' command is executed.
22:48:39 INFO  : ----------------XSDB Script (After Launch)----------------
targets -set -nocase -filter {name =~ "*A9*#0"}
con
----------------End of Script----------------

22:48:39 INFO  : Launch script is exported to file 'D:\FMCOMMS4_AD9364_Fifo_Tlast_FFT\Ws\FMCOMMS4_AD9364_system\_ide\scripts\debugger_fmcomms4_ad9364-default.tcl'
22:49:32 INFO  : Disconnected from the channel tcfchan#48.
22:49:33 INFO  : Connected to target on host '127.0.0.1' and port '3121'.
22:49:34 INFO  : Jtag cable 'Digilent Zed 210248BE0D85' is selected.
22:49:34 INFO  : 'jtag frequency' command is executed.
22:49:34 INFO  : Context for 'APU' is selected.
22:49:34 INFO  : System reset is completed.
22:49:37 INFO  : 'after 3000' command is executed.
22:49:37 INFO  : 'targets -set -filter {jtag_cable_name =~ "Digilent Zed 210248BE0D85" && level==0 && jtag_device_ctx=="jsn-Zed-210248BE0D85-23727093-0"}' command is executed.
22:49:39 INFO  : Device configured successfully with "D:/FMCOMMS4_AD9364_Fifo_Tlast_FFT/Ws/FMCOMMS4_AD9364/_ide/bitstream/system_top.bit"
22:49:39 INFO  : Context for 'APU' is selected.
22:49:39 INFO  : Hardware design and registers information is loaded from 'D:/FMCOMMS4_AD9364_Fifo_Tlast_FFT/Ws/system_top/export/system_top/hw/system_top.xsa'.
22:49:39 INFO  : 'configparams force-mem-access 1' command is executed.
22:49:39 INFO  : Context for 'APU' is selected.
22:49:39 INFO  : Sourcing of 'D:/FMCOMMS4_AD9364_Fifo_Tlast_FFT/Ws/FMCOMMS4_AD9364/_ide/psinit/ps7_init.tcl' is done.
22:49:39 INFO  : 'ps7_init' command is executed.
22:49:39 INFO  : 'ps7_post_config' command is executed.
22:49:39 INFO  : Context for processor 'ps7_cortexa9_0' is selected.
22:49:40 INFO  : The application 'D:/FMCOMMS4_AD9364_Fifo_Tlast_FFT/Ws/FMCOMMS4_AD9364/Debug/FMCOMMS4_AD9364.elf' is downloaded to processor 'ps7_cortexa9_0'.
22:49:40 INFO  : 'configparams force-mem-access 0' command is executed.
22:49:40 INFO  : ----------------XSDB Script----------------
connect -url tcp:127.0.0.1:3121
targets -set -nocase -filter {name =~"APU*"}
rst -system
after 3000
targets -set -filter {jtag_cable_name =~ "Digilent Zed 210248BE0D85" && level==0 && jtag_device_ctx=="jsn-Zed-210248BE0D85-23727093-0"}
fpga -file D:/FMCOMMS4_AD9364_Fifo_Tlast_FFT/Ws/FMCOMMS4_AD9364/_ide/bitstream/system_top.bit
targets -set -nocase -filter {name =~"APU*"}
loadhw -hw D:/FMCOMMS4_AD9364_Fifo_Tlast_FFT/Ws/system_top/export/system_top/hw/system_top.xsa -mem-ranges [list {0x40000000 0xbfffffff}] -regs
configparams force-mem-access 1
targets -set -nocase -filter {name =~"APU*"}
source D:/FMCOMMS4_AD9364_Fifo_Tlast_FFT/Ws/FMCOMMS4_AD9364/_ide/psinit/ps7_init.tcl
ps7_init
ps7_post_config
targets -set -nocase -filter {name =~ "*A9*#0"}
dow D:/FMCOMMS4_AD9364_Fifo_Tlast_FFT/Ws/FMCOMMS4_AD9364/Debug/FMCOMMS4_AD9364.elf
configparams force-mem-access 0
----------------End of Script----------------

22:49:40 INFO  : Context for processor 'ps7_cortexa9_0' is selected.
22:49:40 INFO  : 'con' command is executed.
22:49:40 INFO  : ----------------XSDB Script (After Launch)----------------
targets -set -nocase -filter {name =~ "*A9*#0"}
con
----------------End of Script----------------

22:49:40 INFO  : Launch script is exported to file 'D:\FMCOMMS4_AD9364_Fifo_Tlast_FFT\Ws\FMCOMMS4_AD9364_system\_ide\scripts\debugger_fmcomms4_ad9364-default.tcl'
22:50:40 INFO  : Disconnected from the channel tcfchan#49.
22:50:41 INFO  : Connected to target on host '127.0.0.1' and port '3121'.
22:50:41 INFO  : Jtag cable 'Digilent Zed 210248BE0D85' is selected.
22:50:41 INFO  : 'jtag frequency' command is executed.
22:50:41 INFO  : Context for 'APU' is selected.
22:50:41 INFO  : System reset is completed.
22:50:44 INFO  : 'after 3000' command is executed.
22:50:44 INFO  : 'targets -set -filter {jtag_cable_name =~ "Digilent Zed 210248BE0D85" && level==0 && jtag_device_ctx=="jsn-Zed-210248BE0D85-23727093-0"}' command is executed.
22:50:47 INFO  : Device configured successfully with "D:/FMCOMMS4_AD9364_Fifo_Tlast_FFT/Ws/FMCOMMS4_AD9364/_ide/bitstream/system_top.bit"
22:50:47 INFO  : Context for 'APU' is selected.
22:50:47 INFO  : Hardware design and registers information is loaded from 'D:/FMCOMMS4_AD9364_Fifo_Tlast_FFT/Ws/system_top/export/system_top/hw/system_top.xsa'.
22:50:47 INFO  : 'configparams force-mem-access 1' command is executed.
22:50:47 INFO  : Context for 'APU' is selected.
22:50:47 INFO  : Sourcing of 'D:/FMCOMMS4_AD9364_Fifo_Tlast_FFT/Ws/FMCOMMS4_AD9364/_ide/psinit/ps7_init.tcl' is done.
22:50:47 INFO  : 'ps7_init' command is executed.
22:50:47 INFO  : 'ps7_post_config' command is executed.
22:50:47 INFO  : Context for processor 'ps7_cortexa9_0' is selected.
22:50:48 INFO  : The application 'D:/FMCOMMS4_AD9364_Fifo_Tlast_FFT/Ws/FMCOMMS4_AD9364/Debug/FMCOMMS4_AD9364.elf' is downloaded to processor 'ps7_cortexa9_0'.
22:50:48 INFO  : 'configparams force-mem-access 0' command is executed.
22:50:48 INFO  : ----------------XSDB Script----------------
connect -url tcp:127.0.0.1:3121
targets -set -nocase -filter {name =~"APU*"}
rst -system
after 3000
targets -set -filter {jtag_cable_name =~ "Digilent Zed 210248BE0D85" && level==0 && jtag_device_ctx=="jsn-Zed-210248BE0D85-23727093-0"}
fpga -file D:/FMCOMMS4_AD9364_Fifo_Tlast_FFT/Ws/FMCOMMS4_AD9364/_ide/bitstream/system_top.bit
targets -set -nocase -filter {name =~"APU*"}
loadhw -hw D:/FMCOMMS4_AD9364_Fifo_Tlast_FFT/Ws/system_top/export/system_top/hw/system_top.xsa -mem-ranges [list {0x40000000 0xbfffffff}] -regs
configparams force-mem-access 1
targets -set -nocase -filter {name =~"APU*"}
source D:/FMCOMMS4_AD9364_Fifo_Tlast_FFT/Ws/FMCOMMS4_AD9364/_ide/psinit/ps7_init.tcl
ps7_init
ps7_post_config
targets -set -nocase -filter {name =~ "*A9*#0"}
dow D:/FMCOMMS4_AD9364_Fifo_Tlast_FFT/Ws/FMCOMMS4_AD9364/Debug/FMCOMMS4_AD9364.elf
configparams force-mem-access 0
----------------End of Script----------------

22:50:48 INFO  : Context for processor 'ps7_cortexa9_0' is selected.
22:50:48 INFO  : 'con' command is executed.
22:50:48 INFO  : ----------------XSDB Script (After Launch)----------------
targets -set -nocase -filter {name =~ "*A9*#0"}
con
----------------End of Script----------------

22:50:48 INFO  : Launch script is exported to file 'D:\FMCOMMS4_AD9364_Fifo_Tlast_FFT\Ws\FMCOMMS4_AD9364_system\_ide\scripts\debugger_fmcomms4_ad9364-default.tcl'
22:56:08 INFO  : Checking for BSP changes to sync application flags for project 'FMCOMMS4_AD9364'...
22:56:17 INFO  : Checking for BSP changes to sync application flags for project 'FMCOMMS4_AD9364'...
22:56:23 INFO  : Checking for BSP changes to sync application flags for project 'FMCOMMS4_AD9364'...
22:56:33 INFO  : Disconnected from the channel tcfchan#50.
22:56:34 INFO  : Connected to target on host '127.0.0.1' and port '3121'.
22:56:34 INFO  : Jtag cable 'Digilent Zed 210248BE0D85' is selected.
22:56:34 INFO  : 'jtag frequency' command is executed.
22:56:34 INFO  : Context for 'APU' is selected.
22:56:34 INFO  : System reset is completed.
22:56:37 INFO  : 'after 3000' command is executed.
22:56:37 INFO  : 'targets -set -filter {jtag_cable_name =~ "Digilent Zed 210248BE0D85" && level==0 && jtag_device_ctx=="jsn-Zed-210248BE0D85-23727093-0"}' command is executed.
22:56:40 INFO  : Device configured successfully with "D:/FMCOMMS4_AD9364_Fifo_Tlast_FFT/Ws/FMCOMMS4_AD9364/_ide/bitstream/system_top.bit"
22:56:40 INFO  : Context for 'APU' is selected.
22:56:40 INFO  : Hardware design and registers information is loaded from 'D:/FMCOMMS4_AD9364_Fifo_Tlast_FFT/Ws/system_top/export/system_top/hw/system_top.xsa'.
22:56:40 INFO  : 'configparams force-mem-access 1' command is executed.
22:56:40 INFO  : Context for 'APU' is selected.
22:56:40 INFO  : Sourcing of 'D:/FMCOMMS4_AD9364_Fifo_Tlast_FFT/Ws/FMCOMMS4_AD9364/_ide/psinit/ps7_init.tcl' is done.
22:56:40 INFO  : 'ps7_init' command is executed.
22:56:40 INFO  : 'ps7_post_config' command is executed.
22:56:40 INFO  : Context for processor 'ps7_cortexa9_0' is selected.
22:56:41 INFO  : The application 'D:/FMCOMMS4_AD9364_Fifo_Tlast_FFT/Ws/FMCOMMS4_AD9364/Debug/FMCOMMS4_AD9364.elf' is downloaded to processor 'ps7_cortexa9_0'.
22:56:41 INFO  : 'configparams force-mem-access 0' command is executed.
22:56:41 INFO  : ----------------XSDB Script----------------
connect -url tcp:127.0.0.1:3121
targets -set -nocase -filter {name =~"APU*"}
rst -system
after 3000
targets -set -filter {jtag_cable_name =~ "Digilent Zed 210248BE0D85" && level==0 && jtag_device_ctx=="jsn-Zed-210248BE0D85-23727093-0"}
fpga -file D:/FMCOMMS4_AD9364_Fifo_Tlast_FFT/Ws/FMCOMMS4_AD9364/_ide/bitstream/system_top.bit
targets -set -nocase -filter {name =~"APU*"}
loadhw -hw D:/FMCOMMS4_AD9364_Fifo_Tlast_FFT/Ws/system_top/export/system_top/hw/system_top.xsa -mem-ranges [list {0x40000000 0xbfffffff}] -regs
configparams force-mem-access 1
targets -set -nocase -filter {name =~"APU*"}
source D:/FMCOMMS4_AD9364_Fifo_Tlast_FFT/Ws/FMCOMMS4_AD9364/_ide/psinit/ps7_init.tcl
ps7_init
ps7_post_config
targets -set -nocase -filter {name =~ "*A9*#0"}
dow D:/FMCOMMS4_AD9364_Fifo_Tlast_FFT/Ws/FMCOMMS4_AD9364/Debug/FMCOMMS4_AD9364.elf
configparams force-mem-access 0
----------------End of Script----------------

22:56:41 INFO  : Context for processor 'ps7_cortexa9_0' is selected.
22:56:41 INFO  : 'con' command is executed.
22:56:41 INFO  : ----------------XSDB Script (After Launch)----------------
targets -set -nocase -filter {name =~ "*A9*#0"}
con
----------------End of Script----------------

22:56:41 INFO  : Launch script is exported to file 'D:\FMCOMMS4_AD9364_Fifo_Tlast_FFT\Ws\FMCOMMS4_AD9364_system\_ide\scripts\debugger_fmcomms4_ad9364-default.tcl'
23:04:06 INFO  : Disconnected from the channel tcfchan#54.
23:04:07 INFO  : Connected to target on host '127.0.0.1' and port '3121'.
23:04:07 INFO  : Jtag cable 'Digilent Zed 210248BE0D85' is selected.
23:04:07 INFO  : 'jtag frequency' command is executed.
23:04:07 INFO  : Context for 'APU' is selected.
23:04:07 INFO  : System reset is completed.
23:04:10 INFO  : 'after 3000' command is executed.
23:04:10 INFO  : 'targets -set -filter {jtag_cable_name =~ "Digilent Zed 210248BE0D85" && level==0 && jtag_device_ctx=="jsn-Zed-210248BE0D85-23727093-0"}' command is executed.
23:04:13 INFO  : Device configured successfully with "D:/FMCOMMS4_AD9364_Fifo_Tlast_FFT/Ws/FMCOMMS4_AD9364/_ide/bitstream/system_top.bit"
23:04:13 INFO  : Context for 'APU' is selected.
23:04:13 INFO  : Hardware design and registers information is loaded from 'D:/FMCOMMS4_AD9364_Fifo_Tlast_FFT/Ws/system_top/export/system_top/hw/system_top.xsa'.
23:04:13 INFO  : 'configparams force-mem-access 1' command is executed.
23:04:13 INFO  : Context for 'APU' is selected.
23:04:13 INFO  : Sourcing of 'D:/FMCOMMS4_AD9364_Fifo_Tlast_FFT/Ws/FMCOMMS4_AD9364/_ide/psinit/ps7_init.tcl' is done.
23:04:13 INFO  : 'ps7_init' command is executed.
23:04:13 INFO  : 'ps7_post_config' command is executed.
23:04:13 INFO  : Context for processor 'ps7_cortexa9_0' is selected.
23:04:14 INFO  : The application 'D:/FMCOMMS4_AD9364_Fifo_Tlast_FFT/Ws/FMCOMMS4_AD9364/Debug/FMCOMMS4_AD9364.elf' is downloaded to processor 'ps7_cortexa9_0'.
23:04:14 INFO  : 'configparams force-mem-access 0' command is executed.
23:04:14 INFO  : ----------------XSDB Script----------------
connect -url tcp:127.0.0.1:3121
targets -set -nocase -filter {name =~"APU*"}
rst -system
after 3000
targets -set -filter {jtag_cable_name =~ "Digilent Zed 210248BE0D85" && level==0 && jtag_device_ctx=="jsn-Zed-210248BE0D85-23727093-0"}
fpga -file D:/FMCOMMS4_AD9364_Fifo_Tlast_FFT/Ws/FMCOMMS4_AD9364/_ide/bitstream/system_top.bit
targets -set -nocase -filter {name =~"APU*"}
loadhw -hw D:/FMCOMMS4_AD9364_Fifo_Tlast_FFT/Ws/system_top/export/system_top/hw/system_top.xsa -mem-ranges [list {0x40000000 0xbfffffff}] -regs
configparams force-mem-access 1
targets -set -nocase -filter {name =~"APU*"}
source D:/FMCOMMS4_AD9364_Fifo_Tlast_FFT/Ws/FMCOMMS4_AD9364/_ide/psinit/ps7_init.tcl
ps7_init
ps7_post_config
targets -set -nocase -filter {name =~ "*A9*#0"}
dow D:/FMCOMMS4_AD9364_Fifo_Tlast_FFT/Ws/FMCOMMS4_AD9364/Debug/FMCOMMS4_AD9364.elf
configparams force-mem-access 0
----------------End of Script----------------

23:04:14 INFO  : Context for processor 'ps7_cortexa9_0' is selected.
23:04:14 INFO  : 'con' command is executed.
23:04:14 INFO  : ----------------XSDB Script (After Launch)----------------
targets -set -nocase -filter {name =~ "*A9*#0"}
con
----------------End of Script----------------

23:04:14 INFO  : Launch script is exported to file 'D:\FMCOMMS4_AD9364_Fifo_Tlast_FFT\Ws\FMCOMMS4_AD9364_system\_ide\scripts\debugger_fmcomms4_ad9364-default.tcl'
23:04:18 INFO  : Disconnected from the channel tcfchan#55.
23:04:19 INFO  : Connected to target on host '127.0.0.1' and port '3121'.
23:04:19 INFO  : Jtag cable 'Digilent Zed 210248BE0D85' is selected.
23:04:19 INFO  : 'jtag frequency' command is executed.
23:04:19 INFO  : Context for 'APU' is selected.
23:04:19 INFO  : System reset is completed.
23:04:22 INFO  : 'after 3000' command is executed.
23:04:22 INFO  : 'targets -set -filter {jtag_cable_name =~ "Digilent Zed 210248BE0D85" && level==0 && jtag_device_ctx=="jsn-Zed-210248BE0D85-23727093-0"}' command is executed.
23:04:25 INFO  : Device configured successfully with "D:/FMCOMMS4_AD9364_Fifo_Tlast_FFT/Ws/FMCOMMS4_AD9364/_ide/bitstream/system_top.bit"
23:04:25 INFO  : Context for 'APU' is selected.
23:04:25 INFO  : Hardware design and registers information is loaded from 'D:/FMCOMMS4_AD9364_Fifo_Tlast_FFT/Ws/system_top/export/system_top/hw/system_top.xsa'.
23:04:25 INFO  : 'configparams force-mem-access 1' command is executed.
23:04:25 INFO  : Context for 'APU' is selected.
23:04:25 INFO  : Sourcing of 'D:/FMCOMMS4_AD9364_Fifo_Tlast_FFT/Ws/FMCOMMS4_AD9364/_ide/psinit/ps7_init.tcl' is done.
23:04:25 INFO  : 'ps7_init' command is executed.
23:04:25 INFO  : 'ps7_post_config' command is executed.
23:04:25 INFO  : Context for processor 'ps7_cortexa9_0' is selected.
23:04:26 INFO  : The application 'D:/FMCOMMS4_AD9364_Fifo_Tlast_FFT/Ws/FMCOMMS4_AD9364/Debug/FMCOMMS4_AD9364.elf' is downloaded to processor 'ps7_cortexa9_0'.
23:04:26 INFO  : 'configparams force-mem-access 0' command is executed.
23:04:26 INFO  : ----------------XSDB Script----------------
connect -url tcp:127.0.0.1:3121
targets -set -nocase -filter {name =~"APU*"}
rst -system
after 3000
targets -set -filter {jtag_cable_name =~ "Digilent Zed 210248BE0D85" && level==0 && jtag_device_ctx=="jsn-Zed-210248BE0D85-23727093-0"}
fpga -file D:/FMCOMMS4_AD9364_Fifo_Tlast_FFT/Ws/FMCOMMS4_AD9364/_ide/bitstream/system_top.bit
targets -set -nocase -filter {name =~"APU*"}
loadhw -hw D:/FMCOMMS4_AD9364_Fifo_Tlast_FFT/Ws/system_top/export/system_top/hw/system_top.xsa -mem-ranges [list {0x40000000 0xbfffffff}] -regs
configparams force-mem-access 1
targets -set -nocase -filter {name =~"APU*"}
source D:/FMCOMMS4_AD9364_Fifo_Tlast_FFT/Ws/FMCOMMS4_AD9364/_ide/psinit/ps7_init.tcl
ps7_init
ps7_post_config
targets -set -nocase -filter {name =~ "*A9*#0"}
dow D:/FMCOMMS4_AD9364_Fifo_Tlast_FFT/Ws/FMCOMMS4_AD9364/Debug/FMCOMMS4_AD9364.elf
configparams force-mem-access 0
----------------End of Script----------------

23:04:26 INFO  : Context for processor 'ps7_cortexa9_0' is selected.
23:04:26 INFO  : 'con' command is executed.
23:04:26 INFO  : ----------------XSDB Script (After Launch)----------------
targets -set -nocase -filter {name =~ "*A9*#0"}
con
----------------End of Script----------------

23:04:26 INFO  : Launch script is exported to file 'D:\FMCOMMS4_AD9364_Fifo_Tlast_FFT\Ws\FMCOMMS4_AD9364_system\_ide\scripts\debugger_fmcomms4_ad9364-default.tcl'
23:05:37 INFO  : Checking for BSP changes to sync application flags for project 'FMCOMMS4_AD9364'...
23:05:47 INFO  : Checking for BSP changes to sync application flags for project 'FMCOMMS4_AD9364'...
23:06:02 INFO  : Disconnected from the channel tcfchan#56.
23:06:03 INFO  : Connected to target on host '127.0.0.1' and port '3121'.
23:06:03 INFO  : Jtag cable 'Digilent Zed 210248BE0D85' is selected.
23:06:03 INFO  : 'jtag frequency' command is executed.
23:06:03 INFO  : Context for 'APU' is selected.
23:06:04 INFO  : System reset is completed.
23:06:07 INFO  : 'after 3000' command is executed.
23:06:07 INFO  : 'targets -set -filter {jtag_cable_name =~ "Digilent Zed 210248BE0D85" && level==0 && jtag_device_ctx=="jsn-Zed-210248BE0D85-23727093-0"}' command is executed.
23:06:09 INFO  : Device configured successfully with "D:/FMCOMMS4_AD9364_Fifo_Tlast_FFT/Ws/FMCOMMS4_AD9364/_ide/bitstream/system_top.bit"
23:06:09 INFO  : Context for 'APU' is selected.
23:06:09 INFO  : Hardware design and registers information is loaded from 'D:/FMCOMMS4_AD9364_Fifo_Tlast_FFT/Ws/system_top/export/system_top/hw/system_top.xsa'.
23:06:09 INFO  : 'configparams force-mem-access 1' command is executed.
23:06:09 INFO  : Context for 'APU' is selected.
23:06:09 INFO  : Sourcing of 'D:/FMCOMMS4_AD9364_Fifo_Tlast_FFT/Ws/FMCOMMS4_AD9364/_ide/psinit/ps7_init.tcl' is done.
23:06:09 INFO  : 'ps7_init' command is executed.
23:06:09 INFO  : 'ps7_post_config' command is executed.
23:06:09 INFO  : Context for processor 'ps7_cortexa9_0' is selected.
23:06:10 INFO  : The application 'D:/FMCOMMS4_AD9364_Fifo_Tlast_FFT/Ws/FMCOMMS4_AD9364/Debug/FMCOMMS4_AD9364.elf' is downloaded to processor 'ps7_cortexa9_0'.
23:06:10 INFO  : 'configparams force-mem-access 0' command is executed.
23:06:10 INFO  : ----------------XSDB Script----------------
connect -url tcp:127.0.0.1:3121
targets -set -nocase -filter {name =~"APU*"}
rst -system
after 3000
targets -set -filter {jtag_cable_name =~ "Digilent Zed 210248BE0D85" && level==0 && jtag_device_ctx=="jsn-Zed-210248BE0D85-23727093-0"}
fpga -file D:/FMCOMMS4_AD9364_Fifo_Tlast_FFT/Ws/FMCOMMS4_AD9364/_ide/bitstream/system_top.bit
targets -set -nocase -filter {name =~"APU*"}
loadhw -hw D:/FMCOMMS4_AD9364_Fifo_Tlast_FFT/Ws/system_top/export/system_top/hw/system_top.xsa -mem-ranges [list {0x40000000 0xbfffffff}] -regs
configparams force-mem-access 1
targets -set -nocase -filter {name =~"APU*"}
source D:/FMCOMMS4_AD9364_Fifo_Tlast_FFT/Ws/FMCOMMS4_AD9364/_ide/psinit/ps7_init.tcl
ps7_init
ps7_post_config
targets -set -nocase -filter {name =~ "*A9*#0"}
dow D:/FMCOMMS4_AD9364_Fifo_Tlast_FFT/Ws/FMCOMMS4_AD9364/Debug/FMCOMMS4_AD9364.elf
configparams force-mem-access 0
----------------End of Script----------------

23:06:10 INFO  : Context for processor 'ps7_cortexa9_0' is selected.
23:06:10 INFO  : 'con' command is executed.
23:06:10 INFO  : ----------------XSDB Script (After Launch)----------------
targets -set -nocase -filter {name =~ "*A9*#0"}
con
----------------End of Script----------------

23:06:10 INFO  : Launch script is exported to file 'D:\FMCOMMS4_AD9364_Fifo_Tlast_FFT\Ws\FMCOMMS4_AD9364_system\_ide\scripts\debugger_fmcomms4_ad9364-default.tcl'
23:06:49 INFO  : Checking for BSP changes to sync application flags for project 'FMCOMMS4_AD9364'...
23:06:58 INFO  : Checking for BSP changes to sync application flags for project 'FMCOMMS4_AD9364'...
23:07:07 INFO  : Disconnected from the channel tcfchan#59.
23:07:08 INFO  : Connected to target on host '127.0.0.1' and port '3121'.
23:07:08 INFO  : Jtag cable 'Digilent Zed 210248BE0D85' is selected.
23:07:08 INFO  : 'jtag frequency' command is executed.
23:07:08 INFO  : Context for 'APU' is selected.
23:07:08 INFO  : System reset is completed.
23:07:11 INFO  : 'after 3000' command is executed.
23:07:11 INFO  : 'targets -set -filter {jtag_cable_name =~ "Digilent Zed 210248BE0D85" && level==0 && jtag_device_ctx=="jsn-Zed-210248BE0D85-23727093-0"}' command is executed.
23:07:13 INFO  : Device configured successfully with "D:/FMCOMMS4_AD9364_Fifo_Tlast_FFT/Ws/FMCOMMS4_AD9364/_ide/bitstream/system_top.bit"
23:07:13 INFO  : Context for 'APU' is selected.
23:07:13 INFO  : Hardware design and registers information is loaded from 'D:/FMCOMMS4_AD9364_Fifo_Tlast_FFT/Ws/system_top/export/system_top/hw/system_top.xsa'.
23:07:13 INFO  : 'configparams force-mem-access 1' command is executed.
23:07:13 INFO  : Context for 'APU' is selected.
23:07:13 INFO  : Sourcing of 'D:/FMCOMMS4_AD9364_Fifo_Tlast_FFT/Ws/FMCOMMS4_AD9364/_ide/psinit/ps7_init.tcl' is done.
23:07:14 INFO  : 'ps7_init' command is executed.
23:07:14 INFO  : 'ps7_post_config' command is executed.
23:07:14 INFO  : Context for processor 'ps7_cortexa9_0' is selected.
23:07:14 INFO  : The application 'D:/FMCOMMS4_AD9364_Fifo_Tlast_FFT/Ws/FMCOMMS4_AD9364/Debug/FMCOMMS4_AD9364.elf' is downloaded to processor 'ps7_cortexa9_0'.
23:07:14 INFO  : 'configparams force-mem-access 0' command is executed.
23:07:14 INFO  : ----------------XSDB Script----------------
connect -url tcp:127.0.0.1:3121
targets -set -nocase -filter {name =~"APU*"}
rst -system
after 3000
targets -set -filter {jtag_cable_name =~ "Digilent Zed 210248BE0D85" && level==0 && jtag_device_ctx=="jsn-Zed-210248BE0D85-23727093-0"}
fpga -file D:/FMCOMMS4_AD9364_Fifo_Tlast_FFT/Ws/FMCOMMS4_AD9364/_ide/bitstream/system_top.bit
targets -set -nocase -filter {name =~"APU*"}
loadhw -hw D:/FMCOMMS4_AD9364_Fifo_Tlast_FFT/Ws/system_top/export/system_top/hw/system_top.xsa -mem-ranges [list {0x40000000 0xbfffffff}] -regs
configparams force-mem-access 1
targets -set -nocase -filter {name =~"APU*"}
source D:/FMCOMMS4_AD9364_Fifo_Tlast_FFT/Ws/FMCOMMS4_AD9364/_ide/psinit/ps7_init.tcl
ps7_init
ps7_post_config
targets -set -nocase -filter {name =~ "*A9*#0"}
dow D:/FMCOMMS4_AD9364_Fifo_Tlast_FFT/Ws/FMCOMMS4_AD9364/Debug/FMCOMMS4_AD9364.elf
configparams force-mem-access 0
----------------End of Script----------------

23:07:15 INFO  : Context for processor 'ps7_cortexa9_0' is selected.
23:07:15 INFO  : 'con' command is executed.
23:07:15 INFO  : ----------------XSDB Script (After Launch)----------------
targets -set -nocase -filter {name =~ "*A9*#0"}
con
----------------End of Script----------------

23:07:15 INFO  : Launch script is exported to file 'D:\FMCOMMS4_AD9364_Fifo_Tlast_FFT\Ws\FMCOMMS4_AD9364_system\_ide\scripts\debugger_fmcomms4_ad9364-default.tcl'
23:09:10 INFO  : Checking for BSP changes to sync application flags for project 'FMCOMMS4_AD9364'...
23:09:18 INFO  : Checking for BSP changes to sync application flags for project 'FMCOMMS4_AD9364'...
23:09:29 INFO  : Disconnected from the channel tcfchan#62.
23:09:30 INFO  : Connected to target on host '127.0.0.1' and port '3121'.
23:09:30 INFO  : Jtag cable 'Digilent Zed 210248BE0D85' is selected.
23:09:30 INFO  : 'jtag frequency' command is executed.
23:09:30 INFO  : Context for 'APU' is selected.
23:09:30 INFO  : System reset is completed.
23:09:33 INFO  : 'after 3000' command is executed.
23:09:33 INFO  : 'targets -set -filter {jtag_cable_name =~ "Digilent Zed 210248BE0D85" && level==0 && jtag_device_ctx=="jsn-Zed-210248BE0D85-23727093-0"}' command is executed.
23:09:35 INFO  : Device configured successfully with "D:/FMCOMMS4_AD9364_Fifo_Tlast_FFT/Ws/FMCOMMS4_AD9364/_ide/bitstream/system_top.bit"
23:09:36 INFO  : Context for 'APU' is selected.
23:09:36 INFO  : Hardware design and registers information is loaded from 'D:/FMCOMMS4_AD9364_Fifo_Tlast_FFT/Ws/system_top/export/system_top/hw/system_top.xsa'.
23:09:36 INFO  : 'configparams force-mem-access 1' command is executed.
23:09:36 INFO  : Context for 'APU' is selected.
23:09:36 INFO  : Sourcing of 'D:/FMCOMMS4_AD9364_Fifo_Tlast_FFT/Ws/FMCOMMS4_AD9364/_ide/psinit/ps7_init.tcl' is done.
23:09:36 INFO  : 'ps7_init' command is executed.
23:09:36 INFO  : 'ps7_post_config' command is executed.
23:09:36 INFO  : Context for processor 'ps7_cortexa9_0' is selected.
23:09:36 INFO  : The application 'D:/FMCOMMS4_AD9364_Fifo_Tlast_FFT/Ws/FMCOMMS4_AD9364/Debug/FMCOMMS4_AD9364.elf' is downloaded to processor 'ps7_cortexa9_0'.
23:09:36 INFO  : 'configparams force-mem-access 0' command is executed.
23:09:36 INFO  : ----------------XSDB Script----------------
connect -url tcp:127.0.0.1:3121
targets -set -nocase -filter {name =~"APU*"}
rst -system
after 3000
targets -set -filter {jtag_cable_name =~ "Digilent Zed 210248BE0D85" && level==0 && jtag_device_ctx=="jsn-Zed-210248BE0D85-23727093-0"}
fpga -file D:/FMCOMMS4_AD9364_Fifo_Tlast_FFT/Ws/FMCOMMS4_AD9364/_ide/bitstream/system_top.bit
targets -set -nocase -filter {name =~"APU*"}
loadhw -hw D:/FMCOMMS4_AD9364_Fifo_Tlast_FFT/Ws/system_top/export/system_top/hw/system_top.xsa -mem-ranges [list {0x40000000 0xbfffffff}] -regs
configparams force-mem-access 1
targets -set -nocase -filter {name =~"APU*"}
source D:/FMCOMMS4_AD9364_Fifo_Tlast_FFT/Ws/FMCOMMS4_AD9364/_ide/psinit/ps7_init.tcl
ps7_init
ps7_post_config
targets -set -nocase -filter {name =~ "*A9*#0"}
dow D:/FMCOMMS4_AD9364_Fifo_Tlast_FFT/Ws/FMCOMMS4_AD9364/Debug/FMCOMMS4_AD9364.elf
configparams force-mem-access 0
----------------End of Script----------------

23:09:37 INFO  : Context for processor 'ps7_cortexa9_0' is selected.
23:09:37 INFO  : 'con' command is executed.
23:09:37 INFO  : ----------------XSDB Script (After Launch)----------------
targets -set -nocase -filter {name =~ "*A9*#0"}
con
----------------End of Script----------------

23:09:37 INFO  : Launch script is exported to file 'D:\FMCOMMS4_AD9364_Fifo_Tlast_FFT\Ws\FMCOMMS4_AD9364_system\_ide\scripts\debugger_fmcomms4_ad9364-default.tcl'
23:12:29 INFO  : Checking for BSP changes to sync application flags for project 'FMCOMMS4_AD9364'...
23:12:59 INFO  : Checking for BSP changes to sync application flags for project 'FMCOMMS4_AD9364'...
23:14:40 INFO  : Checking for BSP changes to sync application flags for project 'FMCOMMS4_AD9364'...
23:14:55 INFO  : Checking for BSP changes to sync application flags for project 'FMCOMMS4_AD9364'...
23:15:03 INFO  : Checking for BSP changes to sync application flags for project 'FMCOMMS4_AD9364'...
23:15:09 INFO  : Disconnected from the channel tcfchan#65.
23:15:10 INFO  : Connected to target on host '127.0.0.1' and port '3121'.
23:15:11 INFO  : Jtag cable 'Digilent Zed 210248BE0D85' is selected.
23:15:11 INFO  : 'jtag frequency' command is executed.
23:15:11 INFO  : Context for 'APU' is selected.
23:15:11 INFO  : System reset is completed.
23:15:14 INFO  : 'after 3000' command is executed.
23:15:14 INFO  : 'targets -set -filter {jtag_cable_name =~ "Digilent Zed 210248BE0D85" && level==0 && jtag_device_ctx=="jsn-Zed-210248BE0D85-23727093-0"}' command is executed.
23:15:16 INFO  : Device configured successfully with "D:/FMCOMMS4_AD9364_Fifo_Tlast_FFT/Ws/FMCOMMS4_AD9364/_ide/bitstream/system_top.bit"
23:15:16 INFO  : Context for 'APU' is selected.
23:15:16 INFO  : Hardware design and registers information is loaded from 'D:/FMCOMMS4_AD9364_Fifo_Tlast_FFT/Ws/system_top/export/system_top/hw/system_top.xsa'.
23:15:16 INFO  : 'configparams force-mem-access 1' command is executed.
23:15:16 INFO  : Context for 'APU' is selected.
23:15:16 INFO  : Sourcing of 'D:/FMCOMMS4_AD9364_Fifo_Tlast_FFT/Ws/FMCOMMS4_AD9364/_ide/psinit/ps7_init.tcl' is done.
23:15:16 INFO  : 'ps7_init' command is executed.
23:15:16 INFO  : 'ps7_post_config' command is executed.
23:15:16 INFO  : Context for processor 'ps7_cortexa9_0' is selected.
23:15:17 INFO  : The application 'D:/FMCOMMS4_AD9364_Fifo_Tlast_FFT/Ws/FMCOMMS4_AD9364/Debug/FMCOMMS4_AD9364.elf' is downloaded to processor 'ps7_cortexa9_0'.
23:15:17 INFO  : 'configparams force-mem-access 0' command is executed.
23:15:17 INFO  : ----------------XSDB Script----------------
connect -url tcp:127.0.0.1:3121
targets -set -nocase -filter {name =~"APU*"}
rst -system
after 3000
targets -set -filter {jtag_cable_name =~ "Digilent Zed 210248BE0D85" && level==0 && jtag_device_ctx=="jsn-Zed-210248BE0D85-23727093-0"}
fpga -file D:/FMCOMMS4_AD9364_Fifo_Tlast_FFT/Ws/FMCOMMS4_AD9364/_ide/bitstream/system_top.bit
targets -set -nocase -filter {name =~"APU*"}
loadhw -hw D:/FMCOMMS4_AD9364_Fifo_Tlast_FFT/Ws/system_top/export/system_top/hw/system_top.xsa -mem-ranges [list {0x40000000 0xbfffffff}] -regs
configparams force-mem-access 1
targets -set -nocase -filter {name =~"APU*"}
source D:/FMCOMMS4_AD9364_Fifo_Tlast_FFT/Ws/FMCOMMS4_AD9364/_ide/psinit/ps7_init.tcl
ps7_init
ps7_post_config
targets -set -nocase -filter {name =~ "*A9*#0"}
dow D:/FMCOMMS4_AD9364_Fifo_Tlast_FFT/Ws/FMCOMMS4_AD9364/Debug/FMCOMMS4_AD9364.elf
configparams force-mem-access 0
----------------End of Script----------------

23:15:17 INFO  : Context for processor 'ps7_cortexa9_0' is selected.
23:15:17 INFO  : 'con' command is executed.
23:15:17 INFO  : ----------------XSDB Script (After Launch)----------------
targets -set -nocase -filter {name =~ "*A9*#0"}
con
----------------End of Script----------------

23:15:17 INFO  : Launch script is exported to file 'D:\FMCOMMS4_AD9364_Fifo_Tlast_FFT\Ws\FMCOMMS4_AD9364_system\_ide\scripts\debugger_fmcomms4_ad9364-default.tcl'
23:15:38 INFO  : Checking for BSP changes to sync application flags for project 'FMCOMMS4_AD9364'...
23:18:14 INFO  : Checking for BSP changes to sync application flags for project 'FMCOMMS4_AD9364'...
23:18:22 INFO  : Checking for BSP changes to sync application flags for project 'FMCOMMS4_AD9364'...
23:18:31 INFO  : Disconnected from the channel tcfchan#68.
23:18:32 INFO  : Connected to target on host '127.0.0.1' and port '3121'.
23:18:33 INFO  : Jtag cable 'Digilent Zed 210248BE0D85' is selected.
23:18:33 INFO  : 'jtag frequency' command is executed.
23:18:33 INFO  : Context for 'APU' is selected.
23:18:33 INFO  : System reset is completed.
23:18:36 INFO  : 'after 3000' command is executed.
23:18:36 INFO  : 'targets -set -filter {jtag_cable_name =~ "Digilent Zed 210248BE0D85" && level==0 && jtag_device_ctx=="jsn-Zed-210248BE0D85-23727093-0"}' command is executed.
23:18:38 INFO  : Device configured successfully with "D:/FMCOMMS4_AD9364_Fifo_Tlast_FFT/Ws/FMCOMMS4_AD9364/_ide/bitstream/system_top.bit"
23:18:38 INFO  : Context for 'APU' is selected.
23:18:38 INFO  : Hardware design and registers information is loaded from 'D:/FMCOMMS4_AD9364_Fifo_Tlast_FFT/Ws/system_top/export/system_top/hw/system_top.xsa'.
23:18:38 INFO  : 'configparams force-mem-access 1' command is executed.
23:18:38 INFO  : Context for 'APU' is selected.
23:18:38 INFO  : Sourcing of 'D:/FMCOMMS4_AD9364_Fifo_Tlast_FFT/Ws/FMCOMMS4_AD9364/_ide/psinit/ps7_init.tcl' is done.
23:18:38 INFO  : 'ps7_init' command is executed.
23:18:38 INFO  : 'ps7_post_config' command is executed.
23:18:38 INFO  : Context for processor 'ps7_cortexa9_0' is selected.
23:18:39 INFO  : The application 'D:/FMCOMMS4_AD9364_Fifo_Tlast_FFT/Ws/FMCOMMS4_AD9364/Debug/FMCOMMS4_AD9364.elf' is downloaded to processor 'ps7_cortexa9_0'.
23:18:39 INFO  : 'configparams force-mem-access 0' command is executed.
23:18:39 INFO  : ----------------XSDB Script----------------
connect -url tcp:127.0.0.1:3121
targets -set -nocase -filter {name =~"APU*"}
rst -system
after 3000
targets -set -filter {jtag_cable_name =~ "Digilent Zed 210248BE0D85" && level==0 && jtag_device_ctx=="jsn-Zed-210248BE0D85-23727093-0"}
fpga -file D:/FMCOMMS4_AD9364_Fifo_Tlast_FFT/Ws/FMCOMMS4_AD9364/_ide/bitstream/system_top.bit
targets -set -nocase -filter {name =~"APU*"}
loadhw -hw D:/FMCOMMS4_AD9364_Fifo_Tlast_FFT/Ws/system_top/export/system_top/hw/system_top.xsa -mem-ranges [list {0x40000000 0xbfffffff}] -regs
configparams force-mem-access 1
targets -set -nocase -filter {name =~"APU*"}
source D:/FMCOMMS4_AD9364_Fifo_Tlast_FFT/Ws/FMCOMMS4_AD9364/_ide/psinit/ps7_init.tcl
ps7_init
ps7_post_config
targets -set -nocase -filter {name =~ "*A9*#0"}
dow D:/FMCOMMS4_AD9364_Fifo_Tlast_FFT/Ws/FMCOMMS4_AD9364/Debug/FMCOMMS4_AD9364.elf
configparams force-mem-access 0
----------------End of Script----------------

23:18:39 INFO  : Context for processor 'ps7_cortexa9_0' is selected.
23:18:39 INFO  : 'con' command is executed.
23:18:39 INFO  : ----------------XSDB Script (After Launch)----------------
targets -set -nocase -filter {name =~ "*A9*#0"}
con
----------------End of Script----------------

23:18:39 INFO  : Launch script is exported to file 'D:\FMCOMMS4_AD9364_Fifo_Tlast_FFT\Ws\FMCOMMS4_AD9364_system\_ide\scripts\debugger_fmcomms4_ad9364-default.tcl'
23:19:01 INFO  : Checking for BSP changes to sync application flags for project 'FMCOMMS4_AD9364'...
23:19:06 INFO  : Checking for BSP changes to sync application flags for project 'FMCOMMS4_AD9364'...
23:19:16 INFO  : Disconnected from the channel tcfchan#72.
23:19:17 INFO  : Connected to target on host '127.0.0.1' and port '3121'.
23:19:17 INFO  : Jtag cable 'Digilent Zed 210248BE0D85' is selected.
23:19:17 INFO  : 'jtag frequency' command is executed.
23:19:17 INFO  : Context for 'APU' is selected.
23:19:17 INFO  : System reset is completed.
23:19:20 INFO  : 'after 3000' command is executed.
23:19:20 INFO  : 'targets -set -filter {jtag_cable_name =~ "Digilent Zed 210248BE0D85" && level==0 && jtag_device_ctx=="jsn-Zed-210248BE0D85-23727093-0"}' command is executed.
23:19:23 INFO  : Device configured successfully with "D:/FMCOMMS4_AD9364_Fifo_Tlast_FFT/Ws/FMCOMMS4_AD9364/_ide/bitstream/system_top.bit"
23:19:23 INFO  : Context for 'APU' is selected.
23:19:23 INFO  : Hardware design and registers information is loaded from 'D:/FMCOMMS4_AD9364_Fifo_Tlast_FFT/Ws/system_top/export/system_top/hw/system_top.xsa'.
23:19:23 INFO  : 'configparams force-mem-access 1' command is executed.
23:19:23 INFO  : Context for 'APU' is selected.
23:19:23 INFO  : Sourcing of 'D:/FMCOMMS4_AD9364_Fifo_Tlast_FFT/Ws/FMCOMMS4_AD9364/_ide/psinit/ps7_init.tcl' is done.
23:19:23 INFO  : 'ps7_init' command is executed.
23:19:23 INFO  : 'ps7_post_config' command is executed.
23:19:23 INFO  : Context for processor 'ps7_cortexa9_0' is selected.
23:19:24 INFO  : The application 'D:/FMCOMMS4_AD9364_Fifo_Tlast_FFT/Ws/FMCOMMS4_AD9364/Debug/FMCOMMS4_AD9364.elf' is downloaded to processor 'ps7_cortexa9_0'.
23:19:24 INFO  : 'configparams force-mem-access 0' command is executed.
23:19:24 INFO  : ----------------XSDB Script----------------
connect -url tcp:127.0.0.1:3121
targets -set -nocase -filter {name =~"APU*"}
rst -system
after 3000
targets -set -filter {jtag_cable_name =~ "Digilent Zed 210248BE0D85" && level==0 && jtag_device_ctx=="jsn-Zed-210248BE0D85-23727093-0"}
fpga -file D:/FMCOMMS4_AD9364_Fifo_Tlast_FFT/Ws/FMCOMMS4_AD9364/_ide/bitstream/system_top.bit
targets -set -nocase -filter {name =~"APU*"}
loadhw -hw D:/FMCOMMS4_AD9364_Fifo_Tlast_FFT/Ws/system_top/export/system_top/hw/system_top.xsa -mem-ranges [list {0x40000000 0xbfffffff}] -regs
configparams force-mem-access 1
targets -set -nocase -filter {name =~"APU*"}
source D:/FMCOMMS4_AD9364_Fifo_Tlast_FFT/Ws/FMCOMMS4_AD9364/_ide/psinit/ps7_init.tcl
ps7_init
ps7_post_config
targets -set -nocase -filter {name =~ "*A9*#0"}
dow D:/FMCOMMS4_AD9364_Fifo_Tlast_FFT/Ws/FMCOMMS4_AD9364/Debug/FMCOMMS4_AD9364.elf
configparams force-mem-access 0
----------------End of Script----------------

23:19:24 INFO  : Context for processor 'ps7_cortexa9_0' is selected.
23:19:24 INFO  : 'con' command is executed.
23:19:24 INFO  : ----------------XSDB Script (After Launch)----------------
targets -set -nocase -filter {name =~ "*A9*#0"}
con
----------------End of Script----------------

23:19:24 INFO  : Launch script is exported to file 'D:\FMCOMMS4_AD9364_Fifo_Tlast_FFT\Ws\FMCOMMS4_AD9364_system\_ide\scripts\debugger_fmcomms4_ad9364-default.tcl'
23:20:02 INFO  : Checking for BSP changes to sync application flags for project 'FMCOMMS4_AD9364'...
23:20:22 INFO  : Checking for BSP changes to sync application flags for project 'FMCOMMS4_AD9364'...
23:20:29 INFO  : Checking for BSP changes to sync application flags for project 'FMCOMMS4_AD9364'...
23:20:42 INFO  : Disconnected from the channel tcfchan#75.
23:20:43 INFO  : Connected to target on host '127.0.0.1' and port '3121'.
23:20:43 INFO  : Jtag cable 'Digilent Zed 210248BE0D85' is selected.
23:20:43 INFO  : 'jtag frequency' command is executed.
23:20:43 INFO  : Context for 'APU' is selected.
23:20:43 INFO  : System reset is completed.
23:20:46 INFO  : 'after 3000' command is executed.
23:20:46 INFO  : 'targets -set -filter {jtag_cable_name =~ "Digilent Zed 210248BE0D85" && level==0 && jtag_device_ctx=="jsn-Zed-210248BE0D85-23727093-0"}' command is executed.
23:20:48 INFO  : Device configured successfully with "D:/FMCOMMS4_AD9364_Fifo_Tlast_FFT/Ws/FMCOMMS4_AD9364/_ide/bitstream/system_top.bit"
23:20:48 INFO  : Context for 'APU' is selected.
23:20:48 INFO  : Hardware design and registers information is loaded from 'D:/FMCOMMS4_AD9364_Fifo_Tlast_FFT/Ws/system_top/export/system_top/hw/system_top.xsa'.
23:20:48 INFO  : 'configparams force-mem-access 1' command is executed.
23:20:48 INFO  : Context for 'APU' is selected.
23:20:48 INFO  : Sourcing of 'D:/FMCOMMS4_AD9364_Fifo_Tlast_FFT/Ws/FMCOMMS4_AD9364/_ide/psinit/ps7_init.tcl' is done.
23:20:49 INFO  : 'ps7_init' command is executed.
23:20:49 INFO  : 'ps7_post_config' command is executed.
23:20:49 INFO  : Context for processor 'ps7_cortexa9_0' is selected.
23:20:49 INFO  : The application 'D:/FMCOMMS4_AD9364_Fifo_Tlast_FFT/Ws/FMCOMMS4_AD9364/Debug/FMCOMMS4_AD9364.elf' is downloaded to processor 'ps7_cortexa9_0'.
23:20:49 INFO  : 'configparams force-mem-access 0' command is executed.
23:20:49 INFO  : ----------------XSDB Script----------------
connect -url tcp:127.0.0.1:3121
targets -set -nocase -filter {name =~"APU*"}
rst -system
after 3000
targets -set -filter {jtag_cable_name =~ "Digilent Zed 210248BE0D85" && level==0 && jtag_device_ctx=="jsn-Zed-210248BE0D85-23727093-0"}
fpga -file D:/FMCOMMS4_AD9364_Fifo_Tlast_FFT/Ws/FMCOMMS4_AD9364/_ide/bitstream/system_top.bit
targets -set -nocase -filter {name =~"APU*"}
loadhw -hw D:/FMCOMMS4_AD9364_Fifo_Tlast_FFT/Ws/system_top/export/system_top/hw/system_top.xsa -mem-ranges [list {0x40000000 0xbfffffff}] -regs
configparams force-mem-access 1
targets -set -nocase -filter {name =~"APU*"}
source D:/FMCOMMS4_AD9364_Fifo_Tlast_FFT/Ws/FMCOMMS4_AD9364/_ide/psinit/ps7_init.tcl
ps7_init
ps7_post_config
targets -set -nocase -filter {name =~ "*A9*#0"}
dow D:/FMCOMMS4_AD9364_Fifo_Tlast_FFT/Ws/FMCOMMS4_AD9364/Debug/FMCOMMS4_AD9364.elf
configparams force-mem-access 0
----------------End of Script----------------

23:20:49 INFO  : Context for processor 'ps7_cortexa9_0' is selected.
23:20:49 INFO  : 'con' command is executed.
23:20:49 INFO  : ----------------XSDB Script (After Launch)----------------
targets -set -nocase -filter {name =~ "*A9*#0"}
con
----------------End of Script----------------

23:20:49 INFO  : Launch script is exported to file 'D:\FMCOMMS4_AD9364_Fifo_Tlast_FFT\Ws\FMCOMMS4_AD9364_system\_ide\scripts\debugger_fmcomms4_ad9364-default.tcl'
23:25:44 INFO  : Checking for BSP changes to sync application flags for project 'FMCOMMS4_AD9364'...
23:33:54 INFO  : Checking for BSP changes to sync application flags for project 'FMCOMMS4_AD9364'...
23:36:34 INFO  : Checking for BSP changes to sync application flags for project 'FMCOMMS4_AD9364'...
23:36:48 INFO  : Checking for BSP changes to sync application flags for project 'FMCOMMS4_AD9364'...
23:36:59 INFO  : Disconnected from the channel tcfchan#79.
23:37:00 INFO  : Connected to target on host '127.0.0.1' and port '3121'.
23:37:00 INFO  : Jtag cable 'Digilent Zed 210248BE0D85' is selected.
23:37:00 INFO  : 'jtag frequency' command is executed.
23:37:00 INFO  : Context for 'APU' is selected.
23:37:00 INFO  : System reset is completed.
23:37:03 INFO  : 'after 3000' command is executed.
23:37:03 INFO  : 'targets -set -filter {jtag_cable_name =~ "Digilent Zed 210248BE0D85" && level==0 && jtag_device_ctx=="jsn-Zed-210248BE0D85-23727093-0"}' command is executed.
23:37:06 INFO  : Device configured successfully with "D:/FMCOMMS4_AD9364_Fifo_Tlast_FFT/Ws/FMCOMMS4_AD9364/_ide/bitstream/system_top.bit"
23:37:06 INFO  : Context for 'APU' is selected.
23:37:06 INFO  : Hardware design and registers information is loaded from 'D:/FMCOMMS4_AD9364_Fifo_Tlast_FFT/Ws/system_top/export/system_top/hw/system_top.xsa'.
23:37:06 INFO  : 'configparams force-mem-access 1' command is executed.
23:37:06 INFO  : Context for 'APU' is selected.
23:37:06 INFO  : Sourcing of 'D:/FMCOMMS4_AD9364_Fifo_Tlast_FFT/Ws/FMCOMMS4_AD9364/_ide/psinit/ps7_init.tcl' is done.
23:37:06 INFO  : 'ps7_init' command is executed.
23:37:06 INFO  : 'ps7_post_config' command is executed.
23:37:06 INFO  : Context for processor 'ps7_cortexa9_0' is selected.
23:37:07 INFO  : The application 'D:/FMCOMMS4_AD9364_Fifo_Tlast_FFT/Ws/FMCOMMS4_AD9364/Debug/FMCOMMS4_AD9364.elf' is downloaded to processor 'ps7_cortexa9_0'.
23:37:07 INFO  : 'configparams force-mem-access 0' command is executed.
23:37:07 INFO  : ----------------XSDB Script----------------
connect -url tcp:127.0.0.1:3121
targets -set -nocase -filter {name =~"APU*"}
rst -system
after 3000
targets -set -filter {jtag_cable_name =~ "Digilent Zed 210248BE0D85" && level==0 && jtag_device_ctx=="jsn-Zed-210248BE0D85-23727093-0"}
fpga -file D:/FMCOMMS4_AD9364_Fifo_Tlast_FFT/Ws/FMCOMMS4_AD9364/_ide/bitstream/system_top.bit
targets -set -nocase -filter {name =~"APU*"}
loadhw -hw D:/FMCOMMS4_AD9364_Fifo_Tlast_FFT/Ws/system_top/export/system_top/hw/system_top.xsa -mem-ranges [list {0x40000000 0xbfffffff}] -regs
configparams force-mem-access 1
targets -set -nocase -filter {name =~"APU*"}
source D:/FMCOMMS4_AD9364_Fifo_Tlast_FFT/Ws/FMCOMMS4_AD9364/_ide/psinit/ps7_init.tcl
ps7_init
ps7_post_config
targets -set -nocase -filter {name =~ "*A9*#0"}
dow D:/FMCOMMS4_AD9364_Fifo_Tlast_FFT/Ws/FMCOMMS4_AD9364/Debug/FMCOMMS4_AD9364.elf
configparams force-mem-access 0
----------------End of Script----------------

23:37:07 INFO  : Context for processor 'ps7_cortexa9_0' is selected.
23:37:07 INFO  : 'con' command is executed.
23:37:07 INFO  : ----------------XSDB Script (After Launch)----------------
targets -set -nocase -filter {name =~ "*A9*#0"}
con
----------------End of Script----------------

23:37:07 INFO  : Launch script is exported to file 'D:\FMCOMMS4_AD9364_Fifo_Tlast_FFT\Ws\FMCOMMS4_AD9364_system\_ide\scripts\debugger_fmcomms4_ad9364-default.tcl'
23:39:54 INFO  : Checking for BSP changes to sync application flags for project 'FMCOMMS4_AD9364'...
23:40:02 INFO  : Checking for BSP changes to sync application flags for project 'FMCOMMS4_AD9364'...
23:40:15 INFO  : Disconnected from the channel tcfchan#84.
23:40:16 INFO  : Connected to target on host '127.0.0.1' and port '3121'.
23:40:16 INFO  : Jtag cable 'Digilent Zed 210248BE0D85' is selected.
23:40:16 INFO  : 'jtag frequency' command is executed.
23:40:16 INFO  : Context for 'APU' is selected.
23:40:16 INFO  : System reset is completed.
23:40:19 INFO  : 'after 3000' command is executed.
23:40:19 INFO  : 'targets -set -filter {jtag_cable_name =~ "Digilent Zed 210248BE0D85" && level==0 && jtag_device_ctx=="jsn-Zed-210248BE0D85-23727093-0"}' command is executed.
23:40:22 INFO  : Device configured successfully with "D:/FMCOMMS4_AD9364_Fifo_Tlast_FFT/Ws/FMCOMMS4_AD9364/_ide/bitstream/system_top.bit"
23:40:22 INFO  : Context for 'APU' is selected.
23:40:22 INFO  : Hardware design and registers information is loaded from 'D:/FMCOMMS4_AD9364_Fifo_Tlast_FFT/Ws/system_top/export/system_top/hw/system_top.xsa'.
23:40:22 INFO  : 'configparams force-mem-access 1' command is executed.
23:40:22 INFO  : Context for 'APU' is selected.
23:40:22 INFO  : Sourcing of 'D:/FMCOMMS4_AD9364_Fifo_Tlast_FFT/Ws/FMCOMMS4_AD9364/_ide/psinit/ps7_init.tcl' is done.
23:40:22 INFO  : 'ps7_init' command is executed.
23:40:22 INFO  : 'ps7_post_config' command is executed.
23:40:22 INFO  : Context for processor 'ps7_cortexa9_0' is selected.
23:40:23 INFO  : The application 'D:/FMCOMMS4_AD9364_Fifo_Tlast_FFT/Ws/FMCOMMS4_AD9364/Debug/FMCOMMS4_AD9364.elf' is downloaded to processor 'ps7_cortexa9_0'.
23:40:23 INFO  : 'configparams force-mem-access 0' command is executed.
23:40:23 INFO  : ----------------XSDB Script----------------
connect -url tcp:127.0.0.1:3121
targets -set -nocase -filter {name =~"APU*"}
rst -system
after 3000
targets -set -filter {jtag_cable_name =~ "Digilent Zed 210248BE0D85" && level==0 && jtag_device_ctx=="jsn-Zed-210248BE0D85-23727093-0"}
fpga -file D:/FMCOMMS4_AD9364_Fifo_Tlast_FFT/Ws/FMCOMMS4_AD9364/_ide/bitstream/system_top.bit
targets -set -nocase -filter {name =~"APU*"}
loadhw -hw D:/FMCOMMS4_AD9364_Fifo_Tlast_FFT/Ws/system_top/export/system_top/hw/system_top.xsa -mem-ranges [list {0x40000000 0xbfffffff}] -regs
configparams force-mem-access 1
targets -set -nocase -filter {name =~"APU*"}
source D:/FMCOMMS4_AD9364_Fifo_Tlast_FFT/Ws/FMCOMMS4_AD9364/_ide/psinit/ps7_init.tcl
ps7_init
ps7_post_config
targets -set -nocase -filter {name =~ "*A9*#0"}
dow D:/FMCOMMS4_AD9364_Fifo_Tlast_FFT/Ws/FMCOMMS4_AD9364/Debug/FMCOMMS4_AD9364.elf
configparams force-mem-access 0
----------------End of Script----------------

23:40:23 INFO  : Context for processor 'ps7_cortexa9_0' is selected.
23:40:23 INFO  : 'con' command is executed.
23:40:23 INFO  : ----------------XSDB Script (After Launch)----------------
targets -set -nocase -filter {name =~ "*A9*#0"}
con
----------------End of Script----------------

23:40:23 INFO  : Launch script is exported to file 'D:\FMCOMMS4_AD9364_Fifo_Tlast_FFT\Ws\FMCOMMS4_AD9364_system\_ide\scripts\debugger_fmcomms4_ad9364-default.tcl'
23:41:09 INFO  : Checking for BSP changes to sync application flags for project 'FMCOMMS4_AD9364'...
23:41:22 INFO  : Checking for BSP changes to sync application flags for project 'FMCOMMS4_AD9364'...
23:41:31 INFO  : Disconnected from the channel tcfchan#87.
23:41:32 INFO  : Connected to target on host '127.0.0.1' and port '3121'.
23:41:33 INFO  : Jtag cable 'Digilent Zed 210248BE0D85' is selected.
23:41:33 INFO  : 'jtag frequency' command is executed.
23:41:33 INFO  : Context for 'APU' is selected.
23:41:33 INFO  : System reset is completed.
23:41:36 INFO  : 'after 3000' command is executed.
23:41:36 INFO  : 'targets -set -filter {jtag_cable_name =~ "Digilent Zed 210248BE0D85" && level==0 && jtag_device_ctx=="jsn-Zed-210248BE0D85-23727093-0"}' command is executed.
23:41:38 INFO  : Device configured successfully with "D:/FMCOMMS4_AD9364_Fifo_Tlast_FFT/Ws/FMCOMMS4_AD9364/_ide/bitstream/system_top.bit"
23:41:38 INFO  : Context for 'APU' is selected.
23:41:38 INFO  : Hardware design and registers information is loaded from 'D:/FMCOMMS4_AD9364_Fifo_Tlast_FFT/Ws/system_top/export/system_top/hw/system_top.xsa'.
23:41:38 INFO  : 'configparams force-mem-access 1' command is executed.
23:41:38 INFO  : Context for 'APU' is selected.
23:41:38 INFO  : Sourcing of 'D:/FMCOMMS4_AD9364_Fifo_Tlast_FFT/Ws/FMCOMMS4_AD9364/_ide/psinit/ps7_init.tcl' is done.
23:41:38 INFO  : 'ps7_init' command is executed.
23:41:38 INFO  : 'ps7_post_config' command is executed.
23:41:38 INFO  : Context for processor 'ps7_cortexa9_0' is selected.
23:41:39 INFO  : The application 'D:/FMCOMMS4_AD9364_Fifo_Tlast_FFT/Ws/FMCOMMS4_AD9364/Debug/FMCOMMS4_AD9364.elf' is downloaded to processor 'ps7_cortexa9_0'.
23:41:39 INFO  : 'configparams force-mem-access 0' command is executed.
23:41:39 INFO  : ----------------XSDB Script----------------
connect -url tcp:127.0.0.1:3121
targets -set -nocase -filter {name =~"APU*"}
rst -system
after 3000
targets -set -filter {jtag_cable_name =~ "Digilent Zed 210248BE0D85" && level==0 && jtag_device_ctx=="jsn-Zed-210248BE0D85-23727093-0"}
fpga -file D:/FMCOMMS4_AD9364_Fifo_Tlast_FFT/Ws/FMCOMMS4_AD9364/_ide/bitstream/system_top.bit
targets -set -nocase -filter {name =~"APU*"}
loadhw -hw D:/FMCOMMS4_AD9364_Fifo_Tlast_FFT/Ws/system_top/export/system_top/hw/system_top.xsa -mem-ranges [list {0x40000000 0xbfffffff}] -regs
configparams force-mem-access 1
targets -set -nocase -filter {name =~"APU*"}
source D:/FMCOMMS4_AD9364_Fifo_Tlast_FFT/Ws/FMCOMMS4_AD9364/_ide/psinit/ps7_init.tcl
ps7_init
ps7_post_config
targets -set -nocase -filter {name =~ "*A9*#0"}
dow D:/FMCOMMS4_AD9364_Fifo_Tlast_FFT/Ws/FMCOMMS4_AD9364/Debug/FMCOMMS4_AD9364.elf
configparams force-mem-access 0
----------------End of Script----------------

23:41:39 INFO  : Context for processor 'ps7_cortexa9_0' is selected.
23:41:39 INFO  : 'con' command is executed.
23:41:39 INFO  : ----------------XSDB Script (After Launch)----------------
targets -set -nocase -filter {name =~ "*A9*#0"}
con
----------------End of Script----------------

23:41:39 INFO  : Launch script is exported to file 'D:\FMCOMMS4_AD9364_Fifo_Tlast_FFT\Ws\FMCOMMS4_AD9364_system\_ide\scripts\debugger_fmcomms4_ad9364-default.tcl'
23:43:01 INFO  : Checking for BSP changes to sync application flags for project 'FMCOMMS4_AD9364'...
23:43:09 INFO  : Checking for BSP changes to sync application flags for project 'FMCOMMS4_AD9364'...
23:43:20 INFO  : Checking for BSP changes to sync application flags for project 'FMCOMMS4_AD9364'...
23:43:31 INFO  : Disconnected from the channel tcfchan#90.
23:43:32 INFO  : Connected to target on host '127.0.0.1' and port '3121'.
23:43:32 INFO  : Jtag cable 'Digilent Zed 210248BE0D85' is selected.
23:43:32 INFO  : 'jtag frequency' command is executed.
23:43:32 INFO  : Context for 'APU' is selected.
23:43:32 INFO  : System reset is completed.
23:43:35 INFO  : 'after 3000' command is executed.
23:43:35 INFO  : 'targets -set -filter {jtag_cable_name =~ "Digilent Zed 210248BE0D85" && level==0 && jtag_device_ctx=="jsn-Zed-210248BE0D85-23727093-0"}' command is executed.
23:43:37 INFO  : Device configured successfully with "D:/FMCOMMS4_AD9364_Fifo_Tlast_FFT/Ws/FMCOMMS4_AD9364/_ide/bitstream/system_top.bit"
23:43:37 INFO  : Context for 'APU' is selected.
23:43:37 INFO  : Hardware design and registers information is loaded from 'D:/FMCOMMS4_AD9364_Fifo_Tlast_FFT/Ws/system_top/export/system_top/hw/system_top.xsa'.
23:43:37 INFO  : 'configparams force-mem-access 1' command is executed.
23:43:37 INFO  : Context for 'APU' is selected.
23:43:37 INFO  : Sourcing of 'D:/FMCOMMS4_AD9364_Fifo_Tlast_FFT/Ws/FMCOMMS4_AD9364/_ide/psinit/ps7_init.tcl' is done.
23:43:38 INFO  : 'ps7_init' command is executed.
23:43:38 INFO  : 'ps7_post_config' command is executed.
23:43:38 INFO  : Context for processor 'ps7_cortexa9_0' is selected.
23:43:38 INFO  : The application 'D:/FMCOMMS4_AD9364_Fifo_Tlast_FFT/Ws/FMCOMMS4_AD9364/Debug/FMCOMMS4_AD9364.elf' is downloaded to processor 'ps7_cortexa9_0'.
23:43:38 INFO  : 'configparams force-mem-access 0' command is executed.
23:43:38 INFO  : ----------------XSDB Script----------------
connect -url tcp:127.0.0.1:3121
targets -set -nocase -filter {name =~"APU*"}
rst -system
after 3000
targets -set -filter {jtag_cable_name =~ "Digilent Zed 210248BE0D85" && level==0 && jtag_device_ctx=="jsn-Zed-210248BE0D85-23727093-0"}
fpga -file D:/FMCOMMS4_AD9364_Fifo_Tlast_FFT/Ws/FMCOMMS4_AD9364/_ide/bitstream/system_top.bit
targets -set -nocase -filter {name =~"APU*"}
loadhw -hw D:/FMCOMMS4_AD9364_Fifo_Tlast_FFT/Ws/system_top/export/system_top/hw/system_top.xsa -mem-ranges [list {0x40000000 0xbfffffff}] -regs
configparams force-mem-access 1
targets -set -nocase -filter {name =~"APU*"}
source D:/FMCOMMS4_AD9364_Fifo_Tlast_FFT/Ws/FMCOMMS4_AD9364/_ide/psinit/ps7_init.tcl
ps7_init
ps7_post_config
targets -set -nocase -filter {name =~ "*A9*#0"}
dow D:/FMCOMMS4_AD9364_Fifo_Tlast_FFT/Ws/FMCOMMS4_AD9364/Debug/FMCOMMS4_AD9364.elf
configparams force-mem-access 0
----------------End of Script----------------

23:43:39 INFO  : Context for processor 'ps7_cortexa9_0' is selected.
23:43:39 INFO  : 'con' command is executed.
23:43:39 INFO  : ----------------XSDB Script (After Launch)----------------
targets -set -nocase -filter {name =~ "*A9*#0"}
con
----------------End of Script----------------

23:43:39 INFO  : Launch script is exported to file 'D:\FMCOMMS4_AD9364_Fifo_Tlast_FFT\Ws\FMCOMMS4_AD9364_system\_ide\scripts\debugger_fmcomms4_ad9364-default.tcl'
23:50:31 INFO  : Checking for BSP changes to sync application flags for project 'FMCOMMS4_AD9364'...
23:51:10 INFO  : Checking for BSP changes to sync application flags for project 'FMCOMMS4_AD9364'...
23:51:17 INFO  : Disconnected from the channel tcfchan#94.
23:51:18 INFO  : Connected to target on host '127.0.0.1' and port '3121'.
23:51:18 INFO  : Jtag cable 'Digilent Zed 210248BE0D85' is selected.
23:51:18 INFO  : 'jtag frequency' command is executed.
23:51:18 INFO  : Context for 'APU' is selected.
23:51:18 INFO  : System reset is completed.
23:51:21 INFO  : 'after 3000' command is executed.
23:51:21 INFO  : 'targets -set -filter {jtag_cable_name =~ "Digilent Zed 210248BE0D85" && level==0 && jtag_device_ctx=="jsn-Zed-210248BE0D85-23727093-0"}' command is executed.
23:51:24 INFO  : Device configured successfully with "D:/FMCOMMS4_AD9364_Fifo_Tlast_FFT/Ws/FMCOMMS4_AD9364/_ide/bitstream/system_top.bit"
23:51:24 INFO  : Context for 'APU' is selected.
23:51:24 INFO  : Hardware design and registers information is loaded from 'D:/FMCOMMS4_AD9364_Fifo_Tlast_FFT/Ws/system_top/export/system_top/hw/system_top.xsa'.
23:51:24 INFO  : 'configparams force-mem-access 1' command is executed.
23:51:24 INFO  : Context for 'APU' is selected.
23:51:24 INFO  : Sourcing of 'D:/FMCOMMS4_AD9364_Fifo_Tlast_FFT/Ws/FMCOMMS4_AD9364/_ide/psinit/ps7_init.tcl' is done.
23:51:24 INFO  : 'ps7_init' command is executed.
23:51:24 INFO  : 'ps7_post_config' command is executed.
23:51:24 INFO  : Context for processor 'ps7_cortexa9_0' is selected.
23:51:25 INFO  : The application 'D:/FMCOMMS4_AD9364_Fifo_Tlast_FFT/Ws/FMCOMMS4_AD9364/Debug/FMCOMMS4_AD9364.elf' is downloaded to processor 'ps7_cortexa9_0'.
23:51:25 INFO  : 'configparams force-mem-access 0' command is executed.
23:51:25 INFO  : ----------------XSDB Script----------------
connect -url tcp:127.0.0.1:3121
targets -set -nocase -filter {name =~"APU*"}
rst -system
after 3000
targets -set -filter {jtag_cable_name =~ "Digilent Zed 210248BE0D85" && level==0 && jtag_device_ctx=="jsn-Zed-210248BE0D85-23727093-0"}
fpga -file D:/FMCOMMS4_AD9364_Fifo_Tlast_FFT/Ws/FMCOMMS4_AD9364/_ide/bitstream/system_top.bit
targets -set -nocase -filter {name =~"APU*"}
loadhw -hw D:/FMCOMMS4_AD9364_Fifo_Tlast_FFT/Ws/system_top/export/system_top/hw/system_top.xsa -mem-ranges [list {0x40000000 0xbfffffff}] -regs
configparams force-mem-access 1
targets -set -nocase -filter {name =~"APU*"}
source D:/FMCOMMS4_AD9364_Fifo_Tlast_FFT/Ws/FMCOMMS4_AD9364/_ide/psinit/ps7_init.tcl
ps7_init
ps7_post_config
targets -set -nocase -filter {name =~ "*A9*#0"}
dow D:/FMCOMMS4_AD9364_Fifo_Tlast_FFT/Ws/FMCOMMS4_AD9364/Debug/FMCOMMS4_AD9364.elf
configparams force-mem-access 0
----------------End of Script----------------

23:51:25 INFO  : Context for processor 'ps7_cortexa9_0' is selected.
23:51:25 INFO  : 'con' command is executed.
23:51:25 INFO  : ----------------XSDB Script (After Launch)----------------
targets -set -nocase -filter {name =~ "*A9*#0"}
con
----------------End of Script----------------

23:51:25 INFO  : Launch script is exported to file 'D:\FMCOMMS4_AD9364_Fifo_Tlast_FFT\Ws\FMCOMMS4_AD9364_system\_ide\scripts\debugger_fmcomms4_ad9364-default.tcl'
23:53:30 INFO  : Disconnected from the channel tcfchan#97.
08:59:49 DEBUG : Logs will be stored at 'D:/FMCOMMS4_AD9364_Fifo_Tlast_FFT/Ws/IDE.log'.
08:59:50 INFO  : Launching XSCT server: xsct.bat -n  -interactive D:\FMCOMMS4_AD9364_Fifo_Tlast_FFT\Ws\temp_xsdb_launch_script.tcl
08:59:54 INFO  : XSCT server has started successfully.
08:59:54 INFO  : plnx-install-location is set to ''
08:59:54 INFO  : Successfully done setting XSCT server connection channel  
08:59:54 INFO  : Successfully done setting workspace for the tool. 
08:59:55 INFO  : Platform repository initialization has completed.
08:59:58 INFO  : Registering command handlers for Vitis TCF services
09:00:03 INFO  : Successfully done query RDI_DATADIR 
09:07:38 INFO  : Checking for BSP changes to sync application flags for project 'FMCOMMS4_AD9364'...
09:08:10 ERROR : (XSDB Server)ERROR: [Hsi 55-1571] The design file D:/FMCOMMS4_AD9364_Fifo_Tlast_FFT/Ws/system_top/export/system_top/hw/system_top.xsa is already opened

09:08:15 INFO  : Checking for BSP changes to sync application flags for project 'FMCOMMS4_AD9364'...
09:08:17 ERROR : (XSDB Server)ERROR: [Hsi 55-1571] The design file D:/FMCOMMS4_AD9364_Fifo_Tlast_FFT/Ws/system_top/export/system_top/hw/system_top.xsa is already opened

09:08:27 INFO  : Connected to target on host '127.0.0.1' and port '3121'.
09:08:28 INFO  : Jtag cable 'Digilent Zed 210248BE0D85' is selected.
09:08:28 INFO  : 'jtag frequency' command is executed.
09:08:28 INFO  : Context for 'APU' is selected.
09:08:28 INFO  : System reset is completed.
09:08:31 INFO  : 'after 3000' command is executed.
09:08:31 INFO  : 'targets -set -filter {jtag_cable_name =~ "Digilent Zed 210248BE0D85" && level==0 && jtag_device_ctx=="jsn-Zed-210248BE0D85-23727093-0"}' command is executed.
09:08:33 INFO  : Device configured successfully with "D:/FMCOMMS4_AD9364_Fifo_Tlast_FFT/Ws/FMCOMMS4_AD9364/_ide/bitstream/system_top.bit"
09:08:33 INFO  : Context for 'APU' is selected.
09:08:34 INFO  : Hardware design and registers information is loaded from 'D:/FMCOMMS4_AD9364_Fifo_Tlast_FFT/Ws/system_top/export/system_top/hw/system_top.xsa'.
09:08:34 INFO  : 'configparams force-mem-access 1' command is executed.
09:08:34 INFO  : Context for 'APU' is selected.
09:08:34 INFO  : Sourcing of 'D:/FMCOMMS4_AD9364_Fifo_Tlast_FFT/Ws/FMCOMMS4_AD9364/_ide/psinit/ps7_init.tcl' is done.
09:08:34 INFO  : 'ps7_init' command is executed.
09:08:34 INFO  : 'ps7_post_config' command is executed.
09:08:34 INFO  : Context for processor 'ps7_cortexa9_0' is selected.
09:08:35 INFO  : The application 'D:/FMCOMMS4_AD9364_Fifo_Tlast_FFT/Ws/FMCOMMS4_AD9364/Debug/FMCOMMS4_AD9364.elf' is downloaded to processor 'ps7_cortexa9_0'.
09:08:35 INFO  : 'configparams force-mem-access 0' command is executed.
09:08:35 INFO  : ----------------XSDB Script----------------
connect -url tcp:127.0.0.1:3121
targets -set -nocase -filter {name =~"APU*"}
rst -system
after 3000
targets -set -filter {jtag_cable_name =~ "Digilent Zed 210248BE0D85" && level==0 && jtag_device_ctx=="jsn-Zed-210248BE0D85-23727093-0"}
fpga -file D:/FMCOMMS4_AD9364_Fifo_Tlast_FFT/Ws/FMCOMMS4_AD9364/_ide/bitstream/system_top.bit
targets -set -nocase -filter {name =~"APU*"}
loadhw -hw D:/FMCOMMS4_AD9364_Fifo_Tlast_FFT/Ws/system_top/export/system_top/hw/system_top.xsa -mem-ranges [list {0x40000000 0xbfffffff}] -regs
configparams force-mem-access 1
targets -set -nocase -filter {name =~"APU*"}
source D:/FMCOMMS4_AD9364_Fifo_Tlast_FFT/Ws/FMCOMMS4_AD9364/_ide/psinit/ps7_init.tcl
ps7_init
ps7_post_config
targets -set -nocase -filter {name =~ "*A9*#0"}
dow D:/FMCOMMS4_AD9364_Fifo_Tlast_FFT/Ws/FMCOMMS4_AD9364/Debug/FMCOMMS4_AD9364.elf
configparams force-mem-access 0
----------------End of Script----------------

09:08:35 INFO  : Context for processor 'ps7_cortexa9_0' is selected.
09:08:35 INFO  : 'con' command is executed.
09:08:35 INFO  : ----------------XSDB Script (After Launch)----------------
targets -set -nocase -filter {name =~ "*A9*#0"}
con
----------------End of Script----------------

09:08:35 INFO  : Launch script is exported to file 'D:\FMCOMMS4_AD9364_Fifo_Tlast_FFT\Ws\FMCOMMS4_AD9364_system\_ide\scripts\debugger_fmcomms4_ad9364-default.tcl'
09:12:45 INFO  : Checking for BSP changes to sync application flags for project 'FMCOMMS4_AD9364'...
09:12:48 ERROR : (XSDB Server)ERROR: [Hsi 55-1571] The design file D:/FMCOMMS4_AD9364_Fifo_Tlast_FFT/Ws/system_top/export/system_top/hw/system_top.xsa is already opened

09:12:52 INFO  : Checking for BSP changes to sync application flags for project 'FMCOMMS4_AD9364'...
09:12:54 ERROR : (XSDB Server)ERROR: [Hsi 55-1571] The design file D:/FMCOMMS4_AD9364_Fifo_Tlast_FFT/Ws/system_top/export/system_top/hw/system_top.xsa is already opened

09:13:06 INFO  : Disconnected from the channel tcfchan#3.
09:13:07 INFO  : Connected to target on host '127.0.0.1' and port '3121'.
09:13:16 INFO  : ----------------XSDB Script----------------
connect -url tcp:127.0.0.1:3121
----------------End of Script----------------

09:13:16 ERROR : Could not find Jtag device on the board for connection 'Local'.


Troubleshooting hints:
1. Check whether board is connected to system properly.
2. In case of zynq board, check whether Digilent/Xilinx cable switch settings are correct.
3. If you are using Xilinx Platform Cable USB, ensure that status LED is green.
09:13:22 INFO  : Connected to target on host '127.0.0.1' and port '3121'.
09:13:23 INFO  : Jtag cable 'Digilent Zed 210248BE0D85' is selected.
09:13:23 INFO  : 'jtag frequency' command is executed.
09:13:23 INFO  : Context for 'APU' is selected.
09:13:23 INFO  : System reset is completed.
09:13:26 INFO  : 'after 3000' command is executed.
09:13:26 INFO  : 'targets -set -filter {jtag_cable_name =~ "Digilent Zed 210248BE0D85" && level==0 && jtag_device_ctx=="jsn-Zed-210248BE0D85-23727093-0"}' command is executed.
09:13:28 INFO  : Device configured successfully with "D:/FMCOMMS4_AD9364_Fifo_Tlast_FFT/Ws/FMCOMMS4_AD9364/_ide/bitstream/system_top.bit"
09:13:28 INFO  : Context for 'APU' is selected.
09:13:49 INFO  : Hardware design and registers information is loaded from 'D:/FMCOMMS4_AD9364_Fifo_Tlast_FFT/Ws/system_top/export/system_top/hw/system_top.xsa'.
09:13:49 INFO  : 'configparams force-mem-access 1' command is executed.
09:13:49 INFO  : Context for 'APU' is selected.
09:13:49 INFO  : Sourcing of 'D:/FMCOMMS4_AD9364_Fifo_Tlast_FFT/Ws/FMCOMMS4_AD9364/_ide/psinit/ps7_init.tcl' is done.
09:13:49 INFO  : 'ps7_init' command is executed.
09:13:49 INFO  : 'ps7_post_config' command is executed.
09:13:49 INFO  : Context for processor 'ps7_cortexa9_0' is selected.
09:13:50 INFO  : The application 'D:/FMCOMMS4_AD9364_Fifo_Tlast_FFT/Ws/FMCOMMS4_AD9364/Debug/FMCOMMS4_AD9364.elf' is downloaded to processor 'ps7_cortexa9_0'.
09:13:50 INFO  : 'configparams force-mem-access 0' command is executed.
09:13:50 INFO  : ----------------XSDB Script----------------
connect -url tcp:127.0.0.1:3121
targets -set -nocase -filter {name =~"APU*"}
rst -system
after 3000
targets -set -filter {jtag_cable_name =~ "Digilent Zed 210248BE0D85" && level==0 && jtag_device_ctx=="jsn-Zed-210248BE0D85-23727093-0"}
fpga -file D:/FMCOMMS4_AD9364_Fifo_Tlast_FFT/Ws/FMCOMMS4_AD9364/_ide/bitstream/system_top.bit
targets -set -nocase -filter {name =~"APU*"}
loadhw -hw D:/FMCOMMS4_AD9364_Fifo_Tlast_FFT/Ws/system_top/export/system_top/hw/system_top.xsa -mem-ranges [list {0x40000000 0xbfffffff}] -regs
configparams force-mem-access 1
targets -set -nocase -filter {name =~"APU*"}
source D:/FMCOMMS4_AD9364_Fifo_Tlast_FFT/Ws/FMCOMMS4_AD9364/_ide/psinit/ps7_init.tcl
ps7_init
ps7_post_config
targets -set -nocase -filter {name =~ "*A9*#0"}
dow D:/FMCOMMS4_AD9364_Fifo_Tlast_FFT/Ws/FMCOMMS4_AD9364/Debug/FMCOMMS4_AD9364.elf
configparams force-mem-access 0
----------------End of Script----------------

09:13:50 INFO  : Context for processor 'ps7_cortexa9_0' is selected.
09:13:50 INFO  : 'con' command is executed.
09:13:50 INFO  : ----------------XSDB Script (After Launch)----------------
targets -set -nocase -filter {name =~ "*A9*#0"}
con
----------------End of Script----------------

09:13:50 INFO  : Launch script is exported to file 'D:\FMCOMMS4_AD9364_Fifo_Tlast_FFT\Ws\FMCOMMS4_AD9364_system\_ide\scripts\debugger_fmcomms4_ad9364-default.tcl'
09:15:32 INFO  : Disconnected from the channel tcfchan#6.
09:15:33 INFO  : Connected to target on host '127.0.0.1' and port '3121'.
09:15:42 INFO  : ----------------XSDB Script----------------
connect -url tcp:127.0.0.1:3121
----------------End of Script----------------

09:15:42 ERROR : Could not find Jtag device on the board for connection 'Local'.


Troubleshooting hints:
1. Check whether board is connected to system properly.
2. In case of zynq board, check whether Digilent/Xilinx cable switch settings are correct.
3. If you are using Xilinx Platform Cable USB, ensure that status LED is green.
09:15:46 INFO  : Connected to target on host '127.0.0.1' and port '3121'.
09:15:46 INFO  : Jtag cable 'Digilent Zed 210248BE0D85' is selected.
09:15:46 INFO  : 'jtag frequency' command is executed.
09:15:46 INFO  : Context for 'APU' is selected.
09:15:46 INFO  : System reset is completed.
09:15:49 INFO  : 'after 3000' command is executed.
09:15:50 INFO  : 'targets -set -filter {jtag_cable_name =~ "Digilent Zed 210248BE0D85" && level==0 && jtag_device_ctx=="jsn-Zed-210248BE0D85-23727093-0"}' command is executed.
09:15:52 INFO  : Device configured successfully with "D:/FMCOMMS4_AD9364_Fifo_Tlast_FFT/Ws/FMCOMMS4_AD9364/_ide/bitstream/system_top.bit"
09:15:52 INFO  : Context for 'APU' is selected.
09:16:13 INFO  : Hardware design and registers information is loaded from 'D:/FMCOMMS4_AD9364_Fifo_Tlast_FFT/Ws/system_top/export/system_top/hw/system_top.xsa'.
09:16:13 INFO  : 'configparams force-mem-access 1' command is executed.
09:16:13 INFO  : Context for 'APU' is selected.
09:16:13 INFO  : Sourcing of 'D:/FMCOMMS4_AD9364_Fifo_Tlast_FFT/Ws/FMCOMMS4_AD9364/_ide/psinit/ps7_init.tcl' is done.
09:16:13 INFO  : 'ps7_init' command is executed.
09:16:13 INFO  : 'ps7_post_config' command is executed.
09:16:13 INFO  : Context for processor 'ps7_cortexa9_0' is selected.
09:16:14 INFO  : The application 'D:/FMCOMMS4_AD9364_Fifo_Tlast_FFT/Ws/FMCOMMS4_AD9364/Debug/FMCOMMS4_AD9364.elf' is downloaded to processor 'ps7_cortexa9_0'.
09:16:14 INFO  : 'configparams force-mem-access 0' command is executed.
09:16:14 INFO  : ----------------XSDB Script----------------
connect -url tcp:127.0.0.1:3121
targets -set -nocase -filter {name =~"APU*"}
rst -system
after 3000
targets -set -filter {jtag_cable_name =~ "Digilent Zed 210248BE0D85" && level==0 && jtag_device_ctx=="jsn-Zed-210248BE0D85-23727093-0"}
fpga -file D:/FMCOMMS4_AD9364_Fifo_Tlast_FFT/Ws/FMCOMMS4_AD9364/_ide/bitstream/system_top.bit
targets -set -nocase -filter {name =~"APU*"}
loadhw -hw D:/FMCOMMS4_AD9364_Fifo_Tlast_FFT/Ws/system_top/export/system_top/hw/system_top.xsa -mem-ranges [list {0x40000000 0xbfffffff}] -regs
configparams force-mem-access 1
targets -set -nocase -filter {name =~"APU*"}
source D:/FMCOMMS4_AD9364_Fifo_Tlast_FFT/Ws/FMCOMMS4_AD9364/_ide/psinit/ps7_init.tcl
ps7_init
ps7_post_config
targets -set -nocase -filter {name =~ "*A9*#0"}
dow D:/FMCOMMS4_AD9364_Fifo_Tlast_FFT/Ws/FMCOMMS4_AD9364/Debug/FMCOMMS4_AD9364.elf
configparams force-mem-access 0
----------------End of Script----------------

09:16:14 INFO  : Context for processor 'ps7_cortexa9_0' is selected.
09:16:14 INFO  : 'con' command is executed.
09:16:14 INFO  : ----------------XSDB Script (After Launch)----------------
targets -set -nocase -filter {name =~ "*A9*#0"}
con
----------------End of Script----------------

09:16:14 INFO  : Launch script is exported to file 'D:\FMCOMMS4_AD9364_Fifo_Tlast_FFT\Ws\FMCOMMS4_AD9364_system\_ide\scripts\debugger_fmcomms4_ad9364-default.tcl'
09:21:25 INFO  : Checking for BSP changes to sync application flags for project 'FMCOMMS4_AD9364'...
09:21:27 ERROR : (XSDB Server)ERROR: [Hsi 55-1571] The design file D:/FMCOMMS4_AD9364_Fifo_Tlast_FFT/Ws/system_top/export/system_top/hw/system_top.xsa is already opened

09:21:58 INFO  : Checking for BSP changes to sync application flags for project 'FMCOMMS4_AD9364'...
09:22:11 INFO  : Disconnected from the channel tcfchan#7.
09:22:12 INFO  : Connected to target on host '127.0.0.1' and port '3121'.
09:22:12 INFO  : Jtag cable 'Digilent Zed 210248BE0D85' is selected.
09:22:12 INFO  : 'jtag frequency' command is executed.
09:22:12 INFO  : Context for 'APU' is selected.
09:22:12 INFO  : System reset is completed.
09:22:15 INFO  : 'after 3000' command is executed.
09:22:15 INFO  : 'targets -set -filter {jtag_cable_name =~ "Digilent Zed 210248BE0D85" && level==0 && jtag_device_ctx=="jsn-Zed-210248BE0D85-23727093-0"}' command is executed.
09:22:17 INFO  : Device configured successfully with "D:/FMCOMMS4_AD9364_Fifo_Tlast_FFT/Ws/FMCOMMS4_AD9364/_ide/bitstream/system_top.bit"
09:22:17 INFO  : Context for 'APU' is selected.
09:22:38 INFO  : Hardware design and registers information is loaded from 'D:/FMCOMMS4_AD9364_Fifo_Tlast_FFT/Ws/system_top/export/system_top/hw/system_top.xsa'.
09:22:38 INFO  : 'configparams force-mem-access 1' command is executed.
09:22:38 INFO  : Context for 'APU' is selected.
09:22:38 INFO  : Sourcing of 'D:/FMCOMMS4_AD9364_Fifo_Tlast_FFT/Ws/FMCOMMS4_AD9364/_ide/psinit/ps7_init.tcl' is done.
09:22:38 INFO  : 'ps7_init' command is executed.
09:22:38 INFO  : 'ps7_post_config' command is executed.
09:22:38 INFO  : Context for processor 'ps7_cortexa9_0' is selected.
09:22:39 INFO  : The application 'D:/FMCOMMS4_AD9364_Fifo_Tlast_FFT/Ws/FMCOMMS4_AD9364/Debug/FMCOMMS4_AD9364.elf' is downloaded to processor 'ps7_cortexa9_0'.
09:22:39 INFO  : 'configparams force-mem-access 0' command is executed.
09:22:39 INFO  : ----------------XSDB Script----------------
connect -url tcp:127.0.0.1:3121
targets -set -nocase -filter {name =~"APU*"}
rst -system
after 3000
targets -set -filter {jtag_cable_name =~ "Digilent Zed 210248BE0D85" && level==0 && jtag_device_ctx=="jsn-Zed-210248BE0D85-23727093-0"}
fpga -file D:/FMCOMMS4_AD9364_Fifo_Tlast_FFT/Ws/FMCOMMS4_AD9364/_ide/bitstream/system_top.bit
targets -set -nocase -filter {name =~"APU*"}
loadhw -hw D:/FMCOMMS4_AD9364_Fifo_Tlast_FFT/Ws/system_top/export/system_top/hw/system_top.xsa -mem-ranges [list {0x40000000 0xbfffffff}] -regs
configparams force-mem-access 1
targets -set -nocase -filter {name =~"APU*"}
source D:/FMCOMMS4_AD9364_Fifo_Tlast_FFT/Ws/FMCOMMS4_AD9364/_ide/psinit/ps7_init.tcl
ps7_init
ps7_post_config
targets -set -nocase -filter {name =~ "*A9*#0"}
dow D:/FMCOMMS4_AD9364_Fifo_Tlast_FFT/Ws/FMCOMMS4_AD9364/Debug/FMCOMMS4_AD9364.elf
configparams force-mem-access 0
----------------End of Script----------------

09:22:39 INFO  : Context for processor 'ps7_cortexa9_0' is selected.
09:22:39 INFO  : 'con' command is executed.
09:22:39 INFO  : ----------------XSDB Script (After Launch)----------------
targets -set -nocase -filter {name =~ "*A9*#0"}
con
----------------End of Script----------------

09:22:39 INFO  : Launch script is exported to file 'D:\FMCOMMS4_AD9364_Fifo_Tlast_FFT\Ws\FMCOMMS4_AD9364_system\_ide\scripts\debugger_fmcomms4_ad9364-default.tcl'
09:24:12 INFO  : Disconnected from the channel tcfchan#9.
09:24:13 INFO  : Connected to target on host '127.0.0.1' and port '3121'.
09:24:13 INFO  : Jtag cable 'Digilent Zed 210248BE0D85' is selected.
09:24:13 ERROR : port closed
09:24:13 INFO  : ----------------XSDB Script----------------
connect -url tcp:127.0.0.1:3121
----------------End of Script----------------

09:24:13 ERROR : port closed
09:24:15 INFO  : Connected to target on host '127.0.0.1' and port '3121'.
09:24:15 INFO  : Jtag cable 'Digilent Zed 210248BE0D85' is selected.
09:24:15 INFO  : 'jtag frequency' command is executed.
09:24:15 INFO  : Context for 'APU' is selected.
09:24:16 INFO  : System reset is completed.
09:24:19 INFO  : 'after 3000' command is executed.
09:24:19 INFO  : 'targets -set -filter {jtag_cable_name =~ "Digilent Zed 210248BE0D85" && level==0 && jtag_device_ctx=="jsn-Zed-210248BE0D85-23727093-0"}' command is executed.
09:24:21 INFO  : Device configured successfully with "D:/FMCOMMS4_AD9364_Fifo_Tlast_FFT/Ws/FMCOMMS4_AD9364/_ide/bitstream/system_top.bit"
09:24:21 INFO  : Context for 'APU' is selected.
09:24:42 INFO  : Hardware design and registers information is loaded from 'D:/FMCOMMS4_AD9364_Fifo_Tlast_FFT/Ws/system_top/export/system_top/hw/system_top.xsa'.
09:24:42 INFO  : 'configparams force-mem-access 1' command is executed.
09:24:42 INFO  : Context for 'APU' is selected.
09:24:42 INFO  : Sourcing of 'D:/FMCOMMS4_AD9364_Fifo_Tlast_FFT/Ws/FMCOMMS4_AD9364/_ide/psinit/ps7_init.tcl' is done.
09:24:42 INFO  : 'ps7_init' command is executed.
09:24:42 INFO  : 'ps7_post_config' command is executed.
09:24:42 INFO  : Context for processor 'ps7_cortexa9_0' is selected.
09:24:43 INFO  : The application 'D:/FMCOMMS4_AD9364_Fifo_Tlast_FFT/Ws/FMCOMMS4_AD9364/Debug/FMCOMMS4_AD9364.elf' is downloaded to processor 'ps7_cortexa9_0'.
09:24:43 INFO  : 'configparams force-mem-access 0' command is executed.
09:24:43 INFO  : ----------------XSDB Script----------------
connect -url tcp:127.0.0.1:3121
targets -set -nocase -filter {name =~"APU*"}
rst -system
after 3000
targets -set -filter {jtag_cable_name =~ "Digilent Zed 210248BE0D85" && level==0 && jtag_device_ctx=="jsn-Zed-210248BE0D85-23727093-0"}
fpga -file D:/FMCOMMS4_AD9364_Fifo_Tlast_FFT/Ws/FMCOMMS4_AD9364/_ide/bitstream/system_top.bit
targets -set -nocase -filter {name =~"APU*"}
loadhw -hw D:/FMCOMMS4_AD9364_Fifo_Tlast_FFT/Ws/system_top/export/system_top/hw/system_top.xsa -mem-ranges [list {0x40000000 0xbfffffff}] -regs
configparams force-mem-access 1
targets -set -nocase -filter {name =~"APU*"}
source D:/FMCOMMS4_AD9364_Fifo_Tlast_FFT/Ws/FMCOMMS4_AD9364/_ide/psinit/ps7_init.tcl
ps7_init
ps7_post_config
targets -set -nocase -filter {name =~ "*A9*#0"}
dow D:/FMCOMMS4_AD9364_Fifo_Tlast_FFT/Ws/FMCOMMS4_AD9364/Debug/FMCOMMS4_AD9364.elf
configparams force-mem-access 0
----------------End of Script----------------

09:24:43 INFO  : Context for processor 'ps7_cortexa9_0' is selected.
09:24:43 INFO  : 'con' command is executed.
09:24:43 INFO  : ----------------XSDB Script (After Launch)----------------
targets -set -nocase -filter {name =~ "*A9*#0"}
con
----------------End of Script----------------

09:24:43 INFO  : Launch script is exported to file 'D:\FMCOMMS4_AD9364_Fifo_Tlast_FFT\Ws\FMCOMMS4_AD9364_system\_ide\scripts\debugger_fmcomms4_ad9364-default.tcl'
09:26:44 INFO  : Checking for BSP changes to sync application flags for project 'FMCOMMS4_AD9364'...
09:26:47 ERROR : (XSDB Server)ERROR: [Hsi 55-1571] The design file D:/FMCOMMS4_AD9364_Fifo_Tlast_FFT/Ws/system_top/export/system_top/hw/system_top.xsa is already opened

09:26:52 INFO  : Checking for BSP changes to sync application flags for project 'FMCOMMS4_AD9364'...
09:26:54 ERROR : (XSDB Server)ERROR: [Hsi 55-1571] The design file D:/FMCOMMS4_AD9364_Fifo_Tlast_FFT/Ws/system_top/export/system_top/hw/system_top.xsa is already opened

09:27:01 INFO  : Disconnected from the channel tcfchan#10.
09:27:02 INFO  : Connected to target on host '127.0.0.1' and port '3121'.
09:27:02 INFO  : Jtag cable 'Digilent Zed 210248BE0D85' is selected.
09:27:02 INFO  : 'jtag frequency' command is executed.
09:27:02 INFO  : Context for 'APU' is selected.
09:27:02 INFO  : System reset is completed.
09:27:05 INFO  : 'after 3000' command is executed.
09:27:05 INFO  : 'targets -set -filter {jtag_cable_name =~ "Digilent Zed 210248BE0D85" && level==0 && jtag_device_ctx=="jsn-Zed-210248BE0D85-23727093-0"}' command is executed.
09:27:08 INFO  : Device configured successfully with "D:/FMCOMMS4_AD9364_Fifo_Tlast_FFT/Ws/FMCOMMS4_AD9364/_ide/bitstream/system_top.bit"
09:27:08 INFO  : Context for 'APU' is selected.
09:27:29 INFO  : Hardware design and registers information is loaded from 'D:/FMCOMMS4_AD9364_Fifo_Tlast_FFT/Ws/system_top/export/system_top/hw/system_top.xsa'.
09:27:29 INFO  : 'configparams force-mem-access 1' command is executed.
09:27:29 INFO  : Context for 'APU' is selected.
09:27:29 INFO  : Sourcing of 'D:/FMCOMMS4_AD9364_Fifo_Tlast_FFT/Ws/FMCOMMS4_AD9364/_ide/psinit/ps7_init.tcl' is done.
09:27:29 INFO  : 'ps7_init' command is executed.
09:27:29 INFO  : 'ps7_post_config' command is executed.
09:27:29 INFO  : Context for processor 'ps7_cortexa9_0' is selected.
09:27:30 INFO  : The application 'D:/FMCOMMS4_AD9364_Fifo_Tlast_FFT/Ws/FMCOMMS4_AD9364/Debug/FMCOMMS4_AD9364.elf' is downloaded to processor 'ps7_cortexa9_0'.
09:27:30 INFO  : 'configparams force-mem-access 0' command is executed.
09:27:30 INFO  : ----------------XSDB Script----------------
connect -url tcp:127.0.0.1:3121
targets -set -nocase -filter {name =~"APU*"}
rst -system
after 3000
targets -set -filter {jtag_cable_name =~ "Digilent Zed 210248BE0D85" && level==0 && jtag_device_ctx=="jsn-Zed-210248BE0D85-23727093-0"}
fpga -file D:/FMCOMMS4_AD9364_Fifo_Tlast_FFT/Ws/FMCOMMS4_AD9364/_ide/bitstream/system_top.bit
targets -set -nocase -filter {name =~"APU*"}
loadhw -hw D:/FMCOMMS4_AD9364_Fifo_Tlast_FFT/Ws/system_top/export/system_top/hw/system_top.xsa -mem-ranges [list {0x40000000 0xbfffffff}] -regs
configparams force-mem-access 1
targets -set -nocase -filter {name =~"APU*"}
source D:/FMCOMMS4_AD9364_Fifo_Tlast_FFT/Ws/FMCOMMS4_AD9364/_ide/psinit/ps7_init.tcl
ps7_init
ps7_post_config
targets -set -nocase -filter {name =~ "*A9*#0"}
dow D:/FMCOMMS4_AD9364_Fifo_Tlast_FFT/Ws/FMCOMMS4_AD9364/Debug/FMCOMMS4_AD9364.elf
configparams force-mem-access 0
----------------End of Script----------------

09:27:30 INFO  : Context for processor 'ps7_cortexa9_0' is selected.
09:27:30 INFO  : 'con' command is executed.
09:27:30 INFO  : ----------------XSDB Script (After Launch)----------------
targets -set -nocase -filter {name =~ "*A9*#0"}
con
----------------End of Script----------------

09:27:30 INFO  : Launch script is exported to file 'D:\FMCOMMS4_AD9364_Fifo_Tlast_FFT\Ws\FMCOMMS4_AD9364_system\_ide\scripts\debugger_fmcomms4_ad9364-default.tcl'
09:27:51 INFO  : Disconnected from the channel tcfchan#13.
09:27:51 INFO  : Connected to target on host '127.0.0.1' and port '3121'.
09:27:52 INFO  : Jtag cable 'Digilent Zed 210248BE0D85' is selected.
09:27:52 INFO  : 'jtag frequency' command is executed.
09:27:52 INFO  : Context for 'APU' is selected.
09:27:52 INFO  : System reset is completed.
09:27:55 INFO  : 'after 3000' command is executed.
09:27:55 INFO  : 'targets -set -filter {jtag_cable_name =~ "Digilent Zed 210248BE0D85" && level==0 && jtag_device_ctx=="jsn-Zed-210248BE0D85-23727093-0"}' command is executed.
09:27:57 INFO  : Device configured successfully with "D:/FMCOMMS4_AD9364_Fifo_Tlast_FFT/Ws/FMCOMMS4_AD9364/_ide/bitstream/system_top.bit"
09:27:57 INFO  : Context for 'APU' is selected.
09:28:18 INFO  : Hardware design and registers information is loaded from 'D:/FMCOMMS4_AD9364_Fifo_Tlast_FFT/Ws/system_top/export/system_top/hw/system_top.xsa'.
09:28:18 INFO  : 'configparams force-mem-access 1' command is executed.
09:28:18 INFO  : Context for 'APU' is selected.
09:28:18 INFO  : Sourcing of 'D:/FMCOMMS4_AD9364_Fifo_Tlast_FFT/Ws/FMCOMMS4_AD9364/_ide/psinit/ps7_init.tcl' is done.
09:28:19 INFO  : 'ps7_init' command is executed.
09:28:19 INFO  : 'ps7_post_config' command is executed.
09:28:19 INFO  : Context for processor 'ps7_cortexa9_0' is selected.
09:28:19 INFO  : The application 'D:/FMCOMMS4_AD9364_Fifo_Tlast_FFT/Ws/FMCOMMS4_AD9364/Debug/FMCOMMS4_AD9364.elf' is downloaded to processor 'ps7_cortexa9_0'.
09:28:19 INFO  : 'configparams force-mem-access 0' command is executed.
09:28:19 INFO  : ----------------XSDB Script----------------
connect -url tcp:127.0.0.1:3121
targets -set -nocase -filter {name =~"APU*"}
rst -system
after 3000
targets -set -filter {jtag_cable_name =~ "Digilent Zed 210248BE0D85" && level==0 && jtag_device_ctx=="jsn-Zed-210248BE0D85-23727093-0"}
fpga -file D:/FMCOMMS4_AD9364_Fifo_Tlast_FFT/Ws/FMCOMMS4_AD9364/_ide/bitstream/system_top.bit
targets -set -nocase -filter {name =~"APU*"}
loadhw -hw D:/FMCOMMS4_AD9364_Fifo_Tlast_FFT/Ws/system_top/export/system_top/hw/system_top.xsa -mem-ranges [list {0x40000000 0xbfffffff}] -regs
configparams force-mem-access 1
targets -set -nocase -filter {name =~"APU*"}
source D:/FMCOMMS4_AD9364_Fifo_Tlast_FFT/Ws/FMCOMMS4_AD9364/_ide/psinit/ps7_init.tcl
ps7_init
ps7_post_config
targets -set -nocase -filter {name =~ "*A9*#0"}
dow D:/FMCOMMS4_AD9364_Fifo_Tlast_FFT/Ws/FMCOMMS4_AD9364/Debug/FMCOMMS4_AD9364.elf
configparams force-mem-access 0
----------------End of Script----------------

09:28:19 INFO  : Context for processor 'ps7_cortexa9_0' is selected.
09:28:19 INFO  : 'con' command is executed.
09:28:19 INFO  : ----------------XSDB Script (After Launch)----------------
targets -set -nocase -filter {name =~ "*A9*#0"}
con
----------------End of Script----------------

09:28:19 INFO  : Launch script is exported to file 'D:\FMCOMMS4_AD9364_Fifo_Tlast_FFT\Ws\FMCOMMS4_AD9364_system\_ide\scripts\debugger_fmcomms4_ad9364-default.tcl'
09:29:22 INFO  : Disconnected from the channel tcfchan#14.
09:29:23 INFO  : Connected to target on host '127.0.0.1' and port '3121'.
09:29:23 INFO  : Jtag cable 'Digilent Zed 210248BE0D85' is selected.
09:29:23 INFO  : 'jtag frequency' command is executed.
09:29:23 INFO  : Context for 'APU' is selected.
09:29:23 INFO  : System reset is completed.
09:29:26 INFO  : 'after 3000' command is executed.
09:29:26 INFO  : 'targets -set -filter {jtag_cable_name =~ "Digilent Zed 210248BE0D85" && level==0 && jtag_device_ctx=="jsn-Zed-210248BE0D85-23727093-0"}' command is executed.
09:29:28 INFO  : Device configured successfully with "D:/FMCOMMS4_AD9364_Fifo_Tlast_FFT/Ws/FMCOMMS4_AD9364/_ide/bitstream/system_top.bit"
09:29:28 INFO  : Context for 'APU' is selected.
09:29:49 INFO  : Hardware design and registers information is loaded from 'D:/FMCOMMS4_AD9364_Fifo_Tlast_FFT/Ws/system_top/export/system_top/hw/system_top.xsa'.
09:29:49 INFO  : 'configparams force-mem-access 1' command is executed.
09:29:49 INFO  : Context for 'APU' is selected.
09:29:49 INFO  : Sourcing of 'D:/FMCOMMS4_AD9364_Fifo_Tlast_FFT/Ws/FMCOMMS4_AD9364/_ide/psinit/ps7_init.tcl' is done.
09:29:49 INFO  : 'ps7_init' command is executed.
09:29:49 INFO  : 'ps7_post_config' command is executed.
09:29:49 INFO  : Context for processor 'ps7_cortexa9_0' is selected.
09:29:50 INFO  : The application 'D:/FMCOMMS4_AD9364_Fifo_Tlast_FFT/Ws/FMCOMMS4_AD9364/Debug/FMCOMMS4_AD9364.elf' is downloaded to processor 'ps7_cortexa9_0'.
09:29:50 INFO  : 'configparams force-mem-access 0' command is executed.
09:29:50 INFO  : ----------------XSDB Script----------------
connect -url tcp:127.0.0.1:3121
targets -set -nocase -filter {name =~"APU*"}
rst -system
after 3000
targets -set -filter {jtag_cable_name =~ "Digilent Zed 210248BE0D85" && level==0 && jtag_device_ctx=="jsn-Zed-210248BE0D85-23727093-0"}
fpga -file D:/FMCOMMS4_AD9364_Fifo_Tlast_FFT/Ws/FMCOMMS4_AD9364/_ide/bitstream/system_top.bit
targets -set -nocase -filter {name =~"APU*"}
loadhw -hw D:/FMCOMMS4_AD9364_Fifo_Tlast_FFT/Ws/system_top/export/system_top/hw/system_top.xsa -mem-ranges [list {0x40000000 0xbfffffff}] -regs
configparams force-mem-access 1
targets -set -nocase -filter {name =~"APU*"}
source D:/FMCOMMS4_AD9364_Fifo_Tlast_FFT/Ws/FMCOMMS4_AD9364/_ide/psinit/ps7_init.tcl
ps7_init
ps7_post_config
targets -set -nocase -filter {name =~ "*A9*#0"}
dow D:/FMCOMMS4_AD9364_Fifo_Tlast_FFT/Ws/FMCOMMS4_AD9364/Debug/FMCOMMS4_AD9364.elf
configparams force-mem-access 0
----------------End of Script----------------

09:29:50 INFO  : Context for processor 'ps7_cortexa9_0' is selected.
09:29:50 INFO  : 'con' command is executed.
09:29:50 INFO  : ----------------XSDB Script (After Launch)----------------
targets -set -nocase -filter {name =~ "*A9*#0"}
con
----------------End of Script----------------

09:29:50 INFO  : Launch script is exported to file 'D:\FMCOMMS4_AD9364_Fifo_Tlast_FFT\Ws\FMCOMMS4_AD9364_system\_ide\scripts\debugger_fmcomms4_ad9364-default.tcl'
10:01:25 INFO  : Disconnected from the channel tcfchan#15.
10:01:26 INFO  : Connected to target on host '127.0.0.1' and port '3121'.
10:01:26 INFO  : Jtag cable 'Digilent Zed 210248BE0D85' is selected.
10:01:26 ERROR : port closed
10:01:26 INFO  : ----------------XSDB Script----------------
connect -url tcp:127.0.0.1:3121
----------------End of Script----------------

10:01:26 ERROR : port closed
10:01:29 INFO  : Connected to target on host '127.0.0.1' and port '3121'.
10:01:29 INFO  : Jtag cable 'Digilent Zed 210248BE0D85' is selected.
10:01:29 INFO  : 'jtag frequency' command is executed.
10:01:29 INFO  : Context for 'APU' is selected.
10:01:29 INFO  : System reset is completed.
10:01:32 INFO  : 'after 3000' command is executed.
10:01:32 INFO  : 'targets -set -filter {jtag_cable_name =~ "Digilent Zed 210248BE0D85" && level==0 && jtag_device_ctx=="jsn-Zed-210248BE0D85-23727093-0"}' command is executed.
10:01:34 INFO  : Device configured successfully with "D:/FMCOMMS4_AD9364_Fifo_Tlast_FFT/Ws/FMCOMMS4_AD9364/_ide/bitstream/system_top.bit"
10:01:34 INFO  : Context for 'APU' is selected.
10:01:59 INFO  : Hardware design and registers information is loaded from 'D:/FMCOMMS4_AD9364_Fifo_Tlast_FFT/Ws/system_top/export/system_top/hw/system_top.xsa'.
10:01:59 INFO  : 'configparams force-mem-access 1' command is executed.
10:01:59 INFO  : Context for 'APU' is selected.
10:01:59 INFO  : Sourcing of 'D:/FMCOMMS4_AD9364_Fifo_Tlast_FFT/Ws/FMCOMMS4_AD9364/_ide/psinit/ps7_init.tcl' is done.
10:01:59 INFO  : 'ps7_init' command is executed.
10:01:59 INFO  : 'ps7_post_config' command is executed.
10:01:59 INFO  : Context for processor 'ps7_cortexa9_0' is selected.
10:02:00 INFO  : The application 'D:/FMCOMMS4_AD9364_Fifo_Tlast_FFT/Ws/FMCOMMS4_AD9364/Debug/FMCOMMS4_AD9364.elf' is downloaded to processor 'ps7_cortexa9_0'.
10:02:00 INFO  : 'configparams force-mem-access 0' command is executed.
10:02:00 INFO  : ----------------XSDB Script----------------
connect -url tcp:127.0.0.1:3121
targets -set -nocase -filter {name =~"APU*"}
rst -system
after 3000
targets -set -filter {jtag_cable_name =~ "Digilent Zed 210248BE0D85" && level==0 && jtag_device_ctx=="jsn-Zed-210248BE0D85-23727093-0"}
fpga -file D:/FMCOMMS4_AD9364_Fifo_Tlast_FFT/Ws/FMCOMMS4_AD9364/_ide/bitstream/system_top.bit
targets -set -nocase -filter {name =~"APU*"}
loadhw -hw D:/FMCOMMS4_AD9364_Fifo_Tlast_FFT/Ws/system_top/export/system_top/hw/system_top.xsa -mem-ranges [list {0x40000000 0xbfffffff}] -regs
configparams force-mem-access 1
targets -set -nocase -filter {name =~"APU*"}
source D:/FMCOMMS4_AD9364_Fifo_Tlast_FFT/Ws/FMCOMMS4_AD9364/_ide/psinit/ps7_init.tcl
ps7_init
ps7_post_config
targets -set -nocase -filter {name =~ "*A9*#0"}
dow D:/FMCOMMS4_AD9364_Fifo_Tlast_FFT/Ws/FMCOMMS4_AD9364/Debug/FMCOMMS4_AD9364.elf
configparams force-mem-access 0
----------------End of Script----------------

10:02:00 INFO  : Context for processor 'ps7_cortexa9_0' is selected.
10:02:00 INFO  : 'con' command is executed.
10:02:00 INFO  : ----------------XSDB Script (After Launch)----------------
targets -set -nocase -filter {name =~ "*A9*#0"}
con
----------------End of Script----------------

10:02:00 INFO  : Launch script is exported to file 'D:\FMCOMMS4_AD9364_Fifo_Tlast_FFT\Ws\FMCOMMS4_AD9364_system\_ide\scripts\debugger_fmcomms4_ad9364-default.tcl'
10:02:34 INFO  : Disconnected from the channel tcfchan#16.
10:02:35 INFO  : Connected to target on host '127.0.0.1' and port '3121'.
10:02:35 INFO  : Jtag cable 'Digilent Zed 210248BE0D85' is selected.
10:02:35 ERROR : port closed
10:02:35 INFO  : ----------------XSDB Script----------------
connect -url tcp:127.0.0.1:3121
----------------End of Script----------------

10:02:35 ERROR : port closed
10:02:38 INFO  : Connected to target on host '127.0.0.1' and port '3121'.
10:02:38 INFO  : Jtag cable 'Digilent Zed 210248BE0D85' is selected.
10:02:38 INFO  : 'jtag frequency' command is executed.
10:02:38 INFO  : Context for 'APU' is selected.
10:02:38 INFO  : System reset is completed.
10:02:41 INFO  : 'after 3000' command is executed.
10:02:42 INFO  : 'targets -set -filter {jtag_cable_name =~ "Digilent Zed 210248BE0D85" && level==0 && jtag_device_ctx=="jsn-Zed-210248BE0D85-23727093-0"}' command is executed.
10:02:44 INFO  : Device configured successfully with "D:/FMCOMMS4_AD9364_Fifo_Tlast_FFT/Ws/FMCOMMS4_AD9364/_ide/bitstream/system_top.bit"
10:02:44 INFO  : Context for 'APU' is selected.
10:03:08 INFO  : Hardware design and registers information is loaded from 'D:/FMCOMMS4_AD9364_Fifo_Tlast_FFT/Ws/system_top/export/system_top/hw/system_top.xsa'.
10:03:08 INFO  : 'configparams force-mem-access 1' command is executed.
10:03:08 INFO  : Context for 'APU' is selected.
10:03:08 INFO  : Sourcing of 'D:/FMCOMMS4_AD9364_Fifo_Tlast_FFT/Ws/FMCOMMS4_AD9364/_ide/psinit/ps7_init.tcl' is done.
10:03:09 INFO  : 'ps7_init' command is executed.
10:03:09 INFO  : 'ps7_post_config' command is executed.
10:03:09 INFO  : Context for processor 'ps7_cortexa9_0' is selected.
10:03:09 INFO  : The application 'D:/FMCOMMS4_AD9364_Fifo_Tlast_FFT/Ws/FMCOMMS4_AD9364/Debug/FMCOMMS4_AD9364.elf' is downloaded to processor 'ps7_cortexa9_0'.
10:03:09 INFO  : 'configparams force-mem-access 0' command is executed.
10:03:09 INFO  : ----------------XSDB Script----------------
connect -url tcp:127.0.0.1:3121
targets -set -nocase -filter {name =~"APU*"}
rst -system
after 3000
targets -set -filter {jtag_cable_name =~ "Digilent Zed 210248BE0D85" && level==0 && jtag_device_ctx=="jsn-Zed-210248BE0D85-23727093-0"}
fpga -file D:/FMCOMMS4_AD9364_Fifo_Tlast_FFT/Ws/FMCOMMS4_AD9364/_ide/bitstream/system_top.bit
targets -set -nocase -filter {name =~"APU*"}
loadhw -hw D:/FMCOMMS4_AD9364_Fifo_Tlast_FFT/Ws/system_top/export/system_top/hw/system_top.xsa -mem-ranges [list {0x40000000 0xbfffffff}] -regs
configparams force-mem-access 1
targets -set -nocase -filter {name =~"APU*"}
source D:/FMCOMMS4_AD9364_Fifo_Tlast_FFT/Ws/FMCOMMS4_AD9364/_ide/psinit/ps7_init.tcl
ps7_init
ps7_post_config
targets -set -nocase -filter {name =~ "*A9*#0"}
dow D:/FMCOMMS4_AD9364_Fifo_Tlast_FFT/Ws/FMCOMMS4_AD9364/Debug/FMCOMMS4_AD9364.elf
configparams force-mem-access 0
----------------End of Script----------------

10:03:09 INFO  : Context for processor 'ps7_cortexa9_0' is selected.
10:03:09 INFO  : 'con' command is executed.
10:03:09 INFO  : ----------------XSDB Script (After Launch)----------------
targets -set -nocase -filter {name =~ "*A9*#0"}
con
----------------End of Script----------------

10:03:09 INFO  : Launch script is exported to file 'D:\FMCOMMS4_AD9364_Fifo_Tlast_FFT\Ws\FMCOMMS4_AD9364_system\_ide\scripts\debugger_fmcomms4_ad9364-default.tcl'
10:04:59 INFO  : Checking for BSP changes to sync application flags for project 'FMCOMMS4_AD9364'...
10:05:09 INFO  : Checking for BSP changes to sync application flags for project 'FMCOMMS4_AD9364'...
10:05:12 ERROR : (XSDB Server)ERROR: [Hsi 55-1571] The design file D:/FMCOMMS4_AD9364_Fifo_Tlast_FFT/Ws/system_top/export/system_top/hw/system_top.xsa is already opened

10:05:20 INFO  : Checking for BSP changes to sync application flags for project 'FMCOMMS4_AD9364'...
10:05:23 ERROR : (XSDB Server)ERROR: [Hsi 55-1571] The design file D:/FMCOMMS4_AD9364_Fifo_Tlast_FFT/Ws/system_top/export/system_top/hw/system_top.xsa is already opened

10:05:28 INFO  : Checking for BSP changes to sync application flags for project 'FMCOMMS4_AD9364'...
10:05:31 ERROR : (XSDB Server)ERROR: [Hsi 55-1571] The design file D:/FMCOMMS4_AD9364_Fifo_Tlast_FFT/Ws/system_top/export/system_top/hw/system_top.xsa is already opened

10:05:40 INFO  : Disconnected from the channel tcfchan#17.
10:05:41 INFO  : Connected to target on host '127.0.0.1' and port '3121'.
10:05:43 INFO  : Jtag cable 'Digilent Zed 210248BE0D85' is selected.
10:05:43 INFO  : 'jtag frequency' command is executed.
10:05:43 INFO  : Context for 'APU' is selected.
10:05:43 INFO  : System reset is completed.
10:05:46 INFO  : 'after 3000' command is executed.
10:05:46 INFO  : 'targets -set -filter {jtag_cable_name =~ "Digilent Zed 210248BE0D85" && level==0 && jtag_device_ctx=="jsn-Zed-210248BE0D85-23727093-0"}' command is executed.
10:05:48 INFO  : Device configured successfully with "D:/FMCOMMS4_AD9364_Fifo_Tlast_FFT/Ws/FMCOMMS4_AD9364/_ide/bitstream/system_top.bit"
10:05:48 INFO  : Context for 'APU' is selected.
10:06:13 INFO  : Hardware design and registers information is loaded from 'D:/FMCOMMS4_AD9364_Fifo_Tlast_FFT/Ws/system_top/export/system_top/hw/system_top.xsa'.
10:06:13 INFO  : 'configparams force-mem-access 1' command is executed.
10:06:13 INFO  : Context for 'APU' is selected.
10:06:13 INFO  : Sourcing of 'D:/FMCOMMS4_AD9364_Fifo_Tlast_FFT/Ws/FMCOMMS4_AD9364/_ide/psinit/ps7_init.tcl' is done.
10:06:13 INFO  : 'ps7_init' command is executed.
10:06:13 INFO  : 'ps7_post_config' command is executed.
10:06:13 INFO  : Context for processor 'ps7_cortexa9_0' is selected.
10:06:14 INFO  : The application 'D:/FMCOMMS4_AD9364_Fifo_Tlast_FFT/Ws/FMCOMMS4_AD9364/Debug/FMCOMMS4_AD9364.elf' is downloaded to processor 'ps7_cortexa9_0'.
10:06:14 INFO  : 'configparams force-mem-access 0' command is executed.
10:06:14 INFO  : ----------------XSDB Script----------------
connect -url tcp:127.0.0.1:3121
targets -set -nocase -filter {name =~"APU*"}
rst -system
after 3000
targets -set -filter {jtag_cable_name =~ "Digilent Zed 210248BE0D85" && level==0 && jtag_device_ctx=="jsn-Zed-210248BE0D85-23727093-0"}
fpga -file D:/FMCOMMS4_AD9364_Fifo_Tlast_FFT/Ws/FMCOMMS4_AD9364/_ide/bitstream/system_top.bit
targets -set -nocase -filter {name =~"APU*"}
loadhw -hw D:/FMCOMMS4_AD9364_Fifo_Tlast_FFT/Ws/system_top/export/system_top/hw/system_top.xsa -mem-ranges [list {0x40000000 0xbfffffff}] -regs
configparams force-mem-access 1
targets -set -nocase -filter {name =~"APU*"}
source D:/FMCOMMS4_AD9364_Fifo_Tlast_FFT/Ws/FMCOMMS4_AD9364/_ide/psinit/ps7_init.tcl
ps7_init
ps7_post_config
targets -set -nocase -filter {name =~ "*A9*#0"}
dow D:/FMCOMMS4_AD9364_Fifo_Tlast_FFT/Ws/FMCOMMS4_AD9364/Debug/FMCOMMS4_AD9364.elf
configparams force-mem-access 0
----------------End of Script----------------

10:06:14 INFO  : Context for processor 'ps7_cortexa9_0' is selected.
10:06:14 INFO  : 'con' command is executed.
10:06:14 INFO  : ----------------XSDB Script (After Launch)----------------
targets -set -nocase -filter {name =~ "*A9*#0"}
con
----------------End of Script----------------

10:06:14 INFO  : Launch script is exported to file 'D:\FMCOMMS4_AD9364_Fifo_Tlast_FFT\Ws\FMCOMMS4_AD9364_system\_ide\scripts\debugger_fmcomms4_ad9364-default.tcl'
10:08:04 INFO  : Checking for BSP changes to sync application flags for project 'FMCOMMS4_AD9364'...
10:08:07 ERROR : (XSDB Server)ERROR: [Hsi 55-1571] The design file D:/FMCOMMS4_AD9364_Fifo_Tlast_FFT/Ws/system_top/export/system_top/hw/system_top.xsa is already opened

10:08:12 INFO  : Checking for BSP changes to sync application flags for project 'FMCOMMS4_AD9364'...
10:08:14 ERROR : (XSDB Server)ERROR: [Hsi 55-1571] The design file D:/FMCOMMS4_AD9364_Fifo_Tlast_FFT/Ws/system_top/export/system_top/hw/system_top.xsa is already opened

10:08:25 INFO  : Disconnected from the channel tcfchan#21.
10:08:26 INFO  : Connected to target on host '127.0.0.1' and port '3121'.
10:08:35 INFO  : ----------------XSDB Script----------------
connect -url tcp:127.0.0.1:3121
----------------End of Script----------------

10:08:35 ERROR : Could not find Jtag device on the board for connection 'Local'.


Troubleshooting hints:
1. Check whether board is connected to system properly.
2. In case of zynq board, check whether Digilent/Xilinx cable switch settings are correct.
3. If you are using Xilinx Platform Cable USB, ensure that status LED is green.
10:08:55 INFO  : Connected to target on host '127.0.0.1' and port '3121'.
10:08:55 INFO  : Jtag cable 'Digilent Zed 210248BE0D85' is selected.
10:08:55 INFO  : 'jtag frequency' command is executed.
10:08:55 INFO  : Context for 'APU' is selected.
10:08:55 INFO  : System reset is completed.
10:08:58 INFO  : 'after 3000' command is executed.
10:08:58 INFO  : 'targets -set -filter {jtag_cable_name =~ "Digilent Zed 210248BE0D85" && level==0 && jtag_device_ctx=="jsn-Zed-210248BE0D85-23727093-0"}' command is executed.
10:09:00 INFO  : Device configured successfully with "D:/FMCOMMS4_AD9364_Fifo_Tlast_FFT/Ws/FMCOMMS4_AD9364/_ide/bitstream/system_top.bit"
10:09:00 INFO  : Context for 'APU' is selected.
10:09:23 INFO  : Hardware design and registers information is loaded from 'D:/FMCOMMS4_AD9364_Fifo_Tlast_FFT/Ws/system_top/export/system_top/hw/system_top.xsa'.
10:09:23 INFO  : 'configparams force-mem-access 1' command is executed.
10:09:23 INFO  : Context for 'APU' is selected.
10:09:23 INFO  : Sourcing of 'D:/FMCOMMS4_AD9364_Fifo_Tlast_FFT/Ws/FMCOMMS4_AD9364/_ide/psinit/ps7_init.tcl' is done.
10:09:23 INFO  : 'ps7_init' command is executed.
10:09:23 INFO  : 'ps7_post_config' command is executed.
10:09:23 INFO  : Context for processor 'ps7_cortexa9_0' is selected.
10:09:24 INFO  : The application 'D:/FMCOMMS4_AD9364_Fifo_Tlast_FFT/Ws/FMCOMMS4_AD9364/Debug/FMCOMMS4_AD9364.elf' is downloaded to processor 'ps7_cortexa9_0'.
10:09:24 INFO  : 'configparams force-mem-access 0' command is executed.
10:09:24 INFO  : ----------------XSDB Script----------------
connect -url tcp:127.0.0.1:3121
targets -set -nocase -filter {name =~"APU*"}
rst -system
after 3000
targets -set -filter {jtag_cable_name =~ "Digilent Zed 210248BE0D85" && level==0 && jtag_device_ctx=="jsn-Zed-210248BE0D85-23727093-0"}
fpga -file D:/FMCOMMS4_AD9364_Fifo_Tlast_FFT/Ws/FMCOMMS4_AD9364/_ide/bitstream/system_top.bit
targets -set -nocase -filter {name =~"APU*"}
loadhw -hw D:/FMCOMMS4_AD9364_Fifo_Tlast_FFT/Ws/system_top/export/system_top/hw/system_top.xsa -mem-ranges [list {0x40000000 0xbfffffff}] -regs
configparams force-mem-access 1
targets -set -nocase -filter {name =~"APU*"}
source D:/FMCOMMS4_AD9364_Fifo_Tlast_FFT/Ws/FMCOMMS4_AD9364/_ide/psinit/ps7_init.tcl
ps7_init
ps7_post_config
targets -set -nocase -filter {name =~ "*A9*#0"}
dow D:/FMCOMMS4_AD9364_Fifo_Tlast_FFT/Ws/FMCOMMS4_AD9364/Debug/FMCOMMS4_AD9364.elf
configparams force-mem-access 0
----------------End of Script----------------

10:09:24 INFO  : Context for processor 'ps7_cortexa9_0' is selected.
10:09:24 INFO  : 'con' command is executed.
10:09:24 INFO  : ----------------XSDB Script (After Launch)----------------
targets -set -nocase -filter {name =~ "*A9*#0"}
con
----------------End of Script----------------

10:09:24 INFO  : Launch script is exported to file 'D:\FMCOMMS4_AD9364_Fifo_Tlast_FFT\Ws\FMCOMMS4_AD9364_system\_ide\scripts\debugger_fmcomms4_ad9364-default.tcl'
10:13:54 INFO  : Checking for BSP changes to sync application flags for project 'FMCOMMS4_AD9364'...
10:13:57 ERROR : (XSDB Server)ERROR: [Hsi 55-1571] The design file D:/FMCOMMS4_AD9364_Fifo_Tlast_FFT/Ws/system_top/export/system_top/hw/system_top.xsa is already opened

10:14:03 INFO  : Checking for BSP changes to sync application flags for project 'FMCOMMS4_AD9364'...
10:14:05 ERROR : (XSDB Server)ERROR: [Hsi 55-1571] The design file D:/FMCOMMS4_AD9364_Fifo_Tlast_FFT/Ws/system_top/export/system_top/hw/system_top.xsa is already opened

10:16:21 INFO  : Checking for BSP changes to sync application flags for project 'FMCOMMS4_AD9364'...
10:16:24 ERROR : (XSDB Server)ERROR: [Hsi 55-1571] The design file D:/FMCOMMS4_AD9364_Fifo_Tlast_FFT/Ws/system_top/export/system_top/hw/system_top.xsa is already opened

10:17:32 INFO  : Checking for BSP changes to sync application flags for project 'FMCOMMS4_AD9364'...
10:17:35 ERROR : (XSDB Server)ERROR: [Hsi 55-1571] The design file D:/FMCOMMS4_AD9364_Fifo_Tlast_FFT/Ws/system_top/export/system_top/hw/system_top.xsa is already opened

10:17:41 INFO  : Checking for BSP changes to sync application flags for project 'FMCOMMS4_AD9364'...
10:17:43 ERROR : (XSDB Server)ERROR: [Hsi 55-1571] The design file D:/FMCOMMS4_AD9364_Fifo_Tlast_FFT/Ws/system_top/export/system_top/hw/system_top.xsa is already opened

10:18:32 INFO  : Checking for BSP changes to sync application flags for project 'FMCOMMS4_AD9364'...
10:18:34 ERROR : (XSDB Server)ERROR: [Hsi 55-1571] The design file D:/FMCOMMS4_AD9364_Fifo_Tlast_FFT/Ws/system_top/export/system_top/hw/system_top.xsa is already opened

10:18:42 INFO  : Disconnected from the channel tcfchan#24.
10:18:43 INFO  : Connected to target on host '127.0.0.1' and port '3121'.
10:18:43 INFO  : Jtag cable 'Digilent Zed 210248BE0D85' is selected.
10:18:43 ERROR : port closed
10:18:43 INFO  : ----------------XSDB Script----------------
connect -url tcp:127.0.0.1:3121
----------------End of Script----------------

10:18:43 ERROR : port closed
10:18:45 INFO  : Connected to target on host '127.0.0.1' and port '3121'.
10:18:46 INFO  : Jtag cable 'Digilent Zed 210248BE0D85' is selected.
10:18:46 INFO  : 'jtag frequency' command is executed.
10:18:46 INFO  : Context for 'APU' is selected.
10:18:46 INFO  : System reset is completed.
10:18:49 INFO  : 'after 3000' command is executed.
10:18:49 INFO  : 'targets -set -filter {jtag_cable_name =~ "Digilent Zed 210248BE0D85" && level==0 && jtag_device_ctx=="jsn-Zed-210248BE0D85-23727093-0"}' command is executed.
10:18:51 INFO  : Device configured successfully with "D:/FMCOMMS4_AD9364_Fifo_Tlast_FFT/Ws/FMCOMMS4_AD9364/_ide/bitstream/system_top.bit"
10:18:51 INFO  : Context for 'APU' is selected.
10:19:14 INFO  : Hardware design and registers information is loaded from 'D:/FMCOMMS4_AD9364_Fifo_Tlast_FFT/Ws/system_top/export/system_top/hw/system_top.xsa'.
10:19:14 INFO  : 'configparams force-mem-access 1' command is executed.
10:19:14 INFO  : Context for 'APU' is selected.
10:19:14 INFO  : Sourcing of 'D:/FMCOMMS4_AD9364_Fifo_Tlast_FFT/Ws/FMCOMMS4_AD9364/_ide/psinit/ps7_init.tcl' is done.
10:19:14 INFO  : 'ps7_init' command is executed.
10:19:14 INFO  : 'ps7_post_config' command is executed.
10:19:14 INFO  : Context for processor 'ps7_cortexa9_0' is selected.
10:19:15 INFO  : The application 'D:/FMCOMMS4_AD9364_Fifo_Tlast_FFT/Ws/FMCOMMS4_AD9364/Debug/FMCOMMS4_AD9364.elf' is downloaded to processor 'ps7_cortexa9_0'.
10:19:15 INFO  : 'configparams force-mem-access 0' command is executed.
10:19:15 INFO  : ----------------XSDB Script----------------
connect -url tcp:127.0.0.1:3121
targets -set -nocase -filter {name =~"APU*"}
rst -system
after 3000
targets -set -filter {jtag_cable_name =~ "Digilent Zed 210248BE0D85" && level==0 && jtag_device_ctx=="jsn-Zed-210248BE0D85-23727093-0"}
fpga -file D:/FMCOMMS4_AD9364_Fifo_Tlast_FFT/Ws/FMCOMMS4_AD9364/_ide/bitstream/system_top.bit
targets -set -nocase -filter {name =~"APU*"}
loadhw -hw D:/FMCOMMS4_AD9364_Fifo_Tlast_FFT/Ws/system_top/export/system_top/hw/system_top.xsa -mem-ranges [list {0x40000000 0xbfffffff}] -regs
configparams force-mem-access 1
targets -set -nocase -filter {name =~"APU*"}
source D:/FMCOMMS4_AD9364_Fifo_Tlast_FFT/Ws/FMCOMMS4_AD9364/_ide/psinit/ps7_init.tcl
ps7_init
ps7_post_config
targets -set -nocase -filter {name =~ "*A9*#0"}
dow D:/FMCOMMS4_AD9364_Fifo_Tlast_FFT/Ws/FMCOMMS4_AD9364/Debug/FMCOMMS4_AD9364.elf
configparams force-mem-access 0
----------------End of Script----------------

10:19:15 INFO  : Context for processor 'ps7_cortexa9_0' is selected.
10:19:15 INFO  : 'con' command is executed.
10:19:15 INFO  : ----------------XSDB Script (After Launch)----------------
targets -set -nocase -filter {name =~ "*A9*#0"}
con
----------------End of Script----------------

10:19:15 INFO  : Launch script is exported to file 'D:\FMCOMMS4_AD9364_Fifo_Tlast_FFT\Ws\FMCOMMS4_AD9364_system\_ide\scripts\debugger_fmcomms4_ad9364-default.tcl'
10:20:35 INFO  : Checking for BSP changes to sync application flags for project 'FMCOMMS4_AD9364'...
10:20:38 ERROR : (XSDB Server)ERROR: [Hsi 55-1571] The design file D:/FMCOMMS4_AD9364_Fifo_Tlast_FFT/Ws/system_top/export/system_top/hw/system_top.xsa is already opened

10:20:53 INFO  : Checking for BSP changes to sync application flags for project 'FMCOMMS4_AD9364'...
10:20:55 ERROR : (XSDB Server)ERROR: [Hsi 55-1571] The design file D:/FMCOMMS4_AD9364_Fifo_Tlast_FFT/Ws/system_top/export/system_top/hw/system_top.xsa is already opened

10:21:04 INFO  : Disconnected from the channel tcfchan#31.
10:21:05 INFO  : Connected to target on host '127.0.0.1' and port '3121'.
10:21:05 INFO  : Jtag cable 'Digilent Zed 210248BE0D85' is selected.
10:21:05 INFO  : 'jtag frequency' command is executed.
10:21:05 INFO  : Context for 'APU' is selected.
10:21:05 INFO  : System reset is completed.
10:21:08 INFO  : 'after 3000' command is executed.
10:21:08 INFO  : 'targets -set -filter {jtag_cable_name =~ "Digilent Zed 210248BE0D85" && level==0 && jtag_device_ctx=="jsn-Zed-210248BE0D85-23727093-0"}' command is executed.
10:21:11 INFO  : Device configured successfully with "D:/FMCOMMS4_AD9364_Fifo_Tlast_FFT/Ws/FMCOMMS4_AD9364/_ide/bitstream/system_top.bit"
10:21:11 INFO  : Context for 'APU' is selected.
10:21:34 INFO  : Hardware design and registers information is loaded from 'D:/FMCOMMS4_AD9364_Fifo_Tlast_FFT/Ws/system_top/export/system_top/hw/system_top.xsa'.
10:21:34 INFO  : 'configparams force-mem-access 1' command is executed.
10:21:34 INFO  : Context for 'APU' is selected.
10:21:34 INFO  : Sourcing of 'D:/FMCOMMS4_AD9364_Fifo_Tlast_FFT/Ws/FMCOMMS4_AD9364/_ide/psinit/ps7_init.tcl' is done.
10:21:34 INFO  : 'ps7_init' command is executed.
10:21:34 INFO  : 'ps7_post_config' command is executed.
10:21:34 INFO  : Context for processor 'ps7_cortexa9_0' is selected.
10:21:35 INFO  : The application 'D:/FMCOMMS4_AD9364_Fifo_Tlast_FFT/Ws/FMCOMMS4_AD9364/Debug/FMCOMMS4_AD9364.elf' is downloaded to processor 'ps7_cortexa9_0'.
10:21:35 INFO  : 'configparams force-mem-access 0' command is executed.
10:21:35 INFO  : ----------------XSDB Script----------------
connect -url tcp:127.0.0.1:3121
targets -set -nocase -filter {name =~"APU*"}
rst -system
after 3000
targets -set -filter {jtag_cable_name =~ "Digilent Zed 210248BE0D85" && level==0 && jtag_device_ctx=="jsn-Zed-210248BE0D85-23727093-0"}
fpga -file D:/FMCOMMS4_AD9364_Fifo_Tlast_FFT/Ws/FMCOMMS4_AD9364/_ide/bitstream/system_top.bit
targets -set -nocase -filter {name =~"APU*"}
loadhw -hw D:/FMCOMMS4_AD9364_Fifo_Tlast_FFT/Ws/system_top/export/system_top/hw/system_top.xsa -mem-ranges [list {0x40000000 0xbfffffff}] -regs
configparams force-mem-access 1
targets -set -nocase -filter {name =~"APU*"}
source D:/FMCOMMS4_AD9364_Fifo_Tlast_FFT/Ws/FMCOMMS4_AD9364/_ide/psinit/ps7_init.tcl
ps7_init
ps7_post_config
targets -set -nocase -filter {name =~ "*A9*#0"}
dow D:/FMCOMMS4_AD9364_Fifo_Tlast_FFT/Ws/FMCOMMS4_AD9364/Debug/FMCOMMS4_AD9364.elf
configparams force-mem-access 0
----------------End of Script----------------

10:21:35 INFO  : Context for processor 'ps7_cortexa9_0' is selected.
10:21:35 INFO  : 'con' command is executed.
10:21:35 INFO  : ----------------XSDB Script (After Launch)----------------
targets -set -nocase -filter {name =~ "*A9*#0"}
con
----------------End of Script----------------

10:21:35 INFO  : Launch script is exported to file 'D:\FMCOMMS4_AD9364_Fifo_Tlast_FFT\Ws\FMCOMMS4_AD9364_system\_ide\scripts\debugger_fmcomms4_ad9364-default.tcl'
10:22:06 INFO  : Checking for BSP changes to sync application flags for project 'FMCOMMS4_AD9364'...
10:22:09 ERROR : (XSDB Server)ERROR: [Hsi 55-1571] The design file D:/FMCOMMS4_AD9364_Fifo_Tlast_FFT/Ws/system_top/export/system_top/hw/system_top.xsa is already opened

10:22:44 INFO  : Checking for BSP changes to sync application flags for project 'FMCOMMS4_AD9364'...
10:22:46 ERROR : (XSDB Server)ERROR: [Hsi 55-1571] The design file D:/FMCOMMS4_AD9364_Fifo_Tlast_FFT/Ws/system_top/export/system_top/hw/system_top.xsa is already opened

10:22:55 INFO  : Disconnected from the channel tcfchan#34.
10:22:56 INFO  : Connected to target on host '127.0.0.1' and port '3121'.
10:22:56 INFO  : ----------------XSDB Script----------------
connect -url tcp:127.0.0.1:3121
----------------End of Script----------------

10:22:56 ERROR : Could not find FPGA device on the board for connection 'Local'.


Troubleshooting hints:
1. Check whether board is connected to system properly.
2. In case of zynq board, check whether Digilent/Xilinx cable switch settings are correct.
3. If you are using Xilinx Platform Cable USB, ensure that status LED is green.
10:22:59 INFO  : Connected to target on host '127.0.0.1' and port '3121'.
10:22:59 INFO  : Jtag cable 'Digilent Zed 210248BE0D85' is selected.
10:22:59 INFO  : 'jtag frequency' command is executed.
10:22:59 INFO  : Context for 'APU' is selected.
10:22:59 INFO  : System reset is completed.
10:23:02 INFO  : 'after 3000' command is executed.
10:23:03 INFO  : 'targets -set -filter {jtag_cable_name =~ "Digilent Zed 210248BE0D85" && level==0 && jtag_device_ctx=="jsn-Zed-210248BE0D85-23727093-0"}' command is executed.
10:23:05 INFO  : Device configured successfully with "D:/FMCOMMS4_AD9364_Fifo_Tlast_FFT/Ws/FMCOMMS4_AD9364/_ide/bitstream/system_top.bit"
10:23:05 INFO  : Context for 'APU' is selected.
10:23:28 INFO  : Hardware design and registers information is loaded from 'D:/FMCOMMS4_AD9364_Fifo_Tlast_FFT/Ws/system_top/export/system_top/hw/system_top.xsa'.
10:23:28 INFO  : 'configparams force-mem-access 1' command is executed.
10:23:28 INFO  : Context for 'APU' is selected.
10:23:28 INFO  : Sourcing of 'D:/FMCOMMS4_AD9364_Fifo_Tlast_FFT/Ws/FMCOMMS4_AD9364/_ide/psinit/ps7_init.tcl' is done.
10:23:28 INFO  : 'ps7_init' command is executed.
10:23:28 INFO  : 'ps7_post_config' command is executed.
10:23:28 INFO  : Context for processor 'ps7_cortexa9_0' is selected.
10:23:29 INFO  : The application 'D:/FMCOMMS4_AD9364_Fifo_Tlast_FFT/Ws/FMCOMMS4_AD9364/Debug/FMCOMMS4_AD9364.elf' is downloaded to processor 'ps7_cortexa9_0'.
10:23:29 INFO  : 'configparams force-mem-access 0' command is executed.
10:23:29 INFO  : ----------------XSDB Script----------------
connect -url tcp:127.0.0.1:3121
targets -set -nocase -filter {name =~"APU*"}
rst -system
after 3000
targets -set -filter {jtag_cable_name =~ "Digilent Zed 210248BE0D85" && level==0 && jtag_device_ctx=="jsn-Zed-210248BE0D85-23727093-0"}
fpga -file D:/FMCOMMS4_AD9364_Fifo_Tlast_FFT/Ws/FMCOMMS4_AD9364/_ide/bitstream/system_top.bit
targets -set -nocase -filter {name =~"APU*"}
loadhw -hw D:/FMCOMMS4_AD9364_Fifo_Tlast_FFT/Ws/system_top/export/system_top/hw/system_top.xsa -mem-ranges [list {0x40000000 0xbfffffff}] -regs
configparams force-mem-access 1
targets -set -nocase -filter {name =~"APU*"}
source D:/FMCOMMS4_AD9364_Fifo_Tlast_FFT/Ws/FMCOMMS4_AD9364/_ide/psinit/ps7_init.tcl
ps7_init
ps7_post_config
targets -set -nocase -filter {name =~ "*A9*#0"}
dow D:/FMCOMMS4_AD9364_Fifo_Tlast_FFT/Ws/FMCOMMS4_AD9364/Debug/FMCOMMS4_AD9364.elf
configparams force-mem-access 0
----------------End of Script----------------

10:23:29 INFO  : Context for processor 'ps7_cortexa9_0' is selected.
10:23:29 INFO  : 'con' command is executed.
10:23:29 INFO  : ----------------XSDB Script (After Launch)----------------
targets -set -nocase -filter {name =~ "*A9*#0"}
con
----------------End of Script----------------

10:23:29 INFO  : Launch script is exported to file 'D:\FMCOMMS4_AD9364_Fifo_Tlast_FFT\Ws\FMCOMMS4_AD9364_system\_ide\scripts\debugger_fmcomms4_ad9364-default.tcl'
10:23:48 INFO  : Checking for BSP changes to sync application flags for project 'FMCOMMS4_AD9364'...
10:23:51 ERROR : (XSDB Server)ERROR: [Hsi 55-1571] The design file D:/FMCOMMS4_AD9364_Fifo_Tlast_FFT/Ws/system_top/export/system_top/hw/system_top.xsa is already opened

10:24:33 INFO  : Checking for BSP changes to sync application flags for project 'FMCOMMS4_AD9364'...
10:24:35 ERROR : (XSDB Server)ERROR: [Hsi 55-1571] The design file D:/FMCOMMS4_AD9364_Fifo_Tlast_FFT/Ws/system_top/export/system_top/hw/system_top.xsa is already opened

10:24:41 INFO  : Disconnected from the channel tcfchan#37.
10:24:42 INFO  : Connected to target on host '127.0.0.1' and port '3121'.
10:24:43 INFO  : Jtag cable 'Digilent Zed 210248BE0D85' is selected.
10:24:43 INFO  : 'jtag frequency' command is executed.
10:24:43 INFO  : Context for 'APU' is selected.
10:24:43 INFO  : System reset is completed.
10:24:46 INFO  : 'after 3000' command is executed.
10:24:46 INFO  : 'targets -set -filter {jtag_cable_name =~ "Digilent Zed 210248BE0D85" && level==0 && jtag_device_ctx=="jsn-Zed-210248BE0D85-23727093-0"}' command is executed.
10:24:48 INFO  : Device configured successfully with "D:/FMCOMMS4_AD9364_Fifo_Tlast_FFT/Ws/FMCOMMS4_AD9364/_ide/bitstream/system_top.bit"
10:24:48 INFO  : Context for 'APU' is selected.
10:25:11 INFO  : Hardware design and registers information is loaded from 'D:/FMCOMMS4_AD9364_Fifo_Tlast_FFT/Ws/system_top/export/system_top/hw/system_top.xsa'.
10:25:11 INFO  : Connected to target on host '127.0.0.1' and port '3121'.
10:25:11 INFO  : 'configparams force-mem-access 1' command is executed.
10:25:11 INFO  : Context for 'APU' is selected.
10:25:11 INFO  : Sourcing of 'D:/FMCOMMS4_AD9364_Fifo_Tlast_FFT/Ws/FMCOMMS4_AD9364/_ide/psinit/ps7_init.tcl' is done.
10:25:11 INFO  : 'ps7_init' command is executed.
10:25:11 INFO  : 'ps7_post_config' command is executed.
10:25:11 INFO  : Context for processor 'ps7_cortexa9_0' is selected.
10:25:12 INFO  : The application 'D:/FMCOMMS4_AD9364_Fifo_Tlast_FFT/Ws/FMCOMMS4_AD9364/Debug/FMCOMMS4_AD9364.elf' is downloaded to processor 'ps7_cortexa9_0'.
10:25:12 INFO  : 'configparams force-mem-access 0' command is executed.
10:25:12 INFO  : ----------------XSDB Script----------------
connect -url tcp:127.0.0.1:3121
targets -set -nocase -filter {name =~"APU*"}
rst -system
after 3000
targets -set -filter {jtag_cable_name =~ "Digilent Zed 210248BE0D85" && level==0 && jtag_device_ctx=="jsn-Zed-210248BE0D85-23727093-0"}
fpga -file D:/FMCOMMS4_AD9364_Fifo_Tlast_FFT/Ws/FMCOMMS4_AD9364/_ide/bitstream/system_top.bit
targets -set -nocase -filter {name =~"APU*"}
loadhw -hw D:/FMCOMMS4_AD9364_Fifo_Tlast_FFT/Ws/system_top/export/system_top/hw/system_top.xsa -mem-ranges [list {0x40000000 0xbfffffff}] -regs
configparams force-mem-access 1
targets -set -nocase -filter {name =~"APU*"}
source D:/FMCOMMS4_AD9364_Fifo_Tlast_FFT/Ws/FMCOMMS4_AD9364/_ide/psinit/ps7_init.tcl
ps7_init
ps7_post_config
targets -set -nocase -filter {name =~ "*A9*#0"}
dow D:/FMCOMMS4_AD9364_Fifo_Tlast_FFT/Ws/FMCOMMS4_AD9364/Debug/FMCOMMS4_AD9364.elf
configparams force-mem-access 0
----------------End of Script----------------

10:25:12 INFO  : Context for processor 'ps7_cortexa9_0' is selected.
10:25:12 INFO  : 'con' command is executed.
10:25:12 INFO  : ----------------XSDB Script (After Launch)----------------
targets -set -nocase -filter {name =~ "*A9*#0"}
con
----------------End of Script----------------

10:25:12 INFO  : Launch script is exported to file 'D:\FMCOMMS4_AD9364_Fifo_Tlast_FFT\Ws\FMCOMMS4_AD9364_system\_ide\scripts\debugger_fmcomms4_ad9364-default.tcl'
10:25:12 INFO  : Jtag cable 'Digilent Zed 210248BE0D85' is selected.
10:25:12 INFO  : 'jtag frequency' command is executed.
10:25:12 INFO  : Context for 'APU' is selected.
10:25:12 INFO  : System reset is completed.
10:25:15 INFO  : 'after 3000' command is executed.
10:25:16 INFO  : 'targets -set -filter {jtag_cable_name =~ "Digilent Zed 210248BE0D85" && level==0 && jtag_device_ctx=="jsn-Zed-210248BE0D85-23727093-0"}' command is executed.
10:25:18 INFO  : Device configured successfully with "D:/FMCOMMS4_AD9364_Fifo_Tlast_FFT/Ws/FMCOMMS4_AD9364/_ide/bitstream/system_top.bit"
10:25:18 INFO  : Context for 'APU' is selected.
10:25:18 INFO  : Hardware design and registers information is loaded from 'D:/FMCOMMS4_AD9364_Fifo_Tlast_FFT/Ws/system_top/export/system_top/hw/system_top.xsa'.
10:25:18 INFO  : 'configparams force-mem-access 1' command is executed.
10:25:18 INFO  : Context for 'APU' is selected.
10:25:18 INFO  : Sourcing of 'D:/FMCOMMS4_AD9364_Fifo_Tlast_FFT/Ws/FMCOMMS4_AD9364/_ide/psinit/ps7_init.tcl' is done.
10:25:18 INFO  : 'ps7_init' command is executed.
10:25:18 INFO  : 'ps7_post_config' command is executed.
10:25:18 INFO  : Context for processor 'ps7_cortexa9_0' is selected.
10:25:19 INFO  : The application 'D:/FMCOMMS4_AD9364_Fifo_Tlast_FFT/Ws/FMCOMMS4_AD9364/Debug/FMCOMMS4_AD9364.elf' is downloaded to processor 'ps7_cortexa9_0'.
10:25:19 INFO  : 'configparams force-mem-access 0' command is executed.
10:25:19 INFO  : ----------------XSDB Script----------------
connect -url tcp:127.0.0.1:3121
targets -set -nocase -filter {name =~"APU*"}
rst -system
after 3000
targets -set -filter {jtag_cable_name =~ "Digilent Zed 210248BE0D85" && level==0 && jtag_device_ctx=="jsn-Zed-210248BE0D85-23727093-0"}
fpga -file D:/FMCOMMS4_AD9364_Fifo_Tlast_FFT/Ws/FMCOMMS4_AD9364/_ide/bitstream/system_top.bit
targets -set -nocase -filter {name =~"APU*"}
loadhw -hw D:/FMCOMMS4_AD9364_Fifo_Tlast_FFT/Ws/system_top/export/system_top/hw/system_top.xsa -mem-ranges [list {0x40000000 0xbfffffff}] -regs
configparams force-mem-access 1
targets -set -nocase -filter {name =~"APU*"}
source D:/FMCOMMS4_AD9364_Fifo_Tlast_FFT/Ws/FMCOMMS4_AD9364/_ide/psinit/ps7_init.tcl
ps7_init
ps7_post_config
targets -set -nocase -filter {name =~ "*A9*#0"}
dow D:/FMCOMMS4_AD9364_Fifo_Tlast_FFT/Ws/FMCOMMS4_AD9364/Debug/FMCOMMS4_AD9364.elf
configparams force-mem-access 0
----------------End of Script----------------

10:25:19 INFO  : Context for processor 'ps7_cortexa9_0' is selected.
10:25:19 INFO  : 'con' command is executed.
10:25:19 INFO  : ----------------XSDB Script (After Launch)----------------
targets -set -nocase -filter {name =~ "*A9*#0"}
con
----------------End of Script----------------

10:25:19 INFO  : Launch script is exported to file 'D:\FMCOMMS4_AD9364_Fifo_Tlast_FFT\Ws\FMCOMMS4_AD9364_system\_ide\scripts\debugger_fmcomms4_ad9364-default.tcl'
10:25:47 INFO  : Checking for BSP changes to sync application flags for project 'FMCOMMS4_AD9364'...
10:25:50 ERROR : (XSDB Server)ERROR: [Hsi 55-1571] The design file D:/FMCOMMS4_AD9364_Fifo_Tlast_FFT/Ws/system_top/export/system_top/hw/system_top.xsa is already opened

10:25:55 INFO  : Checking for BSP changes to sync application flags for project 'FMCOMMS4_AD9364'...
10:25:57 ERROR : (XSDB Server)ERROR: [Hsi 55-1571] The design file D:/FMCOMMS4_AD9364_Fifo_Tlast_FFT/Ws/system_top/export/system_top/hw/system_top.xsa is already opened

10:26:06 INFO  : Disconnected from the channel tcfchan#40.
10:26:07 INFO  : Connected to target on host '127.0.0.1' and port '3121'.
10:26:08 INFO  : Jtag cable 'Digilent Zed 210248BE0D85' is selected.
10:26:08 INFO  : 'jtag frequency' command is executed.
10:26:08 INFO  : Context for 'APU' is selected.
10:26:08 INFO  : System reset is completed.
10:26:11 INFO  : 'after 3000' command is executed.
10:26:11 INFO  : 'targets -set -filter {jtag_cable_name =~ "Digilent Zed 210248BE0D85" && level==0 && jtag_device_ctx=="jsn-Zed-210248BE0D85-23727093-0"}' command is executed.
10:26:13 INFO  : Device configured successfully with "D:/FMCOMMS4_AD9364_Fifo_Tlast_FFT/Ws/FMCOMMS4_AD9364/_ide/bitstream/system_top.bit"
10:26:13 INFO  : Context for 'APU' is selected.
10:26:36 INFO  : Hardware design and registers information is loaded from 'D:/FMCOMMS4_AD9364_Fifo_Tlast_FFT/Ws/system_top/export/system_top/hw/system_top.xsa'.
10:26:36 INFO  : 'configparams force-mem-access 1' command is executed.
10:26:36 INFO  : Context for 'APU' is selected.
10:26:36 INFO  : Sourcing of 'D:/FMCOMMS4_AD9364_Fifo_Tlast_FFT/Ws/FMCOMMS4_AD9364/_ide/psinit/ps7_init.tcl' is done.
10:26:36 INFO  : 'ps7_init' command is executed.
10:26:36 INFO  : 'ps7_post_config' command is executed.
10:26:36 INFO  : Context for processor 'ps7_cortexa9_0' is selected.
10:26:37 INFO  : The application 'D:/FMCOMMS4_AD9364_Fifo_Tlast_FFT/Ws/FMCOMMS4_AD9364/Debug/FMCOMMS4_AD9364.elf' is downloaded to processor 'ps7_cortexa9_0'.
10:26:37 INFO  : 'configparams force-mem-access 0' command is executed.
10:26:37 INFO  : ----------------XSDB Script----------------
connect -url tcp:127.0.0.1:3121
targets -set -nocase -filter {name =~"APU*"}
rst -system
after 3000
targets -set -filter {jtag_cable_name =~ "Digilent Zed 210248BE0D85" && level==0 && jtag_device_ctx=="jsn-Zed-210248BE0D85-23727093-0"}
fpga -file D:/FMCOMMS4_AD9364_Fifo_Tlast_FFT/Ws/FMCOMMS4_AD9364/_ide/bitstream/system_top.bit
targets -set -nocase -filter {name =~"APU*"}
loadhw -hw D:/FMCOMMS4_AD9364_Fifo_Tlast_FFT/Ws/system_top/export/system_top/hw/system_top.xsa -mem-ranges [list {0x40000000 0xbfffffff}] -regs
configparams force-mem-access 1
targets -set -nocase -filter {name =~"APU*"}
source D:/FMCOMMS4_AD9364_Fifo_Tlast_FFT/Ws/FMCOMMS4_AD9364/_ide/psinit/ps7_init.tcl
ps7_init
ps7_post_config
targets -set -nocase -filter {name =~ "*A9*#0"}
dow D:/FMCOMMS4_AD9364_Fifo_Tlast_FFT/Ws/FMCOMMS4_AD9364/Debug/FMCOMMS4_AD9364.elf
configparams force-mem-access 0
----------------End of Script----------------

10:26:37 INFO  : Context for processor 'ps7_cortexa9_0' is selected.
10:26:37 INFO  : 'con' command is executed.
10:26:37 INFO  : ----------------XSDB Script (After Launch)----------------
targets -set -nocase -filter {name =~ "*A9*#0"}
con
----------------End of Script----------------

10:26:37 INFO  : Launch script is exported to file 'D:\FMCOMMS4_AD9364_Fifo_Tlast_FFT\Ws\FMCOMMS4_AD9364_system\_ide\scripts\debugger_fmcomms4_ad9364-default.tcl'
10:28:54 INFO  : Checking for BSP changes to sync application flags for project 'FMCOMMS4_AD9364'...
10:28:57 ERROR : (XSDB Server)ERROR: [Hsi 55-1571] The design file D:/FMCOMMS4_AD9364_Fifo_Tlast_FFT/Ws/system_top/export/system_top/hw/system_top.xsa is already opened

10:29:02 INFO  : Checking for BSP changes to sync application flags for project 'FMCOMMS4_AD9364'...
10:29:04 ERROR : (XSDB Server)ERROR: [Hsi 55-1571] The design file D:/FMCOMMS4_AD9364_Fifo_Tlast_FFT/Ws/system_top/export/system_top/hw/system_top.xsa is already opened

10:29:14 INFO  : Disconnected from the channel tcfchan#43.
10:29:15 INFO  : Connected to target on host '127.0.0.1' and port '3121'.
10:29:16 INFO  : Jtag cable 'Digilent Zed 210248BE0D85' is selected.
10:29:16 INFO  : 'jtag frequency' command is executed.
10:29:16 INFO  : Context for 'APU' is selected.
10:29:16 INFO  : System reset is completed.
10:29:19 INFO  : 'after 3000' command is executed.
10:29:19 INFO  : 'targets -set -filter {jtag_cable_name =~ "Digilent Zed 210248BE0D85" && level==0 && jtag_device_ctx=="jsn-Zed-210248BE0D85-23727093-0"}' command is executed.
10:29:21 INFO  : Device configured successfully with "D:/FMCOMMS4_AD9364_Fifo_Tlast_FFT/Ws/FMCOMMS4_AD9364/_ide/bitstream/system_top.bit"
10:29:21 INFO  : Context for 'APU' is selected.
10:29:45 INFO  : Hardware design and registers information is loaded from 'D:/FMCOMMS4_AD9364_Fifo_Tlast_FFT/Ws/system_top/export/system_top/hw/system_top.xsa'.
10:29:45 INFO  : 'configparams force-mem-access 1' command is executed.
10:29:48 ERROR : no targets found with "name =~"APU*"". available targets: none
10:29:48 INFO  : ----------------XSDB Script----------------
connect -url tcp:127.0.0.1:3121
targets -set -nocase -filter {name =~"APU*"}
rst -system
after 3000
targets -set -filter {jtag_cable_name =~ "Digilent Zed 210248BE0D85" && level==0 && jtag_device_ctx=="jsn-Zed-210248BE0D85-23727093-0"}
fpga -file D:/FMCOMMS4_AD9364_Fifo_Tlast_FFT/Ws/FMCOMMS4_AD9364/_ide/bitstream/system_top.bit
targets -set -nocase -filter {name =~"APU*"}
loadhw -hw D:/FMCOMMS4_AD9364_Fifo_Tlast_FFT/Ws/system_top/export/system_top/hw/system_top.xsa -mem-ranges [list {0x40000000 0xbfffffff}] -regs
configparams force-mem-access 1
targets -set -nocase -filter {name =~"APU*"}
----------------End of Script----------------

10:29:48 ERROR : no targets found with "name =~"APU*"". available targets: none
10:29:56 INFO  : Connected to target on host '127.0.0.1' and port '3121'.
10:29:57 INFO  : Jtag cable 'Digilent Zed 210248BE0D85' is selected.
10:29:57 INFO  : 'jtag frequency' command is executed.
10:29:57 INFO  : Context for 'APU' is selected.
10:29:57 INFO  : System reset is completed.
10:30:00 INFO  : 'after 3000' command is executed.
10:30:00 INFO  : 'targets -set -filter {jtag_cable_name =~ "Digilent Zed 210248BE0D85" && level==0 && jtag_device_ctx=="jsn-Zed-210248BE0D85-23727093-0"}' command is executed.
10:30:02 INFO  : Device configured successfully with "D:/FMCOMMS4_AD9364_Fifo_Tlast_FFT/Ws/FMCOMMS4_AD9364/_ide/bitstream/system_top.bit"
10:30:02 INFO  : Context for 'APU' is selected.
10:30:02 INFO  : Hardware design and registers information is loaded from 'D:/FMCOMMS4_AD9364_Fifo_Tlast_FFT/Ws/system_top/export/system_top/hw/system_top.xsa'.
10:30:02 INFO  : 'configparams force-mem-access 1' command is executed.
10:30:02 INFO  : Context for 'APU' is selected.
10:30:02 INFO  : Sourcing of 'D:/FMCOMMS4_AD9364_Fifo_Tlast_FFT/Ws/FMCOMMS4_AD9364/_ide/psinit/ps7_init.tcl' is done.
10:30:02 INFO  : 'ps7_init' command is executed.
10:30:02 INFO  : 'ps7_post_config' command is executed.
10:30:02 INFO  : Context for processor 'ps7_cortexa9_0' is selected.
10:30:03 INFO  : The application 'D:/FMCOMMS4_AD9364_Fifo_Tlast_FFT/Ws/FMCOMMS4_AD9364/Debug/FMCOMMS4_AD9364.elf' is downloaded to processor 'ps7_cortexa9_0'.
10:30:03 INFO  : 'configparams force-mem-access 0' command is executed.
10:30:03 INFO  : ----------------XSDB Script----------------
connect -url tcp:127.0.0.1:3121
targets -set -nocase -filter {name =~"APU*"}
rst -system
after 3000
targets -set -filter {jtag_cable_name =~ "Digilent Zed 210248BE0D85" && level==0 && jtag_device_ctx=="jsn-Zed-210248BE0D85-23727093-0"}
fpga -file D:/FMCOMMS4_AD9364_Fifo_Tlast_FFT/Ws/FMCOMMS4_AD9364/_ide/bitstream/system_top.bit
targets -set -nocase -filter {name =~"APU*"}
loadhw -hw D:/FMCOMMS4_AD9364_Fifo_Tlast_FFT/Ws/system_top/export/system_top/hw/system_top.xsa -mem-ranges [list {0x40000000 0xbfffffff}] -regs
configparams force-mem-access 1
targets -set -nocase -filter {name =~"APU*"}
source D:/FMCOMMS4_AD9364_Fifo_Tlast_FFT/Ws/FMCOMMS4_AD9364/_ide/psinit/ps7_init.tcl
ps7_init
ps7_post_config
targets -set -nocase -filter {name =~ "*A9*#0"}
dow D:/FMCOMMS4_AD9364_Fifo_Tlast_FFT/Ws/FMCOMMS4_AD9364/Debug/FMCOMMS4_AD9364.elf
configparams force-mem-access 0
----------------End of Script----------------

10:30:03 INFO  : Context for processor 'ps7_cortexa9_0' is selected.
10:30:03 INFO  : 'con' command is executed.
10:30:03 INFO  : ----------------XSDB Script (After Launch)----------------
targets -set -nocase -filter {name =~ "*A9*#0"}
con
----------------End of Script----------------

10:30:03 INFO  : Launch script is exported to file 'D:\FMCOMMS4_AD9364_Fifo_Tlast_FFT\Ws\FMCOMMS4_AD9364_system\_ide\scripts\debugger_fmcomms4_ad9364-default.tcl'
10:33:49 INFO  : Checking for BSP changes to sync application flags for project 'FMCOMMS4_AD9364'...
10:33:52 ERROR : (XSDB Server)ERROR: [Hsi 55-1571] The design file D:/FMCOMMS4_AD9364_Fifo_Tlast_FFT/Ws/system_top/export/system_top/hw/system_top.xsa is already opened

10:33:58 INFO  : Checking for BSP changes to sync application flags for project 'FMCOMMS4_AD9364'...
10:34:00 ERROR : (XSDB Server)ERROR: [Hsi 55-1571] The design file D:/FMCOMMS4_AD9364_Fifo_Tlast_FFT/Ws/system_top/export/system_top/hw/system_top.xsa is already opened

10:34:11 INFO  : Disconnected from the channel tcfchan#46.
10:34:12 INFO  : Connected to target on host '127.0.0.1' and port '3121'.
10:34:13 INFO  : Jtag cable 'Digilent Zed 210248BE0D85' is selected.
10:34:13 INFO  : 'jtag frequency' command is executed.
10:34:13 INFO  : Context for 'APU' is selected.
10:34:13 INFO  : System reset is completed.
10:34:16 INFO  : 'after 3000' command is executed.
10:34:16 INFO  : 'targets -set -filter {jtag_cable_name =~ "Digilent Zed 210248BE0D85" && level==0 && jtag_device_ctx=="jsn-Zed-210248BE0D85-23727093-0"}' command is executed.
10:34:18 INFO  : Device configured successfully with "D:/FMCOMMS4_AD9364_Fifo_Tlast_FFT/Ws/FMCOMMS4_AD9364/_ide/bitstream/system_top.bit"
10:34:18 INFO  : Context for 'APU' is selected.
10:34:43 INFO  : Hardware design and registers information is loaded from 'D:/FMCOMMS4_AD9364_Fifo_Tlast_FFT/Ws/system_top/export/system_top/hw/system_top.xsa'.
10:34:43 INFO  : 'configparams force-mem-access 1' command is executed.
10:34:43 INFO  : Context for 'APU' is selected.
10:34:43 INFO  : Sourcing of 'D:/FMCOMMS4_AD9364_Fifo_Tlast_FFT/Ws/FMCOMMS4_AD9364/_ide/psinit/ps7_init.tcl' is done.
10:34:43 INFO  : 'ps7_init' command is executed.
10:34:43 INFO  : 'ps7_post_config' command is executed.
10:34:43 INFO  : Context for processor 'ps7_cortexa9_0' is selected.
10:34:44 INFO  : The application 'D:/FMCOMMS4_AD9364_Fifo_Tlast_FFT/Ws/FMCOMMS4_AD9364/Debug/FMCOMMS4_AD9364.elf' is downloaded to processor 'ps7_cortexa9_0'.
10:34:44 INFO  : 'configparams force-mem-access 0' command is executed.
10:34:44 INFO  : ----------------XSDB Script----------------
connect -url tcp:127.0.0.1:3121
targets -set -nocase -filter {name =~"APU*"}
rst -system
after 3000
targets -set -filter {jtag_cable_name =~ "Digilent Zed 210248BE0D85" && level==0 && jtag_device_ctx=="jsn-Zed-210248BE0D85-23727093-0"}
fpga -file D:/FMCOMMS4_AD9364_Fifo_Tlast_FFT/Ws/FMCOMMS4_AD9364/_ide/bitstream/system_top.bit
targets -set -nocase -filter {name =~"APU*"}
loadhw -hw D:/FMCOMMS4_AD9364_Fifo_Tlast_FFT/Ws/system_top/export/system_top/hw/system_top.xsa -mem-ranges [list {0x40000000 0xbfffffff}] -regs
configparams force-mem-access 1
targets -set -nocase -filter {name =~"APU*"}
source D:/FMCOMMS4_AD9364_Fifo_Tlast_FFT/Ws/FMCOMMS4_AD9364/_ide/psinit/ps7_init.tcl
ps7_init
ps7_post_config
targets -set -nocase -filter {name =~ "*A9*#0"}
dow D:/FMCOMMS4_AD9364_Fifo_Tlast_FFT/Ws/FMCOMMS4_AD9364/Debug/FMCOMMS4_AD9364.elf
configparams force-mem-access 0
----------------End of Script----------------

10:34:44 INFO  : Context for processor 'ps7_cortexa9_0' is selected.
10:34:44 INFO  : 'con' command is executed.
10:34:44 INFO  : ----------------XSDB Script (After Launch)----------------
targets -set -nocase -filter {name =~ "*A9*#0"}
con
----------------End of Script----------------

10:34:44 INFO  : Launch script is exported to file 'D:\FMCOMMS4_AD9364_Fifo_Tlast_FFT\Ws\FMCOMMS4_AD9364_system\_ide\scripts\debugger_fmcomms4_ad9364-default.tcl'
10:36:06 INFO  : Disconnected from the channel tcfchan#49.
10:36:07 INFO  : Connected to target on host '127.0.0.1' and port '3121'.
10:36:07 INFO  : Jtag cable 'Digilent Zed 210248BE0D85' is selected.
10:36:07 INFO  : 'jtag frequency' command is executed.
10:36:07 INFO  : Context for 'APU' is selected.
10:36:07 INFO  : System reset is completed.
10:36:10 INFO  : 'after 3000' command is executed.
10:36:10 INFO  : 'targets -set -filter {jtag_cable_name =~ "Digilent Zed 210248BE0D85" && level==0 && jtag_device_ctx=="jsn-Zed-210248BE0D85-23727093-0"}' command is executed.
10:36:13 INFO  : Device configured successfully with "D:/FMCOMMS4_AD9364_Fifo_Tlast_FFT/Ws/FMCOMMS4_AD9364/_ide/bitstream/system_top.bit"
10:36:13 INFO  : Context for 'APU' is selected.
10:36:37 INFO  : Hardware design and registers information is loaded from 'D:/FMCOMMS4_AD9364_Fifo_Tlast_FFT/Ws/system_top/export/system_top/hw/system_top.xsa'.
10:36:37 INFO  : 'configparams force-mem-access 1' command is executed.
10:36:37 INFO  : Context for 'APU' is selected.
10:36:37 INFO  : Sourcing of 'D:/FMCOMMS4_AD9364_Fifo_Tlast_FFT/Ws/FMCOMMS4_AD9364/_ide/psinit/ps7_init.tcl' is done.
10:36:37 INFO  : 'ps7_init' command is executed.
10:36:37 INFO  : 'ps7_post_config' command is executed.
10:36:37 INFO  : Context for processor 'ps7_cortexa9_0' is selected.
10:36:38 INFO  : The application 'D:/FMCOMMS4_AD9364_Fifo_Tlast_FFT/Ws/FMCOMMS4_AD9364/Debug/FMCOMMS4_AD9364.elf' is downloaded to processor 'ps7_cortexa9_0'.
10:36:38 INFO  : 'configparams force-mem-access 0' command is executed.
10:36:38 INFO  : ----------------XSDB Script----------------
connect -url tcp:127.0.0.1:3121
targets -set -nocase -filter {name =~"APU*"}
rst -system
after 3000
targets -set -filter {jtag_cable_name =~ "Digilent Zed 210248BE0D85" && level==0 && jtag_device_ctx=="jsn-Zed-210248BE0D85-23727093-0"}
fpga -file D:/FMCOMMS4_AD9364_Fifo_Tlast_FFT/Ws/FMCOMMS4_AD9364/_ide/bitstream/system_top.bit
targets -set -nocase -filter {name =~"APU*"}
loadhw -hw D:/FMCOMMS4_AD9364_Fifo_Tlast_FFT/Ws/system_top/export/system_top/hw/system_top.xsa -mem-ranges [list {0x40000000 0xbfffffff}] -regs
configparams force-mem-access 1
targets -set -nocase -filter {name =~"APU*"}
source D:/FMCOMMS4_AD9364_Fifo_Tlast_FFT/Ws/FMCOMMS4_AD9364/_ide/psinit/ps7_init.tcl
ps7_init
ps7_post_config
targets -set -nocase -filter {name =~ "*A9*#0"}
dow D:/FMCOMMS4_AD9364_Fifo_Tlast_FFT/Ws/FMCOMMS4_AD9364/Debug/FMCOMMS4_AD9364.elf
configparams force-mem-access 0
----------------End of Script----------------

10:36:38 INFO  : Context for processor 'ps7_cortexa9_0' is selected.
10:36:38 INFO  : 'con' command is executed.
10:36:38 INFO  : ----------------XSDB Script (After Launch)----------------
targets -set -nocase -filter {name =~ "*A9*#0"}
con
----------------End of Script----------------

10:36:38 INFO  : Launch script is exported to file 'D:\FMCOMMS4_AD9364_Fifo_Tlast_FFT\Ws\FMCOMMS4_AD9364_system\_ide\scripts\debugger_fmcomms4_ad9364-default.tcl'
10:39:55 INFO  : Checking for BSP changes to sync application flags for project 'FMCOMMS4_AD9364'...
10:39:57 ERROR : (XSDB Server)ERROR: [Hsi 55-1571] The design file D:/FMCOMMS4_AD9364_Fifo_Tlast_FFT/Ws/system_top/export/system_top/hw/system_top.xsa is already opened

10:40:05 INFO  : Checking for BSP changes to sync application flags for project 'FMCOMMS4_AD9364'...
10:40:07 ERROR : (XSDB Server)ERROR: [Hsi 55-1571] The design file D:/FMCOMMS4_AD9364_Fifo_Tlast_FFT/Ws/system_top/export/system_top/hw/system_top.xsa is already opened

10:40:14 INFO  : Disconnected from the channel tcfchan#50.
10:40:14 INFO  : Connected to target on host '127.0.0.1' and port '3121'.
10:40:15 INFO  : Jtag cable 'Digilent Zed 210248BE0D85' is selected.
10:40:15 INFO  : 'jtag frequency' command is executed.
10:40:15 INFO  : Context for 'APU' is selected.
10:40:15 INFO  : System reset is completed.
10:40:18 INFO  : 'after 3000' command is executed.
10:40:18 INFO  : 'targets -set -filter {jtag_cable_name =~ "Digilent Zed 210248BE0D85" && level==0 && jtag_device_ctx=="jsn-Zed-210248BE0D85-23727093-0"}' command is executed.
10:40:20 INFO  : Device configured successfully with "D:/FMCOMMS4_AD9364_Fifo_Tlast_FFT/Ws/FMCOMMS4_AD9364/_ide/bitstream/system_top.bit"
10:40:20 INFO  : Context for 'APU' is selected.
10:40:45 INFO  : Hardware design and registers information is loaded from 'D:/FMCOMMS4_AD9364_Fifo_Tlast_FFT/Ws/system_top/export/system_top/hw/system_top.xsa'.
10:40:45 INFO  : 'configparams force-mem-access 1' command is executed.
10:40:45 INFO  : Context for 'APU' is selected.
10:40:45 INFO  : Sourcing of 'D:/FMCOMMS4_AD9364_Fifo_Tlast_FFT/Ws/FMCOMMS4_AD9364/_ide/psinit/ps7_init.tcl' is done.
10:40:46 INFO  : 'ps7_init' command is executed.
10:40:46 INFO  : 'ps7_post_config' command is executed.
10:40:46 INFO  : Context for processor 'ps7_cortexa9_0' is selected.
10:40:46 INFO  : The application 'D:/FMCOMMS4_AD9364_Fifo_Tlast_FFT/Ws/FMCOMMS4_AD9364/Debug/FMCOMMS4_AD9364.elf' is downloaded to processor 'ps7_cortexa9_0'.
10:40:46 INFO  : 'configparams force-mem-access 0' command is executed.
10:40:46 INFO  : ----------------XSDB Script----------------
connect -url tcp:127.0.0.1:3121
targets -set -nocase -filter {name =~"APU*"}
rst -system
after 3000
targets -set -filter {jtag_cable_name =~ "Digilent Zed 210248BE0D85" && level==0 && jtag_device_ctx=="jsn-Zed-210248BE0D85-23727093-0"}
fpga -file D:/FMCOMMS4_AD9364_Fifo_Tlast_FFT/Ws/FMCOMMS4_AD9364/_ide/bitstream/system_top.bit
targets -set -nocase -filter {name =~"APU*"}
loadhw -hw D:/FMCOMMS4_AD9364_Fifo_Tlast_FFT/Ws/system_top/export/system_top/hw/system_top.xsa -mem-ranges [list {0x40000000 0xbfffffff}] -regs
configparams force-mem-access 1
targets -set -nocase -filter {name =~"APU*"}
source D:/FMCOMMS4_AD9364_Fifo_Tlast_FFT/Ws/FMCOMMS4_AD9364/_ide/psinit/ps7_init.tcl
ps7_init
ps7_post_config
targets -set -nocase -filter {name =~ "*A9*#0"}
dow D:/FMCOMMS4_AD9364_Fifo_Tlast_FFT/Ws/FMCOMMS4_AD9364/Debug/FMCOMMS4_AD9364.elf
configparams force-mem-access 0
----------------End of Script----------------

10:40:46 INFO  : Context for processor 'ps7_cortexa9_0' is selected.
10:40:46 INFO  : 'con' command is executed.
10:40:46 INFO  : ----------------XSDB Script (After Launch)----------------
targets -set -nocase -filter {name =~ "*A9*#0"}
con
----------------End of Script----------------

10:40:46 INFO  : Launch script is exported to file 'D:\FMCOMMS4_AD9364_Fifo_Tlast_FFT\Ws\FMCOMMS4_AD9364_system\_ide\scripts\debugger_fmcomms4_ad9364-default.tcl'
13:29:21 INFO  : Disconnected from the channel tcfchan#53.
13:29:22 INFO  : Connected to target on host '127.0.0.1' and port '3121'.
13:29:40 INFO  : ----------------XSDB Script----------------
connect -url tcp:127.0.0.1:3121
----------------End of Script----------------

13:29:40 ERROR : Could not find ARM device on the board for connection 'Local'.
Check if the target is in:
1. Split JTAG - No operations are possible with ARM DAP.
2. Non JTAG bootmode - Bootrom may need time to enable DAP.
Please try again.


Troubleshooting hints:
1. Check whether board is connected to system properly.
2. In case of zynq board, check whether Digilent/Xilinx cable switch settings are correct.
3. If you are using Xilinx Platform Cable USB, ensure that status LED is green.
13:42:23 INFO  : Connected to target on host '127.0.0.1' and port '3121'.
13:42:23 INFO  : Jtag cable 'Digilent Zed 210248BE0D85' is selected.
13:42:23 INFO  : 'jtag frequency' command is executed.
13:42:23 INFO  : Context for 'APU' is selected.
13:42:23 INFO  : System reset is completed.
13:42:26 INFO  : 'after 3000' command is executed.
13:42:27 INFO  : 'targets -set -filter {jtag_cable_name =~ "Digilent Zed 210248BE0D85" && level==0 && jtag_device_ctx=="jsn-Zed-210248BE0D85-23727093-0"}' command is executed.
13:42:29 INFO  : Device configured successfully with "D:/FMCOMMS4_AD9364_Fifo_Tlast_FFT/Ws/FMCOMMS4_AD9364/_ide/bitstream/system_top.bit"
13:42:29 INFO  : Context for 'APU' is selected.
13:42:56 INFO  : Hardware design and registers information is loaded from 'D:/FMCOMMS4_AD9364_Fifo_Tlast_FFT/Ws/system_top/export/system_top/hw/system_top.xsa'.
13:42:56 INFO  : 'configparams force-mem-access 1' command is executed.
13:42:56 INFO  : Context for 'APU' is selected.
13:42:56 INFO  : Sourcing of 'D:/FMCOMMS4_AD9364_Fifo_Tlast_FFT/Ws/FMCOMMS4_AD9364/_ide/psinit/ps7_init.tcl' is done.
13:42:56 INFO  : 'ps7_init' command is executed.
13:42:56 INFO  : 'ps7_post_config' command is executed.
13:42:56 INFO  : Context for processor 'ps7_cortexa9_0' is selected.
13:42:57 INFO  : The application 'D:/FMCOMMS4_AD9364_Fifo_Tlast_FFT/Ws/FMCOMMS4_AD9364/Debug/FMCOMMS4_AD9364.elf' is downloaded to processor 'ps7_cortexa9_0'.
13:42:57 INFO  : 'configparams force-mem-access 0' command is executed.
13:42:57 INFO  : ----------------XSDB Script----------------
connect -url tcp:127.0.0.1:3121
targets -set -nocase -filter {name =~"APU*"}
rst -system
after 3000
targets -set -filter {jtag_cable_name =~ "Digilent Zed 210248BE0D85" && level==0 && jtag_device_ctx=="jsn-Zed-210248BE0D85-23727093-0"}
fpga -file D:/FMCOMMS4_AD9364_Fifo_Tlast_FFT/Ws/FMCOMMS4_AD9364/_ide/bitstream/system_top.bit
targets -set -nocase -filter {name =~"APU*"}
loadhw -hw D:/FMCOMMS4_AD9364_Fifo_Tlast_FFT/Ws/system_top/export/system_top/hw/system_top.xsa -mem-ranges [list {0x40000000 0xbfffffff}] -regs
configparams force-mem-access 1
targets -set -nocase -filter {name =~"APU*"}
source D:/FMCOMMS4_AD9364_Fifo_Tlast_FFT/Ws/FMCOMMS4_AD9364/_ide/psinit/ps7_init.tcl
ps7_init
ps7_post_config
targets -set -nocase -filter {name =~ "*A9*#0"}
dow D:/FMCOMMS4_AD9364_Fifo_Tlast_FFT/Ws/FMCOMMS4_AD9364/Debug/FMCOMMS4_AD9364.elf
configparams force-mem-access 0
----------------End of Script----------------

13:42:57 INFO  : Context for processor 'ps7_cortexa9_0' is selected.
13:42:57 INFO  : 'con' command is executed.
13:42:57 INFO  : ----------------XSDB Script (After Launch)----------------
targets -set -nocase -filter {name =~ "*A9*#0"}
con
----------------End of Script----------------

13:42:57 INFO  : Launch script is exported to file 'D:\FMCOMMS4_AD9364_Fifo_Tlast_FFT\Ws\FMCOMMS4_AD9364_system\_ide\scripts\debugger_fmcomms4_ad9364-default.tcl'
13:43:10 INFO  : Disconnected from the channel tcfchan#54.
13:43:11 INFO  : Connected to target on host '127.0.0.1' and port '3121'.
13:43:12 INFO  : Jtag cable 'Digilent Zed 210248BE0D85' is selected.
13:43:12 INFO  : 'jtag frequency' command is executed.
13:43:12 INFO  : Context for 'APU' is selected.
13:43:12 INFO  : System reset is completed.
13:43:15 INFO  : 'after 3000' command is executed.
13:43:15 INFO  : 'targets -set -filter {jtag_cable_name =~ "Digilent Zed 210248BE0D85" && level==0 && jtag_device_ctx=="jsn-Zed-210248BE0D85-23727093-0"}' command is executed.
13:43:17 INFO  : Device configured successfully with "D:/FMCOMMS4_AD9364_Fifo_Tlast_FFT/Ws/FMCOMMS4_AD9364/_ide/bitstream/system_top.bit"
13:43:17 INFO  : Context for 'APU' is selected.
13:43:44 INFO  : Hardware design and registers information is loaded from 'D:/FMCOMMS4_AD9364_Fifo_Tlast_FFT/Ws/system_top/export/system_top/hw/system_top.xsa'.
13:43:44 INFO  : 'configparams force-mem-access 1' command is executed.
13:43:44 INFO  : Context for 'APU' is selected.
13:43:44 INFO  : Sourcing of 'D:/FMCOMMS4_AD9364_Fifo_Tlast_FFT/Ws/FMCOMMS4_AD9364/_ide/psinit/ps7_init.tcl' is done.
13:43:45 INFO  : 'ps7_init' command is executed.
13:43:45 INFO  : 'ps7_post_config' command is executed.
13:43:45 INFO  : Context for processor 'ps7_cortexa9_0' is selected.
13:43:45 INFO  : Checking for BSP changes to sync application flags for project 'FMCOMMS4_AD9364'...
13:43:45 INFO  : The application 'D:/FMCOMMS4_AD9364_Fifo_Tlast_FFT/Ws/FMCOMMS4_AD9364/Debug/FMCOMMS4_AD9364.elf' is downloaded to processor 'ps7_cortexa9_0'.
13:43:46 INFO  : 'configparams force-mem-access 0' command is executed.
13:43:46 INFO  : ----------------XSDB Script----------------
connect -url tcp:127.0.0.1:3121
targets -set -nocase -filter {name =~"APU*"}
rst -system
after 3000
targets -set -filter {jtag_cable_name =~ "Digilent Zed 210248BE0D85" && level==0 && jtag_device_ctx=="jsn-Zed-210248BE0D85-23727093-0"}
fpga -file D:/FMCOMMS4_AD9364_Fifo_Tlast_FFT/Ws/FMCOMMS4_AD9364/_ide/bitstream/system_top.bit
targets -set -nocase -filter {name =~"APU*"}
loadhw -hw D:/FMCOMMS4_AD9364_Fifo_Tlast_FFT/Ws/system_top/export/system_top/hw/system_top.xsa -mem-ranges [list {0x40000000 0xbfffffff}] -regs
configparams force-mem-access 1
targets -set -nocase -filter {name =~"APU*"}
source D:/FMCOMMS4_AD9364_Fifo_Tlast_FFT/Ws/FMCOMMS4_AD9364/_ide/psinit/ps7_init.tcl
ps7_init
ps7_post_config
targets -set -nocase -filter {name =~ "*A9*#0"}
dow D:/FMCOMMS4_AD9364_Fifo_Tlast_FFT/Ws/FMCOMMS4_AD9364/Debug/FMCOMMS4_AD9364.elf
configparams force-mem-access 0
----------------End of Script----------------

13:43:46 INFO  : Context for processor 'ps7_cortexa9_0' is selected.
13:43:46 INFO  : 'con' command is executed.
13:43:46 INFO  : ----------------XSDB Script (After Launch)----------------
targets -set -nocase -filter {name =~ "*A9*#0"}
con
----------------End of Script----------------

13:43:46 INFO  : Launch script is exported to file 'D:\FMCOMMS4_AD9364_Fifo_Tlast_FFT\Ws\FMCOMMS4_AD9364_system\_ide\scripts\debugger_fmcomms4_ad9364-default.tcl'
13:43:54 ERROR : (XSDB Server)ERROR: [Hsi 55-1571] The design file D:/FMCOMMS4_AD9364_Fifo_Tlast_FFT/Ws/system_top/export/system_top/hw/system_top.xsa is already opened

13:44:00 INFO  : Checking for BSP changes to sync application flags for project 'FMCOMMS4_AD9364'...
13:44:03 ERROR : (XSDB Server)ERROR: [Hsi 55-1571] The design file D:/FMCOMMS4_AD9364_Fifo_Tlast_FFT/Ws/system_top/export/system_top/hw/system_top.xsa is already opened

13:44:17 INFO  : Disconnected from the channel tcfchan#55.
13:44:18 INFO  : Connected to target on host '127.0.0.1' and port '3121'.
13:44:18 INFO  : Jtag cable 'Digilent Zed 210248BE0D85' is selected.
13:44:18 INFO  : 'jtag frequency' command is executed.
13:44:18 INFO  : Context for 'APU' is selected.
13:44:19 INFO  : System reset is completed.
13:44:22 INFO  : 'after 3000' command is executed.
13:44:22 INFO  : 'targets -set -filter {jtag_cable_name =~ "Digilent Zed 210248BE0D85" && level==0 && jtag_device_ctx=="jsn-Zed-210248BE0D85-23727093-0"}' command is executed.
13:44:24 INFO  : Device configured successfully with "D:/FMCOMMS4_AD9364_Fifo_Tlast_FFT/Ws/FMCOMMS4_AD9364/_ide/bitstream/system_top.bit"
13:44:24 INFO  : Context for 'APU' is selected.
13:44:51 INFO  : Hardware design and registers information is loaded from 'D:/FMCOMMS4_AD9364_Fifo_Tlast_FFT/Ws/system_top/export/system_top/hw/system_top.xsa'.
13:44:51 INFO  : 'configparams force-mem-access 1' command is executed.
13:44:51 INFO  : Context for 'APU' is selected.
13:44:51 INFO  : Sourcing of 'D:/FMCOMMS4_AD9364_Fifo_Tlast_FFT/Ws/FMCOMMS4_AD9364/_ide/psinit/ps7_init.tcl' is done.
13:44:51 INFO  : 'ps7_init' command is executed.
13:44:51 INFO  : 'ps7_post_config' command is executed.
13:44:51 INFO  : Context for processor 'ps7_cortexa9_0' is selected.
13:44:52 INFO  : The application 'D:/FMCOMMS4_AD9364_Fifo_Tlast_FFT/Ws/FMCOMMS4_AD9364/Debug/FMCOMMS4_AD9364.elf' is downloaded to processor 'ps7_cortexa9_0'.
13:44:52 INFO  : 'configparams force-mem-access 0' command is executed.
13:44:52 INFO  : ----------------XSDB Script----------------
connect -url tcp:127.0.0.1:3121
targets -set -nocase -filter {name =~"APU*"}
rst -system
after 3000
targets -set -filter {jtag_cable_name =~ "Digilent Zed 210248BE0D85" && level==0 && jtag_device_ctx=="jsn-Zed-210248BE0D85-23727093-0"}
fpga -file D:/FMCOMMS4_AD9364_Fifo_Tlast_FFT/Ws/FMCOMMS4_AD9364/_ide/bitstream/system_top.bit
targets -set -nocase -filter {name =~"APU*"}
loadhw -hw D:/FMCOMMS4_AD9364_Fifo_Tlast_FFT/Ws/system_top/export/system_top/hw/system_top.xsa -mem-ranges [list {0x40000000 0xbfffffff}] -regs
configparams force-mem-access 1
targets -set -nocase -filter {name =~"APU*"}
source D:/FMCOMMS4_AD9364_Fifo_Tlast_FFT/Ws/FMCOMMS4_AD9364/_ide/psinit/ps7_init.tcl
ps7_init
ps7_post_config
targets -set -nocase -filter {name =~ "*A9*#0"}
dow D:/FMCOMMS4_AD9364_Fifo_Tlast_FFT/Ws/FMCOMMS4_AD9364/Debug/FMCOMMS4_AD9364.elf
configparams force-mem-access 0
----------------End of Script----------------

13:44:52 INFO  : Context for processor 'ps7_cortexa9_0' is selected.
13:44:52 INFO  : 'con' command is executed.
13:44:52 INFO  : ----------------XSDB Script (After Launch)----------------
targets -set -nocase -filter {name =~ "*A9*#0"}
con
----------------End of Script----------------

13:44:52 INFO  : Launch script is exported to file 'D:\FMCOMMS4_AD9364_Fifo_Tlast_FFT\Ws\FMCOMMS4_AD9364_system\_ide\scripts\debugger_fmcomms4_ad9364-default.tcl'
13:45:48 INFO  : Disconnected from the channel tcfchan#58.
13:45:49 INFO  : Connected to target on host '127.0.0.1' and port '3121'.
13:45:49 INFO  : Jtag cable 'Digilent Zed 210248BE0D85' is selected.
13:45:49 INFO  : 'jtag frequency' command is executed.
13:45:49 INFO  : Context for 'APU' is selected.
13:45:50 INFO  : System reset is completed.
13:45:53 INFO  : 'after 3000' command is executed.
13:45:53 INFO  : 'targets -set -filter {jtag_cable_name =~ "Digilent Zed 210248BE0D85" && level==0 && jtag_device_ctx=="jsn-Zed-210248BE0D85-23727093-0"}' command is executed.
13:45:55 INFO  : Device configured successfully with "D:/FMCOMMS4_AD9364_Fifo_Tlast_FFT/Ws/FMCOMMS4_AD9364/_ide/bitstream/system_top.bit"
13:45:55 INFO  : Context for 'APU' is selected.
13:46:22 INFO  : Hardware design and registers information is loaded from 'D:/FMCOMMS4_AD9364_Fifo_Tlast_FFT/Ws/system_top/export/system_top/hw/system_top.xsa'.
13:46:22 INFO  : 'configparams force-mem-access 1' command is executed.
13:46:22 INFO  : Context for 'APU' is selected.
13:46:22 INFO  : Sourcing of 'D:/FMCOMMS4_AD9364_Fifo_Tlast_FFT/Ws/FMCOMMS4_AD9364/_ide/psinit/ps7_init.tcl' is done.
13:46:22 INFO  : 'ps7_init' command is executed.
13:46:22 INFO  : 'ps7_post_config' command is executed.
13:46:22 INFO  : Context for processor 'ps7_cortexa9_0' is selected.
13:46:23 INFO  : The application 'D:/FMCOMMS4_AD9364_Fifo_Tlast_FFT/Ws/FMCOMMS4_AD9364/Debug/FMCOMMS4_AD9364.elf' is downloaded to processor 'ps7_cortexa9_0'.
13:46:23 INFO  : 'configparams force-mem-access 0' command is executed.
13:46:23 INFO  : ----------------XSDB Script----------------
connect -url tcp:127.0.0.1:3121
targets -set -nocase -filter {name =~"APU*"}
rst -system
after 3000
targets -set -filter {jtag_cable_name =~ "Digilent Zed 210248BE0D85" && level==0 && jtag_device_ctx=="jsn-Zed-210248BE0D85-23727093-0"}
fpga -file D:/FMCOMMS4_AD9364_Fifo_Tlast_FFT/Ws/FMCOMMS4_AD9364/_ide/bitstream/system_top.bit
targets -set -nocase -filter {name =~"APU*"}
loadhw -hw D:/FMCOMMS4_AD9364_Fifo_Tlast_FFT/Ws/system_top/export/system_top/hw/system_top.xsa -mem-ranges [list {0x40000000 0xbfffffff}] -regs
configparams force-mem-access 1
targets -set -nocase -filter {name =~"APU*"}
source D:/FMCOMMS4_AD9364_Fifo_Tlast_FFT/Ws/FMCOMMS4_AD9364/_ide/psinit/ps7_init.tcl
ps7_init
ps7_post_config
targets -set -nocase -filter {name =~ "*A9*#0"}
dow D:/FMCOMMS4_AD9364_Fifo_Tlast_FFT/Ws/FMCOMMS4_AD9364/Debug/FMCOMMS4_AD9364.elf
configparams force-mem-access 0
----------------End of Script----------------

13:46:23 INFO  : Context for processor 'ps7_cortexa9_0' is selected.
13:46:23 INFO  : 'con' command is executed.
13:46:23 INFO  : ----------------XSDB Script (After Launch)----------------
targets -set -nocase -filter {name =~ "*A9*#0"}
con
----------------End of Script----------------

13:46:23 INFO  : Launch script is exported to file 'D:\FMCOMMS4_AD9364_Fifo_Tlast_FFT\Ws\FMCOMMS4_AD9364_system\_ide\scripts\debugger_fmcomms4_ad9364-default.tcl'
13:48:20 INFO  : Checking for BSP changes to sync application flags for project 'FMCOMMS4_AD9364'...
13:48:23 ERROR : (XSDB Server)ERROR: [Hsi 55-1571] The design file D:/FMCOMMS4_AD9364_Fifo_Tlast_FFT/Ws/system_top/export/system_top/hw/system_top.xsa is already opened

13:48:41 INFO  : Checking for BSP changes to sync application flags for project 'FMCOMMS4_AD9364'...
14:09:30 INFO  : Hardware specification for platform project 'system_top' is updated.
14:10:06 INFO  : Result from executing command 'getProjects': system_top
14:10:06 INFO  : Result from executing command 'getPlatforms': system_top|D:/FMCOMMS4_AD9364_Fifo_Tlast_FFT/Ws/system_top/export/system_top/system_top.xpfm;xilinx_vck190_base_202310_1|D:/Vitis/2023.1/base_platforms/xilinx_vck190_base_202310_1/xilinx_vck190_base_202310_1.xpfm;xilinx_vck190_base_dfx_202310_1|D:/Vitis/2023.1/base_platforms/xilinx_vck190_base_dfx_202310_1/xilinx_vck190_base_dfx_202310_1.xpfm;xilinx_vek280_es1_base_202310_1|D:/Vitis/2023.1/base_platforms/xilinx_vek280_es1_base_202310_1/xilinx_vek280_es1_base_202310_1.xpfm;xilinx_vmk180_base_202310_1|D:/Vitis/2023.1/base_platforms/xilinx_vmk180_base_202310_1/xilinx_vmk180_base_202310_1.xpfm;xilinx_zcu102_base_202310_1|D:/Vitis/2023.1/base_platforms/xilinx_zcu102_base_202310_1/xilinx_zcu102_base_202310_1.xpfm;xilinx_zcu102_base_dfx_202310_1|D:/Vitis/2023.1/base_platforms/xilinx_zcu102_base_dfx_202310_1/xilinx_zcu102_base_dfx_202310_1.xpfm;xilinx_zcu104_base_202310_1|D:/Vitis/2023.1/base_platforms/xilinx_zcu104_base_202310_1/xilinx_zcu104_base_202310_1.xpfm
14:13:07 INFO  : Checking for BSP changes to sync application flags for project 'FMCOMMS4_AD9364'...
14:13:37 INFO  : Updating application flags with new BSP settings...
14:13:38 INFO  : Successfully updated application flags for project FMCOMMS4_AD9364.
14:13:44 INFO  : The hardware specification used by project 'FMCOMMS4_AD9364' is out of sync with the platform. Resource files extracted from the hardware specification will be updated.
14:13:44 INFO  : The file 'D:\FMCOMMS4_AD9364_Fifo_Tlast_FFT\Ws\FMCOMMS4_AD9364\_ide\bitstream\system_top.bit' stored in project is removed.
14:13:44 INFO  : The updated bitstream files are copied from platform to folder 'D:\FMCOMMS4_AD9364_Fifo_Tlast_FFT\Ws\FMCOMMS4_AD9364\_ide\bitstream' in project 'FMCOMMS4_AD9364'.
14:13:44 INFO  : The file 'D:\FMCOMMS4_AD9364_Fifo_Tlast_FFT\Ws\FMCOMMS4_AD9364\_ide\psinit\ps7_init.tcl' stored in project is removed.
14:13:54 INFO  : The updated ps init files are copied from platform to folder 'D:\FMCOMMS4_AD9364_Fifo_Tlast_FFT\Ws\FMCOMMS4_AD9364\_ide\psinit' in project 'FMCOMMS4_AD9364'.
14:14:47 INFO  : Checking for BSP changes to sync application flags for project 'FMCOMMS4_AD9364'...
14:15:49 INFO  : Checking for BSP changes to sync application flags for project 'FMCOMMS4_AD9364'...
14:19:20 INFO  : Checking for BSP changes to sync application flags for project 'FMCOMMS4_AD9364'...
14:19:53 INFO  : Checking for BSP changes to sync application flags for project 'FMCOMMS4_AD9364'...
14:20:14 INFO  : Checking for BSP changes to sync application flags for project 'FMCOMMS4_AD9364'...
14:20:24 INFO  : Checking for BSP changes to sync application flags for project 'FMCOMMS4_AD9364'...
14:24:28 INFO  : Checking for BSP changes to sync application flags for project 'FMCOMMS4_AD9364'...
14:25:12 INFO  : Checking for BSP changes to sync application flags for project 'FMCOMMS4_AD9364'...
14:27:04 INFO  : Checking for BSP changes to sync application flags for project 'FMCOMMS4_AD9364'...
14:27:19 INFO  : Checking for BSP changes to sync application flags for project 'FMCOMMS4_AD9364'...
14:28:18 INFO  : Checking for BSP changes to sync application flags for project 'FMCOMMS4_AD9364'...
14:44:33 INFO  : Checking for BSP changes to sync application flags for project 'FMCOMMS4_AD9364'...
14:44:42 INFO  : Checking for BSP changes to sync application flags for project 'FMCOMMS4_AD9364'...
16:44:48 INFO  : Checking for BSP changes to sync application flags for project 'FMCOMMS4_AD9364'...
16:46:52 INFO  : Checking for BSP changes to sync application flags for project 'FMCOMMS4_AD9364'...
16:47:45 INFO  : Checking for BSP changes to sync application flags for project 'FMCOMMS4_AD9364'...
16:49:58 INFO  : Checking for BSP changes to sync application flags for project 'FMCOMMS4_AD9364'...
16:50:26 INFO  : Checking for BSP changes to sync application flags for project 'FMCOMMS4_AD9364'...
16:52:03 INFO  : Checking for BSP changes to sync application flags for project 'FMCOMMS4_AD9364'...
16:52:40 INFO  : Checking for BSP changes to sync application flags for project 'FMCOMMS4_AD9364'...
16:52:57 INFO  : Checking for BSP changes to sync application flags for project 'FMCOMMS4_AD9364'...
16:53:07 INFO  : Checking for BSP changes to sync application flags for project 'FMCOMMS4_AD9364'...
16:53:40 INFO  : Checking for BSP changes to sync application flags for project 'FMCOMMS4_AD9364'...
16:55:56 INFO  : Disconnected from the channel tcfchan#59.
16:55:58 INFO  : Connected to target on host '127.0.0.1' and port '3121'.
16:55:58 INFO  : Jtag cable 'Digilent Zed 210248BE0D85' is selected.
16:55:58 INFO  : 'jtag frequency' command is executed.
16:55:58 INFO  : Context for 'APU' is selected.
16:55:58 INFO  : System reset is completed.
16:56:01 INFO  : 'after 3000' command is executed.
16:56:01 INFO  : 'targets -set -filter {jtag_cable_name =~ "Digilent Zed 210248BE0D85" && level==0 && jtag_device_ctx=="jsn-Zed-210248BE0D85-23727093-0"}' command is executed.
16:56:03 INFO  : Device configured successfully with "D:/FMCOMMS4_AD9364_Fifo_Tlast_FFT/Ws/FMCOMMS4_AD9364/_ide/bitstream/system_top.bit"
16:56:03 INFO  : Context for 'APU' is selected.
16:56:04 INFO  : Hardware design and registers information is loaded from 'D:/FMCOMMS4_AD9364_Fifo_Tlast_FFT/Ws/system_top/export/system_top/hw/system_top.xsa'.
16:56:04 INFO  : 'configparams force-mem-access 1' command is executed.
16:56:04 INFO  : Context for 'APU' is selected.
16:56:04 INFO  : Sourcing of 'D:/FMCOMMS4_AD9364_Fifo_Tlast_FFT/Ws/FMCOMMS4_AD9364/_ide/psinit/ps7_init.tcl' is done.
16:56:04 INFO  : 'ps7_init' command is executed.
16:56:04 INFO  : 'ps7_post_config' command is executed.
16:56:04 INFO  : Context for processor 'ps7_cortexa9_0' is selected.
16:56:05 INFO  : The application 'D:/FMCOMMS4_AD9364_Fifo_Tlast_FFT/Ws/FMCOMMS4_AD9364/Debug/FMCOMMS4_AD9364.elf' is downloaded to processor 'ps7_cortexa9_0'.
16:56:05 INFO  : 'configparams force-mem-access 0' command is executed.
16:56:05 INFO  : ----------------XSDB Script----------------
connect -url tcp:127.0.0.1:3121
targets -set -nocase -filter {name =~"APU*"}
rst -system
after 3000
targets -set -filter {jtag_cable_name =~ "Digilent Zed 210248BE0D85" && level==0 && jtag_device_ctx=="jsn-Zed-210248BE0D85-23727093-0"}
fpga -file D:/FMCOMMS4_AD9364_Fifo_Tlast_FFT/Ws/FMCOMMS4_AD9364/_ide/bitstream/system_top.bit
targets -set -nocase -filter {name =~"APU*"}
loadhw -hw D:/FMCOMMS4_AD9364_Fifo_Tlast_FFT/Ws/system_top/export/system_top/hw/system_top.xsa -mem-ranges [list {0x40000000 0xbfffffff}] -regs
configparams force-mem-access 1
targets -set -nocase -filter {name =~"APU*"}
source D:/FMCOMMS4_AD9364_Fifo_Tlast_FFT/Ws/FMCOMMS4_AD9364/_ide/psinit/ps7_init.tcl
ps7_init
ps7_post_config
targets -set -nocase -filter {name =~ "*A9*#0"}
dow D:/FMCOMMS4_AD9364_Fifo_Tlast_FFT/Ws/FMCOMMS4_AD9364/Debug/FMCOMMS4_AD9364.elf
configparams force-mem-access 0
----------------End of Script----------------

16:56:05 INFO  : Context for processor 'ps7_cortexa9_0' is selected.
16:56:05 INFO  : 'con' command is executed.
16:56:05 INFO  : ----------------XSDB Script (After Launch)----------------
targets -set -nocase -filter {name =~ "*A9*#0"}
con
----------------End of Script----------------

16:56:05 INFO  : Launch script is exported to file 'D:\FMCOMMS4_AD9364_Fifo_Tlast_FFT\Ws\FMCOMMS4_AD9364_system\_ide\scripts\debugger_fmcomms4_ad9364-default.tcl'
16:56:29 INFO  : Checking for BSP changes to sync application flags for project 'FMCOMMS4_AD9364'...
16:56:46 INFO  : Checking for BSP changes to sync application flags for project 'FMCOMMS4_AD9364'...
16:56:58 INFO  : Disconnected from the channel tcfchan#77.
16:56:59 INFO  : Connected to target on host '127.0.0.1' and port '3121'.
16:56:59 INFO  : Jtag cable 'Digilent Zed 210248BE0D85' is selected.
16:56:59 INFO  : 'jtag frequency' command is executed.
16:56:59 INFO  : Context for 'APU' is selected.
16:56:59 INFO  : System reset is completed.
16:57:02 INFO  : 'after 3000' command is executed.
16:57:02 INFO  : 'targets -set -filter {jtag_cable_name =~ "Digilent Zed 210248BE0D85" && level==0 && jtag_device_ctx=="jsn-Zed-210248BE0D85-23727093-0"}' command is executed.
16:57:04 INFO  : Device configured successfully with "D:/FMCOMMS4_AD9364_Fifo_Tlast_FFT/Ws/FMCOMMS4_AD9364/_ide/bitstream/system_top.bit"
16:57:05 INFO  : Context for 'APU' is selected.
16:57:05 INFO  : Hardware design and registers information is loaded from 'D:/FMCOMMS4_AD9364_Fifo_Tlast_FFT/Ws/system_top/export/system_top/hw/system_top.xsa'.
16:57:05 INFO  : 'configparams force-mem-access 1' command is executed.
16:57:05 INFO  : Context for 'APU' is selected.
16:57:05 INFO  : Sourcing of 'D:/FMCOMMS4_AD9364_Fifo_Tlast_FFT/Ws/FMCOMMS4_AD9364/_ide/psinit/ps7_init.tcl' is done.
16:57:05 INFO  : 'ps7_init' command is executed.
16:57:05 INFO  : 'ps7_post_config' command is executed.
16:57:05 INFO  : Context for processor 'ps7_cortexa9_0' is selected.
16:57:05 INFO  : The application 'D:/FMCOMMS4_AD9364_Fifo_Tlast_FFT/Ws/FMCOMMS4_AD9364/Debug/FMCOMMS4_AD9364.elf' is downloaded to processor 'ps7_cortexa9_0'.
16:57:06 INFO  : 'configparams force-mem-access 0' command is executed.
16:57:06 INFO  : ----------------XSDB Script----------------
connect -url tcp:127.0.0.1:3121
targets -set -nocase -filter {name =~"APU*"}
rst -system
after 3000
targets -set -filter {jtag_cable_name =~ "Digilent Zed 210248BE0D85" && level==0 && jtag_device_ctx=="jsn-Zed-210248BE0D85-23727093-0"}
fpga -file D:/FMCOMMS4_AD9364_Fifo_Tlast_FFT/Ws/FMCOMMS4_AD9364/_ide/bitstream/system_top.bit
targets -set -nocase -filter {name =~"APU*"}
loadhw -hw D:/FMCOMMS4_AD9364_Fifo_Tlast_FFT/Ws/system_top/export/system_top/hw/system_top.xsa -mem-ranges [list {0x40000000 0xbfffffff}] -regs
configparams force-mem-access 1
targets -set -nocase -filter {name =~"APU*"}
source D:/FMCOMMS4_AD9364_Fifo_Tlast_FFT/Ws/FMCOMMS4_AD9364/_ide/psinit/ps7_init.tcl
ps7_init
ps7_post_config
targets -set -nocase -filter {name =~ "*A9*#0"}
dow D:/FMCOMMS4_AD9364_Fifo_Tlast_FFT/Ws/FMCOMMS4_AD9364/Debug/FMCOMMS4_AD9364.elf
configparams force-mem-access 0
----------------End of Script----------------

16:57:06 INFO  : Context for processor 'ps7_cortexa9_0' is selected.
16:57:06 INFO  : 'con' command is executed.
16:57:06 INFO  : ----------------XSDB Script (After Launch)----------------
targets -set -nocase -filter {name =~ "*A9*#0"}
con
----------------End of Script----------------

16:57:06 INFO  : Launch script is exported to file 'D:\FMCOMMS4_AD9364_Fifo_Tlast_FFT\Ws\FMCOMMS4_AD9364_system\_ide\scripts\debugger_fmcomms4_ad9364-default.tcl'
16:58:20 INFO  : Checking for BSP changes to sync application flags for project 'FMCOMMS4_AD9364'...
16:59:00 INFO  : Disconnected from the channel tcfchan#80.
16:59:01 INFO  : Connected to target on host '127.0.0.1' and port '3121'.
16:59:01 INFO  : Jtag cable 'Digilent Zed 210248BE0D85' is selected.
16:59:01 INFO  : 'jtag frequency' command is executed.
16:59:01 INFO  : Context for 'APU' is selected.
16:59:01 INFO  : System reset is completed.
16:59:04 INFO  : 'after 3000' command is executed.
16:59:05 INFO  : 'targets -set -filter {jtag_cable_name =~ "Digilent Zed 210248BE0D85" && level==0 && jtag_device_ctx=="jsn-Zed-210248BE0D85-23727093-0"}' command is executed.
16:59:07 INFO  : Device configured successfully with "D:/FMCOMMS4_AD9364_Fifo_Tlast_FFT/Ws/FMCOMMS4_AD9364/_ide/bitstream/system_top.bit"
16:59:07 INFO  : Context for 'APU' is selected.
16:59:07 INFO  : Hardware design and registers information is loaded from 'D:/FMCOMMS4_AD9364_Fifo_Tlast_FFT/Ws/system_top/export/system_top/hw/system_top.xsa'.
16:59:07 INFO  : 'configparams force-mem-access 1' command is executed.
16:59:07 INFO  : Context for 'APU' is selected.
16:59:07 INFO  : Sourcing of 'D:/FMCOMMS4_AD9364_Fifo_Tlast_FFT/Ws/FMCOMMS4_AD9364/_ide/psinit/ps7_init.tcl' is done.
16:59:08 INFO  : 'ps7_init' command is executed.
16:59:08 INFO  : 'ps7_post_config' command is executed.
16:59:08 INFO  : Context for processor 'ps7_cortexa9_0' is selected.
16:59:08 INFO  : The application 'D:/FMCOMMS4_AD9364_Fifo_Tlast_FFT/Ws/FMCOMMS4_AD9364/Debug/FMCOMMS4_AD9364.elf' is downloaded to processor 'ps7_cortexa9_0'.
16:59:08 INFO  : 'configparams force-mem-access 0' command is executed.
16:59:08 INFO  : ----------------XSDB Script----------------
connect -url tcp:127.0.0.1:3121
targets -set -nocase -filter {name =~"APU*"}
rst -system
after 3000
targets -set -filter {jtag_cable_name =~ "Digilent Zed 210248BE0D85" && level==0 && jtag_device_ctx=="jsn-Zed-210248BE0D85-23727093-0"}
fpga -file D:/FMCOMMS4_AD9364_Fifo_Tlast_FFT/Ws/FMCOMMS4_AD9364/_ide/bitstream/system_top.bit
targets -set -nocase -filter {name =~"APU*"}
loadhw -hw D:/FMCOMMS4_AD9364_Fifo_Tlast_FFT/Ws/system_top/export/system_top/hw/system_top.xsa -mem-ranges [list {0x40000000 0xbfffffff}] -regs
configparams force-mem-access 1
targets -set -nocase -filter {name =~"APU*"}
source D:/FMCOMMS4_AD9364_Fifo_Tlast_FFT/Ws/FMCOMMS4_AD9364/_ide/psinit/ps7_init.tcl
ps7_init
ps7_post_config
targets -set -nocase -filter {name =~ "*A9*#0"}
dow D:/FMCOMMS4_AD9364_Fifo_Tlast_FFT/Ws/FMCOMMS4_AD9364/Debug/FMCOMMS4_AD9364.elf
configparams force-mem-access 0
----------------End of Script----------------

16:59:09 INFO  : Context for processor 'ps7_cortexa9_0' is selected.
16:59:09 INFO  : 'con' command is executed.
16:59:09 INFO  : ----------------XSDB Script (After Launch)----------------
targets -set -nocase -filter {name =~ "*A9*#0"}
con
----------------End of Script----------------

16:59:09 INFO  : Launch script is exported to file 'D:\FMCOMMS4_AD9364_Fifo_Tlast_FFT\Ws\FMCOMMS4_AD9364_system\_ide\scripts\debugger_fmcomms4_ad9364-default.tcl'
17:00:06 INFO  : Checking for BSP changes to sync application flags for project 'FMCOMMS4_AD9364'...
17:00:10 INFO  : Disconnected from the channel tcfchan#82.
17:00:11 INFO  : Connected to target on host '127.0.0.1' and port '3121'.
17:00:11 INFO  : Jtag cable 'Digilent Zed 210248BE0D85' is selected.
17:00:11 INFO  : 'jtag frequency' command is executed.
17:00:11 INFO  : Context for 'APU' is selected.
17:00:11 INFO  : System reset is completed.
17:00:14 INFO  : 'after 3000' command is executed.
17:00:15 INFO  : 'targets -set -filter {jtag_cable_name =~ "Digilent Zed 210248BE0D85" && level==0 && jtag_device_ctx=="jsn-Zed-210248BE0D85-23727093-0"}' command is executed.
17:00:17 INFO  : Device configured successfully with "D:/FMCOMMS4_AD9364_Fifo_Tlast_FFT/Ws/FMCOMMS4_AD9364/_ide/bitstream/system_top.bit"
17:00:17 INFO  : Context for 'APU' is selected.
17:00:17 INFO  : Hardware design and registers information is loaded from 'D:/FMCOMMS4_AD9364_Fifo_Tlast_FFT/Ws/system_top/export/system_top/hw/system_top.xsa'.
17:00:17 INFO  : 'configparams force-mem-access 1' command is executed.
17:00:17 INFO  : Context for 'APU' is selected.
17:00:17 INFO  : Sourcing of 'D:/FMCOMMS4_AD9364_Fifo_Tlast_FFT/Ws/FMCOMMS4_AD9364/_ide/psinit/ps7_init.tcl' is done.
17:00:17 INFO  : 'ps7_init' command is executed.
17:00:17 INFO  : 'ps7_post_config' command is executed.
17:00:17 INFO  : Context for processor 'ps7_cortexa9_0' is selected.
17:00:18 INFO  : The application 'D:/FMCOMMS4_AD9364_Fifo_Tlast_FFT/Ws/FMCOMMS4_AD9364/Debug/FMCOMMS4_AD9364.elf' is downloaded to processor 'ps7_cortexa9_0'.
17:00:18 INFO  : 'configparams force-mem-access 0' command is executed.
17:00:18 INFO  : ----------------XSDB Script----------------
connect -url tcp:127.0.0.1:3121
targets -set -nocase -filter {name =~"APU*"}
rst -system
after 3000
targets -set -filter {jtag_cable_name =~ "Digilent Zed 210248BE0D85" && level==0 && jtag_device_ctx=="jsn-Zed-210248BE0D85-23727093-0"}
fpga -file D:/FMCOMMS4_AD9364_Fifo_Tlast_FFT/Ws/FMCOMMS4_AD9364/_ide/bitstream/system_top.bit
targets -set -nocase -filter {name =~"APU*"}
loadhw -hw D:/FMCOMMS4_AD9364_Fifo_Tlast_FFT/Ws/system_top/export/system_top/hw/system_top.xsa -mem-ranges [list {0x40000000 0xbfffffff}] -regs
configparams force-mem-access 1
targets -set -nocase -filter {name =~"APU*"}
source D:/FMCOMMS4_AD9364_Fifo_Tlast_FFT/Ws/FMCOMMS4_AD9364/_ide/psinit/ps7_init.tcl
ps7_init
ps7_post_config
targets -set -nocase -filter {name =~ "*A9*#0"}
dow D:/FMCOMMS4_AD9364_Fifo_Tlast_FFT/Ws/FMCOMMS4_AD9364/Debug/FMCOMMS4_AD9364.elf
configparams force-mem-access 0
----------------End of Script----------------

17:00:18 INFO  : Context for processor 'ps7_cortexa9_0' is selected.
17:00:18 INFO  : 'con' command is executed.
17:00:18 INFO  : ----------------XSDB Script (After Launch)----------------
targets -set -nocase -filter {name =~ "*A9*#0"}
con
----------------End of Script----------------

17:00:18 INFO  : Launch script is exported to file 'D:\FMCOMMS4_AD9364_Fifo_Tlast_FFT\Ws\FMCOMMS4_AD9364_system\_ide\scripts\debugger_fmcomms4_ad9364-default.tcl'
17:01:22 INFO  : Checking for BSP changes to sync application flags for project 'FMCOMMS4_AD9364'...
17:01:40 INFO  : Checking for BSP changes to sync application flags for project 'FMCOMMS4_AD9364'...
17:01:53 INFO  : Disconnected from the channel tcfchan#83.
17:01:54 INFO  : Connected to target on host '127.0.0.1' and port '3121'.
17:01:54 INFO  : Jtag cable 'Digilent Zed 210248BE0D85' is selected.
17:01:54 INFO  : 'jtag frequency' command is executed.
17:01:54 INFO  : Context for 'APU' is selected.
17:01:54 INFO  : System reset is completed.
17:01:57 INFO  : 'after 3000' command is executed.
17:01:57 INFO  : 'targets -set -filter {jtag_cable_name =~ "Digilent Zed 210248BE0D85" && level==0 && jtag_device_ctx=="jsn-Zed-210248BE0D85-23727093-0"}' command is executed.
17:01:59 INFO  : Device configured successfully with "D:/FMCOMMS4_AD9364_Fifo_Tlast_FFT/Ws/FMCOMMS4_AD9364/_ide/bitstream/system_top.bit"
17:02:00 INFO  : Context for 'APU' is selected.
17:02:00 INFO  : Hardware design and registers information is loaded from 'D:/FMCOMMS4_AD9364_Fifo_Tlast_FFT/Ws/system_top/export/system_top/hw/system_top.xsa'.
17:02:00 INFO  : 'configparams force-mem-access 1' command is executed.
17:02:00 INFO  : Context for 'APU' is selected.
17:02:00 INFO  : Sourcing of 'D:/FMCOMMS4_AD9364_Fifo_Tlast_FFT/Ws/FMCOMMS4_AD9364/_ide/psinit/ps7_init.tcl' is done.
17:02:00 INFO  : 'ps7_init' command is executed.
17:02:00 INFO  : 'ps7_post_config' command is executed.
17:02:00 INFO  : Context for processor 'ps7_cortexa9_0' is selected.
17:02:01 INFO  : The application 'D:/FMCOMMS4_AD9364_Fifo_Tlast_FFT/Ws/FMCOMMS4_AD9364/Debug/FMCOMMS4_AD9364.elf' is downloaded to processor 'ps7_cortexa9_0'.
17:02:01 INFO  : 'configparams force-mem-access 0' command is executed.
17:02:01 INFO  : ----------------XSDB Script----------------
connect -url tcp:127.0.0.1:3121
targets -set -nocase -filter {name =~"APU*"}
rst -system
after 3000
targets -set -filter {jtag_cable_name =~ "Digilent Zed 210248BE0D85" && level==0 && jtag_device_ctx=="jsn-Zed-210248BE0D85-23727093-0"}
fpga -file D:/FMCOMMS4_AD9364_Fifo_Tlast_FFT/Ws/FMCOMMS4_AD9364/_ide/bitstream/system_top.bit
targets -set -nocase -filter {name =~"APU*"}
loadhw -hw D:/FMCOMMS4_AD9364_Fifo_Tlast_FFT/Ws/system_top/export/system_top/hw/system_top.xsa -mem-ranges [list {0x40000000 0xbfffffff}] -regs
configparams force-mem-access 1
targets -set -nocase -filter {name =~"APU*"}
source D:/FMCOMMS4_AD9364_Fifo_Tlast_FFT/Ws/FMCOMMS4_AD9364/_ide/psinit/ps7_init.tcl
ps7_init
ps7_post_config
targets -set -nocase -filter {name =~ "*A9*#0"}
dow D:/FMCOMMS4_AD9364_Fifo_Tlast_FFT/Ws/FMCOMMS4_AD9364/Debug/FMCOMMS4_AD9364.elf
configparams force-mem-access 0
----------------End of Script----------------

17:02:01 INFO  : Context for processor 'ps7_cortexa9_0' is selected.
17:02:01 INFO  : 'con' command is executed.
17:02:01 INFO  : ----------------XSDB Script (After Launch)----------------
targets -set -nocase -filter {name =~ "*A9*#0"}
con
----------------End of Script----------------

17:02:01 INFO  : Launch script is exported to file 'D:\FMCOMMS4_AD9364_Fifo_Tlast_FFT\Ws\FMCOMMS4_AD9364_system\_ide\scripts\debugger_fmcomms4_ad9364-default.tcl'
17:35:51 INFO  : Checking for BSP changes to sync application flags for project 'FMCOMMS4_AD9364'...
17:36:20 INFO  : Checking for BSP changes to sync application flags for project 'FMCOMMS4_AD9364'...
17:37:06 INFO  : Checking for BSP changes to sync application flags for project 'FMCOMMS4_AD9364'...
17:37:12 INFO  : Disconnected from the channel tcfchan#86.
17:37:13 INFO  : Connected to target on host '127.0.0.1' and port '3121'.
17:37:28 INFO  : ----------------XSDB Script----------------
connect -url tcp:127.0.0.1:3121
----------------End of Script----------------

17:37:28 ERROR : Could not find ARM device on the board for connection 'Local'.
Check if the target is in:
1. Split JTAG - No operations are possible with ARM DAP.
2. Non JTAG bootmode - Bootrom may need time to enable DAP.
Please try again.


Troubleshooting hints:
1. Check whether board is connected to system properly.
2. In case of zynq board, check whether Digilent/Xilinx cable switch settings are correct.
3. If you are using Xilinx Platform Cable USB, ensure that status LED is green.
17:37:28 INFO  : Connected to target on host '127.0.0.1' and port '3121'.
17:37:28 INFO  : Jtag cable 'Digilent Zed 210248BE0D85' is selected.
17:37:28 INFO  : 'jtag frequency' command is executed.
17:37:28 INFO  : Context for 'APU' is selected.
17:37:28 INFO  : System reset is completed.
17:37:31 INFO  : 'after 3000' command is executed.
17:37:31 INFO  : 'targets -set -filter {jtag_cable_name =~ "Digilent Zed 210248BE0D85" && level==0 && jtag_device_ctx=="jsn-Zed-210248BE0D85-23727093-0"}' command is executed.
17:37:34 INFO  : Device configured successfully with "D:/FMCOMMS4_AD9364_Fifo_Tlast_FFT/Ws/FMCOMMS4_AD9364/_ide/bitstream/system_top.bit"
17:37:34 INFO  : Context for 'APU' is selected.
17:37:34 INFO  : Hardware design and registers information is loaded from 'D:/FMCOMMS4_AD9364_Fifo_Tlast_FFT/Ws/system_top/export/system_top/hw/system_top.xsa'.
17:37:34 INFO  : 'configparams force-mem-access 1' command is executed.
17:37:34 INFO  : Context for 'APU' is selected.
17:37:34 INFO  : Sourcing of 'D:/FMCOMMS4_AD9364_Fifo_Tlast_FFT/Ws/FMCOMMS4_AD9364/_ide/psinit/ps7_init.tcl' is done.
17:37:34 INFO  : 'ps7_init' command is executed.
17:37:34 INFO  : 'ps7_post_config' command is executed.
17:37:34 INFO  : Context for processor 'ps7_cortexa9_0' is selected.
17:37:35 INFO  : The application 'D:/FMCOMMS4_AD9364_Fifo_Tlast_FFT/Ws/FMCOMMS4_AD9364/Debug/FMCOMMS4_AD9364.elf' is downloaded to processor 'ps7_cortexa9_0'.
17:37:35 INFO  : 'configparams force-mem-access 0' command is executed.
17:37:35 INFO  : ----------------XSDB Script----------------
connect -url tcp:127.0.0.1:3121
targets -set -nocase -filter {name =~"APU*"}
rst -system
after 3000
targets -set -filter {jtag_cable_name =~ "Digilent Zed 210248BE0D85" && level==0 && jtag_device_ctx=="jsn-Zed-210248BE0D85-23727093-0"}
fpga -file D:/FMCOMMS4_AD9364_Fifo_Tlast_FFT/Ws/FMCOMMS4_AD9364/_ide/bitstream/system_top.bit
targets -set -nocase -filter {name =~"APU*"}
loadhw -hw D:/FMCOMMS4_AD9364_Fifo_Tlast_FFT/Ws/system_top/export/system_top/hw/system_top.xsa -mem-ranges [list {0x40000000 0xbfffffff}] -regs
configparams force-mem-access 1
targets -set -nocase -filter {name =~"APU*"}
source D:/FMCOMMS4_AD9364_Fifo_Tlast_FFT/Ws/FMCOMMS4_AD9364/_ide/psinit/ps7_init.tcl
ps7_init
ps7_post_config
targets -set -nocase -filter {name =~ "*A9*#0"}
dow D:/FMCOMMS4_AD9364_Fifo_Tlast_FFT/Ws/FMCOMMS4_AD9364/Debug/FMCOMMS4_AD9364.elf
configparams force-mem-access 0
----------------End of Script----------------

17:37:35 INFO  : Context for processor 'ps7_cortexa9_0' is selected.
17:37:35 INFO  : 'con' command is executed.
17:37:35 INFO  : ----------------XSDB Script (After Launch)----------------
targets -set -nocase -filter {name =~ "*A9*#0"}
con
----------------End of Script----------------

17:37:35 INFO  : Launch script is exported to file 'D:\FMCOMMS4_AD9364_Fifo_Tlast_FFT\Ws\FMCOMMS4_AD9364_system\_ide\scripts\debugger_fmcomms4_ad9364-default.tcl'
17:39:25 INFO  : Checking for BSP changes to sync application flags for project 'FMCOMMS4_AD9364'...
17:40:06 INFO  : Checking for BSP changes to sync application flags for project 'FMCOMMS4_AD9364'...
17:58:33 INFO  : Checking for BSP changes to sync application flags for project 'FMCOMMS4_AD9364'...
17:59:55 INFO  : Checking for BSP changes to sync application flags for project 'FMCOMMS4_AD9364'...
18:12:24 INFO  : Checking for BSP changes to sync application flags for project 'FMCOMMS4_AD9364'...
18:12:41 INFO  : Checking for BSP changes to sync application flags for project 'FMCOMMS4_AD9364'...
18:15:52 INFO  : Checking for BSP changes to sync application flags for project 'FMCOMMS4_AD9364'...
18:16:15 INFO  : Disconnected from the channel tcfchan#89.
18:16:16 INFO  : Connected to target on host '127.0.0.1' and port '3121'.
18:16:34 INFO  : ----------------XSDB Script----------------
connect -url tcp:127.0.0.1:3121
----------------End of Script----------------

18:16:34 ERROR : Could not find ARM device on the board for connection 'Local'.
Check if the target is in:
1. Split JTAG - No operations are possible with ARM DAP.
2. Non JTAG bootmode - Bootrom may need time to enable DAP.
Please try again.


Troubleshooting hints:
1. Check whether board is connected to system properly.
2. In case of zynq board, check whether Digilent/Xilinx cable switch settings are correct.
3. If you are using Xilinx Platform Cable USB, ensure that status LED is green.
18:16:42 INFO  : Connected to target on host '127.0.0.1' and port '3121'.
18:17:02 INFO  : ----------------XSDB Script----------------
connect -url tcp:127.0.0.1:3121
----------------End of Script----------------

18:17:02 ERROR : Could not find ARM device on the board for connection 'Local'.
Check if the target is in:
1. Split JTAG - No operations are possible with ARM DAP.
2. Non JTAG bootmode - Bootrom may need time to enable DAP.
Please try again.


Troubleshooting hints:
1. Check whether board is connected to system properly.
2. In case of zynq board, check whether Digilent/Xilinx cable switch settings are correct.
3. If you are using Xilinx Platform Cable USB, ensure that status LED is green.
18:17:05 INFO  : Connected to target on host '127.0.0.1' and port '3121'.
18:17:05 INFO  : Jtag cable 'Digilent Zed 210248BE0D85' is selected.
18:17:05 INFO  : 'jtag frequency' command is executed.
18:17:05 INFO  : Context for 'APU' is selected.
18:17:05 INFO  : System reset is completed.
18:17:08 INFO  : 'after 3000' command is executed.
18:17:08 INFO  : 'targets -set -filter {jtag_cable_name =~ "Digilent Zed 210248BE0D85" && level==0 && jtag_device_ctx=="jsn-Zed-210248BE0D85-23727093-0"}' command is executed.
18:17:11 INFO  : Device configured successfully with "D:/FMCOMMS4_AD9364_Fifo_Tlast_FFT/Ws/FMCOMMS4_AD9364/_ide/bitstream/system_top.bit"
18:17:11 INFO  : Context for 'APU' is selected.
18:17:11 INFO  : Hardware design and registers information is loaded from 'D:/FMCOMMS4_AD9364_Fifo_Tlast_FFT/Ws/system_top/export/system_top/hw/system_top.xsa'.
18:17:11 INFO  : 'configparams force-mem-access 1' command is executed.
18:17:11 INFO  : Context for 'APU' is selected.
18:17:11 INFO  : Sourcing of 'D:/FMCOMMS4_AD9364_Fifo_Tlast_FFT/Ws/FMCOMMS4_AD9364/_ide/psinit/ps7_init.tcl' is done.
18:17:11 INFO  : 'ps7_init' command is executed.
18:17:11 INFO  : 'ps7_post_config' command is executed.
18:17:11 INFO  : Context for processor 'ps7_cortexa9_0' is selected.
18:17:12 INFO  : The application 'D:/FMCOMMS4_AD9364_Fifo_Tlast_FFT/Ws/FMCOMMS4_AD9364/Debug/FMCOMMS4_AD9364.elf' is downloaded to processor 'ps7_cortexa9_0'.
18:17:12 INFO  : 'configparams force-mem-access 0' command is executed.
18:17:12 INFO  : ----------------XSDB Script----------------
connect -url tcp:127.0.0.1:3121
targets -set -nocase -filter {name =~"APU*"}
rst -system
after 3000
targets -set -filter {jtag_cable_name =~ "Digilent Zed 210248BE0D85" && level==0 && jtag_device_ctx=="jsn-Zed-210248BE0D85-23727093-0"}
fpga -file D:/FMCOMMS4_AD9364_Fifo_Tlast_FFT/Ws/FMCOMMS4_AD9364/_ide/bitstream/system_top.bit
targets -set -nocase -filter {name =~"APU*"}
loadhw -hw D:/FMCOMMS4_AD9364_Fifo_Tlast_FFT/Ws/system_top/export/system_top/hw/system_top.xsa -mem-ranges [list {0x40000000 0xbfffffff}] -regs
configparams force-mem-access 1
targets -set -nocase -filter {name =~"APU*"}
source D:/FMCOMMS4_AD9364_Fifo_Tlast_FFT/Ws/FMCOMMS4_AD9364/_ide/psinit/ps7_init.tcl
ps7_init
ps7_post_config
targets -set -nocase -filter {name =~ "*A9*#0"}
dow D:/FMCOMMS4_AD9364_Fifo_Tlast_FFT/Ws/FMCOMMS4_AD9364/Debug/FMCOMMS4_AD9364.elf
configparams force-mem-access 0
----------------End of Script----------------

18:17:12 INFO  : Context for processor 'ps7_cortexa9_0' is selected.
18:17:12 INFO  : 'con' command is executed.
18:17:12 INFO  : ----------------XSDB Script (After Launch)----------------
targets -set -nocase -filter {name =~ "*A9*#0"}
con
----------------End of Script----------------

18:17:12 INFO  : Launch script is exported to file 'D:\FMCOMMS4_AD9364_Fifo_Tlast_FFT\Ws\FMCOMMS4_AD9364_system\_ide\scripts\debugger_fmcomms4_ad9364-default.tcl'
18:18:01 INFO  : Checking for BSP changes to sync application flags for project 'FMCOMMS4_AD9364'...
18:18:16 INFO  : Checking for BSP changes to sync application flags for project 'FMCOMMS4_AD9364'...
18:18:29 INFO  : Disconnected from the channel tcfchan#95.
18:18:30 INFO  : Connected to target on host '127.0.0.1' and port '3121'.
18:18:30 INFO  : Jtag cable 'Digilent Zed 210248BE0D85' is selected.
18:18:30 INFO  : 'jtag frequency' command is executed.
18:18:30 INFO  : Context for 'APU' is selected.
18:18:30 INFO  : System reset is completed.
18:18:33 INFO  : 'after 3000' command is executed.
18:18:33 INFO  : 'targets -set -filter {jtag_cable_name =~ "Digilent Zed 210248BE0D85" && level==0 && jtag_device_ctx=="jsn-Zed-210248BE0D85-23727093-0"}' command is executed.
18:18:35 INFO  : Device configured successfully with "D:/FMCOMMS4_AD9364_Fifo_Tlast_FFT/Ws/FMCOMMS4_AD9364/_ide/bitstream/system_top.bit"
18:18:35 INFO  : Context for 'APU' is selected.
18:18:35 INFO  : Hardware design and registers information is loaded from 'D:/FMCOMMS4_AD9364_Fifo_Tlast_FFT/Ws/system_top/export/system_top/hw/system_top.xsa'.
18:18:35 INFO  : 'configparams force-mem-access 1' command is executed.
18:18:36 INFO  : Context for 'APU' is selected.
18:18:36 INFO  : Sourcing of 'D:/FMCOMMS4_AD9364_Fifo_Tlast_FFT/Ws/FMCOMMS4_AD9364/_ide/psinit/ps7_init.tcl' is done.
18:18:36 INFO  : 'ps7_init' command is executed.
18:18:36 INFO  : 'ps7_post_config' command is executed.
18:18:36 INFO  : Context for processor 'ps7_cortexa9_0' is selected.
18:18:37 INFO  : The application 'D:/FMCOMMS4_AD9364_Fifo_Tlast_FFT/Ws/FMCOMMS4_AD9364/Debug/FMCOMMS4_AD9364.elf' is downloaded to processor 'ps7_cortexa9_0'.
18:18:37 INFO  : 'configparams force-mem-access 0' command is executed.
18:18:37 INFO  : ----------------XSDB Script----------------
connect -url tcp:127.0.0.1:3121
targets -set -nocase -filter {name =~"APU*"}
rst -system
after 3000
targets -set -filter {jtag_cable_name =~ "Digilent Zed 210248BE0D85" && level==0 && jtag_device_ctx=="jsn-Zed-210248BE0D85-23727093-0"}
fpga -file D:/FMCOMMS4_AD9364_Fifo_Tlast_FFT/Ws/FMCOMMS4_AD9364/_ide/bitstream/system_top.bit
targets -set -nocase -filter {name =~"APU*"}
loadhw -hw D:/FMCOMMS4_AD9364_Fifo_Tlast_FFT/Ws/system_top/export/system_top/hw/system_top.xsa -mem-ranges [list {0x40000000 0xbfffffff}] -regs
configparams force-mem-access 1
targets -set -nocase -filter {name =~"APU*"}
source D:/FMCOMMS4_AD9364_Fifo_Tlast_FFT/Ws/FMCOMMS4_AD9364/_ide/psinit/ps7_init.tcl
ps7_init
ps7_post_config
targets -set -nocase -filter {name =~ "*A9*#0"}
dow D:/FMCOMMS4_AD9364_Fifo_Tlast_FFT/Ws/FMCOMMS4_AD9364/Debug/FMCOMMS4_AD9364.elf
configparams force-mem-access 0
----------------End of Script----------------

18:18:37 INFO  : Context for processor 'ps7_cortexa9_0' is selected.
18:18:37 INFO  : 'con' command is executed.
18:18:37 INFO  : ----------------XSDB Script (After Launch)----------------
targets -set -nocase -filter {name =~ "*A9*#0"}
con
----------------End of Script----------------

18:18:37 INFO  : Launch script is exported to file 'D:\FMCOMMS4_AD9364_Fifo_Tlast_FFT\Ws\FMCOMMS4_AD9364_system\_ide\scripts\debugger_fmcomms4_ad9364-default.tcl'
18:20:47 INFO  : Checking for BSP changes to sync application flags for project 'FMCOMMS4_AD9364'...
18:20:55 INFO  : Checking for BSP changes to sync application flags for project 'FMCOMMS4_AD9364'...
18:21:06 INFO  : Disconnected from the channel tcfchan#98.
18:21:07 INFO  : Connected to target on host '127.0.0.1' and port '3121'.
18:21:07 INFO  : Jtag cable 'Digilent Zed 210248BE0D85' is selected.
18:21:07 INFO  : 'jtag frequency' command is executed.
18:21:07 INFO  : Context for 'APU' is selected.
18:21:07 INFO  : System reset is completed.
18:21:10 INFO  : 'after 3000' command is executed.
18:21:10 INFO  : 'targets -set -filter {jtag_cable_name =~ "Digilent Zed 210248BE0D85" && level==0 && jtag_device_ctx=="jsn-Zed-210248BE0D85-23727093-0"}' command is executed.
18:21:13 INFO  : Device configured successfully with "D:/FMCOMMS4_AD9364_Fifo_Tlast_FFT/Ws/FMCOMMS4_AD9364/_ide/bitstream/system_top.bit"
18:21:13 INFO  : Context for 'APU' is selected.
18:21:13 INFO  : Hardware design and registers information is loaded from 'D:/FMCOMMS4_AD9364_Fifo_Tlast_FFT/Ws/system_top/export/system_top/hw/system_top.xsa'.
18:21:13 INFO  : 'configparams force-mem-access 1' command is executed.
18:21:13 INFO  : Context for 'APU' is selected.
18:21:13 INFO  : Sourcing of 'D:/FMCOMMS4_AD9364_Fifo_Tlast_FFT/Ws/FMCOMMS4_AD9364/_ide/psinit/ps7_init.tcl' is done.
18:21:13 INFO  : 'ps7_init' command is executed.
18:21:13 INFO  : 'ps7_post_config' command is executed.
18:21:13 INFO  : Context for processor 'ps7_cortexa9_0' is selected.
18:21:14 INFO  : The application 'D:/FMCOMMS4_AD9364_Fifo_Tlast_FFT/Ws/FMCOMMS4_AD9364/Debug/FMCOMMS4_AD9364.elf' is downloaded to processor 'ps7_cortexa9_0'.
18:21:14 INFO  : 'configparams force-mem-access 0' command is executed.
18:21:14 INFO  : ----------------XSDB Script----------------
connect -url tcp:127.0.0.1:3121
targets -set -nocase -filter {name =~"APU*"}
rst -system
after 3000
targets -set -filter {jtag_cable_name =~ "Digilent Zed 210248BE0D85" && level==0 && jtag_device_ctx=="jsn-Zed-210248BE0D85-23727093-0"}
fpga -file D:/FMCOMMS4_AD9364_Fifo_Tlast_FFT/Ws/FMCOMMS4_AD9364/_ide/bitstream/system_top.bit
targets -set -nocase -filter {name =~"APU*"}
loadhw -hw D:/FMCOMMS4_AD9364_Fifo_Tlast_FFT/Ws/system_top/export/system_top/hw/system_top.xsa -mem-ranges [list {0x40000000 0xbfffffff}] -regs
configparams force-mem-access 1
targets -set -nocase -filter {name =~"APU*"}
source D:/FMCOMMS4_AD9364_Fifo_Tlast_FFT/Ws/FMCOMMS4_AD9364/_ide/psinit/ps7_init.tcl
ps7_init
ps7_post_config
targets -set -nocase -filter {name =~ "*A9*#0"}
dow D:/FMCOMMS4_AD9364_Fifo_Tlast_FFT/Ws/FMCOMMS4_AD9364/Debug/FMCOMMS4_AD9364.elf
configparams force-mem-access 0
----------------End of Script----------------

18:21:14 INFO  : Context for processor 'ps7_cortexa9_0' is selected.
18:21:14 INFO  : 'con' command is executed.
18:21:14 INFO  : ----------------XSDB Script (After Launch)----------------
targets -set -nocase -filter {name =~ "*A9*#0"}
con
----------------End of Script----------------

18:21:14 INFO  : Launch script is exported to file 'D:\FMCOMMS4_AD9364_Fifo_Tlast_FFT\Ws\FMCOMMS4_AD9364_system\_ide\scripts\debugger_fmcomms4_ad9364-default.tcl'
18:24:22 INFO  : Checking for BSP changes to sync application flags for project 'FMCOMMS4_AD9364'...
18:24:30 INFO  : Checking for BSP changes to sync application flags for project 'FMCOMMS4_AD9364'...
18:24:39 INFO  : Disconnected from the channel tcfchan#101.
18:24:40 INFO  : Connected to target on host '127.0.0.1' and port '3121'.
18:24:40 INFO  : Jtag cable 'Digilent Zed 210248BE0D85' is selected.
18:24:40 INFO  : 'jtag frequency' command is executed.
18:24:40 INFO  : Context for 'APU' is selected.
18:24:40 INFO  : System reset is completed.
18:24:43 INFO  : 'after 3000' command is executed.
18:24:43 INFO  : 'targets -set -filter {jtag_cable_name =~ "Digilent Zed 210248BE0D85" && level==0 && jtag_device_ctx=="jsn-Zed-210248BE0D85-23727093-0"}' command is executed.
18:24:46 INFO  : Device configured successfully with "D:/FMCOMMS4_AD9364_Fifo_Tlast_FFT/Ws/FMCOMMS4_AD9364/_ide/bitstream/system_top.bit"
18:24:46 INFO  : Context for 'APU' is selected.
18:24:46 INFO  : Hardware design and registers information is loaded from 'D:/FMCOMMS4_AD9364_Fifo_Tlast_FFT/Ws/system_top/export/system_top/hw/system_top.xsa'.
18:24:46 INFO  : 'configparams force-mem-access 1' command is executed.
18:24:46 INFO  : Context for 'APU' is selected.
18:24:46 INFO  : Sourcing of 'D:/FMCOMMS4_AD9364_Fifo_Tlast_FFT/Ws/FMCOMMS4_AD9364/_ide/psinit/ps7_init.tcl' is done.
18:24:46 INFO  : 'ps7_init' command is executed.
18:24:46 INFO  : 'ps7_post_config' command is executed.
18:24:46 INFO  : Context for processor 'ps7_cortexa9_0' is selected.
18:24:47 INFO  : The application 'D:/FMCOMMS4_AD9364_Fifo_Tlast_FFT/Ws/FMCOMMS4_AD9364/Debug/FMCOMMS4_AD9364.elf' is downloaded to processor 'ps7_cortexa9_0'.
18:24:47 INFO  : 'configparams force-mem-access 0' command is executed.
18:24:47 INFO  : ----------------XSDB Script----------------
connect -url tcp:127.0.0.1:3121
targets -set -nocase -filter {name =~"APU*"}
rst -system
after 3000
targets -set -filter {jtag_cable_name =~ "Digilent Zed 210248BE0D85" && level==0 && jtag_device_ctx=="jsn-Zed-210248BE0D85-23727093-0"}
fpga -file D:/FMCOMMS4_AD9364_Fifo_Tlast_FFT/Ws/FMCOMMS4_AD9364/_ide/bitstream/system_top.bit
targets -set -nocase -filter {name =~"APU*"}
loadhw -hw D:/FMCOMMS4_AD9364_Fifo_Tlast_FFT/Ws/system_top/export/system_top/hw/system_top.xsa -mem-ranges [list {0x40000000 0xbfffffff}] -regs
configparams force-mem-access 1
targets -set -nocase -filter {name =~"APU*"}
source D:/FMCOMMS4_AD9364_Fifo_Tlast_FFT/Ws/FMCOMMS4_AD9364/_ide/psinit/ps7_init.tcl
ps7_init
ps7_post_config
targets -set -nocase -filter {name =~ "*A9*#0"}
dow D:/FMCOMMS4_AD9364_Fifo_Tlast_FFT/Ws/FMCOMMS4_AD9364/Debug/FMCOMMS4_AD9364.elf
configparams force-mem-access 0
----------------End of Script----------------

18:24:47 INFO  : Context for processor 'ps7_cortexa9_0' is selected.
18:24:47 INFO  : 'con' command is executed.
18:24:47 INFO  : ----------------XSDB Script (After Launch)----------------
targets -set -nocase -filter {name =~ "*A9*#0"}
con
----------------End of Script----------------

18:24:47 INFO  : Launch script is exported to file 'D:\FMCOMMS4_AD9364_Fifo_Tlast_FFT\Ws\FMCOMMS4_AD9364_system\_ide\scripts\debugger_fmcomms4_ad9364-default.tcl'
18:32:06 INFO  : Checking for BSP changes to sync application flags for project 'FMCOMMS4_AD9364'...
18:32:15 INFO  : Checking for BSP changes to sync application flags for project 'FMCOMMS4_AD9364'...
18:32:26 INFO  : Disconnected from the channel tcfchan#104.
18:32:27 INFO  : Connected to target on host '127.0.0.1' and port '3121'.
18:32:27 INFO  : Jtag cable 'Digilent Zed 210248BE0D85' is selected.
18:32:27 INFO  : 'jtag frequency' command is executed.
18:32:27 INFO  : Context for 'APU' is selected.
18:32:27 INFO  : System reset is completed.
18:32:30 INFO  : 'after 3000' command is executed.
18:32:30 INFO  : 'targets -set -filter {jtag_cable_name =~ "Digilent Zed 210248BE0D85" && level==0 && jtag_device_ctx=="jsn-Zed-210248BE0D85-23727093-0"}' command is executed.
18:32:32 INFO  : Device configured successfully with "D:/FMCOMMS4_AD9364_Fifo_Tlast_FFT/Ws/FMCOMMS4_AD9364/_ide/bitstream/system_top.bit"
18:32:32 INFO  : Context for 'APU' is selected.
18:32:32 INFO  : Hardware design and registers information is loaded from 'D:/FMCOMMS4_AD9364_Fifo_Tlast_FFT/Ws/system_top/export/system_top/hw/system_top.xsa'.
18:32:32 INFO  : 'configparams force-mem-access 1' command is executed.
18:32:32 INFO  : Context for 'APU' is selected.
18:32:32 INFO  : Sourcing of 'D:/FMCOMMS4_AD9364_Fifo_Tlast_FFT/Ws/FMCOMMS4_AD9364/_ide/psinit/ps7_init.tcl' is done.
18:32:33 INFO  : 'ps7_init' command is executed.
18:32:33 INFO  : 'ps7_post_config' command is executed.
18:32:33 INFO  : Context for processor 'ps7_cortexa9_0' is selected.
18:32:33 INFO  : The application 'D:/FMCOMMS4_AD9364_Fifo_Tlast_FFT/Ws/FMCOMMS4_AD9364/Debug/FMCOMMS4_AD9364.elf' is downloaded to processor 'ps7_cortexa9_0'.
18:32:33 INFO  : 'configparams force-mem-access 0' command is executed.
18:32:33 INFO  : ----------------XSDB Script----------------
connect -url tcp:127.0.0.1:3121
targets -set -nocase -filter {name =~"APU*"}
rst -system
after 3000
targets -set -filter {jtag_cable_name =~ "Digilent Zed 210248BE0D85" && level==0 && jtag_device_ctx=="jsn-Zed-210248BE0D85-23727093-0"}
fpga -file D:/FMCOMMS4_AD9364_Fifo_Tlast_FFT/Ws/FMCOMMS4_AD9364/_ide/bitstream/system_top.bit
targets -set -nocase -filter {name =~"APU*"}
loadhw -hw D:/FMCOMMS4_AD9364_Fifo_Tlast_FFT/Ws/system_top/export/system_top/hw/system_top.xsa -mem-ranges [list {0x40000000 0xbfffffff}] -regs
configparams force-mem-access 1
targets -set -nocase -filter {name =~"APU*"}
source D:/FMCOMMS4_AD9364_Fifo_Tlast_FFT/Ws/FMCOMMS4_AD9364/_ide/psinit/ps7_init.tcl
ps7_init
ps7_post_config
targets -set -nocase -filter {name =~ "*A9*#0"}
dow D:/FMCOMMS4_AD9364_Fifo_Tlast_FFT/Ws/FMCOMMS4_AD9364/Debug/FMCOMMS4_AD9364.elf
configparams force-mem-access 0
----------------End of Script----------------

18:32:34 INFO  : Context for processor 'ps7_cortexa9_0' is selected.
18:32:34 INFO  : 'con' command is executed.
18:32:34 INFO  : ----------------XSDB Script (After Launch)----------------
targets -set -nocase -filter {name =~ "*A9*#0"}
con
----------------End of Script----------------

18:32:34 INFO  : Launch script is exported to file 'D:\FMCOMMS4_AD9364_Fifo_Tlast_FFT\Ws\FMCOMMS4_AD9364_system\_ide\scripts\debugger_fmcomms4_ad9364-default.tcl'
18:33:33 INFO  : Checking for BSP changes to sync application flags for project 'FMCOMMS4_AD9364'...
18:33:41 INFO  : Checking for BSP changes to sync application flags for project 'FMCOMMS4_AD9364'...
18:34:07 INFO  : Disconnected from the channel tcfchan#107.
18:34:08 INFO  : Connected to target on host '127.0.0.1' and port '3121'.
18:34:08 INFO  : Jtag cable 'Digilent Zed 210248BE0D85' is selected.
18:34:08 INFO  : 'jtag frequency' command is executed.
18:34:08 INFO  : Context for 'APU' is selected.
18:34:08 INFO  : System reset is completed.
18:34:11 INFO  : 'after 3000' command is executed.
18:34:11 INFO  : 'targets -set -filter {jtag_cable_name =~ "Digilent Zed 210248BE0D85" && level==0 && jtag_device_ctx=="jsn-Zed-210248BE0D85-23727093-0"}' command is executed.
18:34:13 INFO  : Device configured successfully with "D:/FMCOMMS4_AD9364_Fifo_Tlast_FFT/Ws/FMCOMMS4_AD9364/_ide/bitstream/system_top.bit"
18:34:14 INFO  : Context for 'APU' is selected.
18:34:14 INFO  : Hardware design and registers information is loaded from 'D:/FMCOMMS4_AD9364_Fifo_Tlast_FFT/Ws/system_top/export/system_top/hw/system_top.xsa'.
18:34:14 INFO  : 'configparams force-mem-access 1' command is executed.
18:34:14 INFO  : Context for 'APU' is selected.
18:34:14 INFO  : Sourcing of 'D:/FMCOMMS4_AD9364_Fifo_Tlast_FFT/Ws/FMCOMMS4_AD9364/_ide/psinit/ps7_init.tcl' is done.
18:34:14 INFO  : 'ps7_init' command is executed.
18:34:14 INFO  : 'ps7_post_config' command is executed.
18:34:14 INFO  : Context for processor 'ps7_cortexa9_0' is selected.
18:34:14 INFO  : The application 'D:/FMCOMMS4_AD9364_Fifo_Tlast_FFT/Ws/FMCOMMS4_AD9364/Debug/FMCOMMS4_AD9364.elf' is downloaded to processor 'ps7_cortexa9_0'.
18:34:15 INFO  : 'configparams force-mem-access 0' command is executed.
18:34:15 INFO  : ----------------XSDB Script----------------
connect -url tcp:127.0.0.1:3121
targets -set -nocase -filter {name =~"APU*"}
rst -system
after 3000
targets -set -filter {jtag_cable_name =~ "Digilent Zed 210248BE0D85" && level==0 && jtag_device_ctx=="jsn-Zed-210248BE0D85-23727093-0"}
fpga -file D:/FMCOMMS4_AD9364_Fifo_Tlast_FFT/Ws/FMCOMMS4_AD9364/_ide/bitstream/system_top.bit
targets -set -nocase -filter {name =~"APU*"}
loadhw -hw D:/FMCOMMS4_AD9364_Fifo_Tlast_FFT/Ws/system_top/export/system_top/hw/system_top.xsa -mem-ranges [list {0x40000000 0xbfffffff}] -regs
configparams force-mem-access 1
targets -set -nocase -filter {name =~"APU*"}
source D:/FMCOMMS4_AD9364_Fifo_Tlast_FFT/Ws/FMCOMMS4_AD9364/_ide/psinit/ps7_init.tcl
ps7_init
ps7_post_config
targets -set -nocase -filter {name =~ "*A9*#0"}
dow D:/FMCOMMS4_AD9364_Fifo_Tlast_FFT/Ws/FMCOMMS4_AD9364/Debug/FMCOMMS4_AD9364.elf
configparams force-mem-access 0
----------------End of Script----------------

18:34:15 INFO  : Context for processor 'ps7_cortexa9_0' is selected.
18:34:15 INFO  : 'con' command is executed.
18:34:15 INFO  : ----------------XSDB Script (After Launch)----------------
targets -set -nocase -filter {name =~ "*A9*#0"}
con
----------------End of Script----------------

18:34:15 INFO  : Launch script is exported to file 'D:\FMCOMMS4_AD9364_Fifo_Tlast_FFT\Ws\FMCOMMS4_AD9364_system\_ide\scripts\debugger_fmcomms4_ad9364-default.tcl'
18:36:24 INFO  : Checking for BSP changes to sync application flags for project 'FMCOMMS4_AD9364'...
18:36:48 INFO  : Checking for BSP changes to sync application flags for project 'FMCOMMS4_AD9364'...
18:36:55 INFO  : Disconnected from the channel tcfchan#110.
18:36:56 INFO  : Connected to target on host '127.0.0.1' and port '3121'.
18:36:56 INFO  : Jtag cable 'Digilent Zed 210248BE0D85' is selected.
18:36:56 INFO  : 'jtag frequency' command is executed.
18:36:56 INFO  : Context for 'APU' is selected.
18:36:56 INFO  : System reset is completed.
18:36:59 INFO  : 'after 3000' command is executed.
18:37:00 INFO  : 'targets -set -filter {jtag_cable_name =~ "Digilent Zed 210248BE0D85" && level==0 && jtag_device_ctx=="jsn-Zed-210248BE0D85-23727093-0"}' command is executed.
18:37:02 INFO  : Device configured successfully with "D:/FMCOMMS4_AD9364_Fifo_Tlast_FFT/Ws/FMCOMMS4_AD9364/_ide/bitstream/system_top.bit"
18:37:02 INFO  : Context for 'APU' is selected.
18:37:02 INFO  : Hardware design and registers information is loaded from 'D:/FMCOMMS4_AD9364_Fifo_Tlast_FFT/Ws/system_top/export/system_top/hw/system_top.xsa'.
18:37:02 INFO  : 'configparams force-mem-access 1' command is executed.
18:37:02 INFO  : Context for 'APU' is selected.
18:37:02 INFO  : Sourcing of 'D:/FMCOMMS4_AD9364_Fifo_Tlast_FFT/Ws/FMCOMMS4_AD9364/_ide/psinit/ps7_init.tcl' is done.
18:37:02 INFO  : 'ps7_init' command is executed.
18:37:02 INFO  : 'ps7_post_config' command is executed.
18:37:02 INFO  : Context for processor 'ps7_cortexa9_0' is selected.
18:37:03 INFO  : The application 'D:/FMCOMMS4_AD9364_Fifo_Tlast_FFT/Ws/FMCOMMS4_AD9364/Debug/FMCOMMS4_AD9364.elf' is downloaded to processor 'ps7_cortexa9_0'.
18:37:03 INFO  : 'configparams force-mem-access 0' command is executed.
18:37:03 INFO  : ----------------XSDB Script----------------
connect -url tcp:127.0.0.1:3121
targets -set -nocase -filter {name =~"APU*"}
rst -system
after 3000
targets -set -filter {jtag_cable_name =~ "Digilent Zed 210248BE0D85" && level==0 && jtag_device_ctx=="jsn-Zed-210248BE0D85-23727093-0"}
fpga -file D:/FMCOMMS4_AD9364_Fifo_Tlast_FFT/Ws/FMCOMMS4_AD9364/_ide/bitstream/system_top.bit
targets -set -nocase -filter {name =~"APU*"}
loadhw -hw D:/FMCOMMS4_AD9364_Fifo_Tlast_FFT/Ws/system_top/export/system_top/hw/system_top.xsa -mem-ranges [list {0x40000000 0xbfffffff}] -regs
configparams force-mem-access 1
targets -set -nocase -filter {name =~"APU*"}
source D:/FMCOMMS4_AD9364_Fifo_Tlast_FFT/Ws/FMCOMMS4_AD9364/_ide/psinit/ps7_init.tcl
ps7_init
ps7_post_config
targets -set -nocase -filter {name =~ "*A9*#0"}
dow D:/FMCOMMS4_AD9364_Fifo_Tlast_FFT/Ws/FMCOMMS4_AD9364/Debug/FMCOMMS4_AD9364.elf
configparams force-mem-access 0
----------------End of Script----------------

18:37:03 INFO  : Context for processor 'ps7_cortexa9_0' is selected.
18:37:03 INFO  : 'con' command is executed.
18:37:03 INFO  : ----------------XSDB Script (After Launch)----------------
targets -set -nocase -filter {name =~ "*A9*#0"}
con
----------------End of Script----------------

18:37:03 INFO  : Launch script is exported to file 'D:\FMCOMMS4_AD9364_Fifo_Tlast_FFT\Ws\FMCOMMS4_AD9364_system\_ide\scripts\debugger_fmcomms4_ad9364-default.tcl'
18:37:28 INFO  : Checking for BSP changes to sync application flags for project 'FMCOMMS4_AD9364'...
18:38:24 INFO  : Checking for BSP changes to sync application flags for project 'FMCOMMS4_AD9364'...
18:38:36 INFO  : Checking for BSP changes to sync application flags for project 'FMCOMMS4_AD9364'...
18:38:46 INFO  : Disconnected from the channel tcfchan#113.
18:38:47 INFO  : Connected to target on host '127.0.0.1' and port '3121'.
18:38:48 INFO  : Jtag cable 'Digilent Zed 210248BE0D85' is selected.
18:38:48 INFO  : 'jtag frequency' command is executed.
18:38:48 INFO  : Context for 'APU' is selected.
18:38:48 INFO  : System reset is completed.
18:38:51 INFO  : 'after 3000' command is executed.
18:38:51 INFO  : 'targets -set -filter {jtag_cable_name =~ "Digilent Zed 210248BE0D85" && level==0 && jtag_device_ctx=="jsn-Zed-210248BE0D85-23727093-0"}' command is executed.
18:38:53 INFO  : Device configured successfully with "D:/FMCOMMS4_AD9364_Fifo_Tlast_FFT/Ws/FMCOMMS4_AD9364/_ide/bitstream/system_top.bit"
18:38:53 INFO  : Context for 'APU' is selected.
18:38:53 INFO  : Hardware design and registers information is loaded from 'D:/FMCOMMS4_AD9364_Fifo_Tlast_FFT/Ws/system_top/export/system_top/hw/system_top.xsa'.
18:38:53 INFO  : 'configparams force-mem-access 1' command is executed.
18:38:53 INFO  : Context for 'APU' is selected.
18:38:53 INFO  : Sourcing of 'D:/FMCOMMS4_AD9364_Fifo_Tlast_FFT/Ws/FMCOMMS4_AD9364/_ide/psinit/ps7_init.tcl' is done.
18:38:54 INFO  : 'ps7_init' command is executed.
18:38:54 INFO  : 'ps7_post_config' command is executed.
18:38:54 INFO  : Context for processor 'ps7_cortexa9_0' is selected.
18:38:54 INFO  : The application 'D:/FMCOMMS4_AD9364_Fifo_Tlast_FFT/Ws/FMCOMMS4_AD9364/Debug/FMCOMMS4_AD9364.elf' is downloaded to processor 'ps7_cortexa9_0'.
18:38:54 INFO  : 'configparams force-mem-access 0' command is executed.
18:38:54 INFO  : ----------------XSDB Script----------------
connect -url tcp:127.0.0.1:3121
targets -set -nocase -filter {name =~"APU*"}
rst -system
after 3000
targets -set -filter {jtag_cable_name =~ "Digilent Zed 210248BE0D85" && level==0 && jtag_device_ctx=="jsn-Zed-210248BE0D85-23727093-0"}
fpga -file D:/FMCOMMS4_AD9364_Fifo_Tlast_FFT/Ws/FMCOMMS4_AD9364/_ide/bitstream/system_top.bit
targets -set -nocase -filter {name =~"APU*"}
loadhw -hw D:/FMCOMMS4_AD9364_Fifo_Tlast_FFT/Ws/system_top/export/system_top/hw/system_top.xsa -mem-ranges [list {0x40000000 0xbfffffff}] -regs
configparams force-mem-access 1
targets -set -nocase -filter {name =~"APU*"}
source D:/FMCOMMS4_AD9364_Fifo_Tlast_FFT/Ws/FMCOMMS4_AD9364/_ide/psinit/ps7_init.tcl
ps7_init
ps7_post_config
targets -set -nocase -filter {name =~ "*A9*#0"}
dow D:/FMCOMMS4_AD9364_Fifo_Tlast_FFT/Ws/FMCOMMS4_AD9364/Debug/FMCOMMS4_AD9364.elf
configparams force-mem-access 0
----------------End of Script----------------

18:38:54 INFO  : Context for processor 'ps7_cortexa9_0' is selected.
18:38:54 INFO  : 'con' command is executed.
18:38:54 INFO  : ----------------XSDB Script (After Launch)----------------
targets -set -nocase -filter {name =~ "*A9*#0"}
con
----------------End of Script----------------

18:38:54 INFO  : Launch script is exported to file 'D:\FMCOMMS4_AD9364_Fifo_Tlast_FFT\Ws\FMCOMMS4_AD9364_system\_ide\scripts\debugger_fmcomms4_ad9364-default.tcl'
18:40:00 INFO  : Checking for BSP changes to sync application flags for project 'FMCOMMS4_AD9364'...
18:40:09 INFO  : Checking for BSP changes to sync application flags for project 'FMCOMMS4_AD9364'...
18:40:21 INFO  : Disconnected from the channel tcfchan#117.
18:40:22 INFO  : Connected to target on host '127.0.0.1' and port '3121'.
18:40:22 INFO  : Jtag cable 'Digilent Zed 210248BE0D85' is selected.
18:40:22 INFO  : 'jtag frequency' command is executed.
18:40:22 INFO  : Context for 'APU' is selected.
18:40:22 INFO  : System reset is completed.
18:40:25 INFO  : 'after 3000' command is executed.
18:40:25 INFO  : 'targets -set -filter {jtag_cable_name =~ "Digilent Zed 210248BE0D85" && level==0 && jtag_device_ctx=="jsn-Zed-210248BE0D85-23727093-0"}' command is executed.
18:40:27 INFO  : Device configured successfully with "D:/FMCOMMS4_AD9364_Fifo_Tlast_FFT/Ws/FMCOMMS4_AD9364/_ide/bitstream/system_top.bit"
18:40:28 INFO  : Context for 'APU' is selected.
18:40:28 INFO  : Hardware design and registers information is loaded from 'D:/FMCOMMS4_AD9364_Fifo_Tlast_FFT/Ws/system_top/export/system_top/hw/system_top.xsa'.
18:40:28 INFO  : 'configparams force-mem-access 1' command is executed.
18:40:28 INFO  : Context for 'APU' is selected.
18:40:28 INFO  : Sourcing of 'D:/FMCOMMS4_AD9364_Fifo_Tlast_FFT/Ws/FMCOMMS4_AD9364/_ide/psinit/ps7_init.tcl' is done.
18:40:28 INFO  : 'ps7_init' command is executed.
18:40:28 INFO  : 'ps7_post_config' command is executed.
18:40:28 INFO  : Context for processor 'ps7_cortexa9_0' is selected.
18:40:29 INFO  : The application 'D:/FMCOMMS4_AD9364_Fifo_Tlast_FFT/Ws/FMCOMMS4_AD9364/Debug/FMCOMMS4_AD9364.elf' is downloaded to processor 'ps7_cortexa9_0'.
18:40:29 INFO  : 'configparams force-mem-access 0' command is executed.
18:40:29 INFO  : ----------------XSDB Script----------------
connect -url tcp:127.0.0.1:3121
targets -set -nocase -filter {name =~"APU*"}
rst -system
after 3000
targets -set -filter {jtag_cable_name =~ "Digilent Zed 210248BE0D85" && level==0 && jtag_device_ctx=="jsn-Zed-210248BE0D85-23727093-0"}
fpga -file D:/FMCOMMS4_AD9364_Fifo_Tlast_FFT/Ws/FMCOMMS4_AD9364/_ide/bitstream/system_top.bit
targets -set -nocase -filter {name =~"APU*"}
loadhw -hw D:/FMCOMMS4_AD9364_Fifo_Tlast_FFT/Ws/system_top/export/system_top/hw/system_top.xsa -mem-ranges [list {0x40000000 0xbfffffff}] -regs
configparams force-mem-access 1
targets -set -nocase -filter {name =~"APU*"}
source D:/FMCOMMS4_AD9364_Fifo_Tlast_FFT/Ws/FMCOMMS4_AD9364/_ide/psinit/ps7_init.tcl
ps7_init
ps7_post_config
targets -set -nocase -filter {name =~ "*A9*#0"}
dow D:/FMCOMMS4_AD9364_Fifo_Tlast_FFT/Ws/FMCOMMS4_AD9364/Debug/FMCOMMS4_AD9364.elf
configparams force-mem-access 0
----------------End of Script----------------

18:40:29 INFO  : Context for processor 'ps7_cortexa9_0' is selected.
18:40:29 INFO  : 'con' command is executed.
18:40:29 INFO  : ----------------XSDB Script (After Launch)----------------
targets -set -nocase -filter {name =~ "*A9*#0"}
con
----------------End of Script----------------

18:40:29 INFO  : Launch script is exported to file 'D:\FMCOMMS4_AD9364_Fifo_Tlast_FFT\Ws\FMCOMMS4_AD9364_system\_ide\scripts\debugger_fmcomms4_ad9364-default.tcl'
18:40:50 INFO  : Checking for BSP changes to sync application flags for project 'FMCOMMS4_AD9364'...
18:40:58 INFO  : Checking for BSP changes to sync application flags for project 'FMCOMMS4_AD9364'...
18:41:10 INFO  : Disconnected from the channel tcfchan#120.
18:41:11 INFO  : Connected to target on host '127.0.0.1' and port '3121'.
18:41:11 INFO  : Jtag cable 'Digilent Zed 210248BE0D85' is selected.
18:41:11 INFO  : 'jtag frequency' command is executed.
18:41:11 INFO  : Context for 'APU' is selected.
18:41:11 INFO  : System reset is completed.
18:41:15 INFO  : 'after 3000' command is executed.
18:41:15 INFO  : 'targets -set -filter {jtag_cable_name =~ "Digilent Zed 210248BE0D85" && level==0 && jtag_device_ctx=="jsn-Zed-210248BE0D85-23727093-0"}' command is executed.
18:41:17 INFO  : Device configured successfully with "D:/FMCOMMS4_AD9364_Fifo_Tlast_FFT/Ws/FMCOMMS4_AD9364/_ide/bitstream/system_top.bit"
18:41:17 INFO  : Context for 'APU' is selected.
18:41:17 INFO  : Hardware design and registers information is loaded from 'D:/FMCOMMS4_AD9364_Fifo_Tlast_FFT/Ws/system_top/export/system_top/hw/system_top.xsa'.
18:41:17 INFO  : 'configparams force-mem-access 1' command is executed.
18:41:17 INFO  : Context for 'APU' is selected.
18:41:17 INFO  : Sourcing of 'D:/FMCOMMS4_AD9364_Fifo_Tlast_FFT/Ws/FMCOMMS4_AD9364/_ide/psinit/ps7_init.tcl' is done.
18:41:17 INFO  : 'ps7_init' command is executed.
18:41:17 INFO  : 'ps7_post_config' command is executed.
18:41:17 INFO  : Context for processor 'ps7_cortexa9_0' is selected.
18:41:18 INFO  : The application 'D:/FMCOMMS4_AD9364_Fifo_Tlast_FFT/Ws/FMCOMMS4_AD9364/Debug/FMCOMMS4_AD9364.elf' is downloaded to processor 'ps7_cortexa9_0'.
18:41:18 INFO  : 'configparams force-mem-access 0' command is executed.
18:41:18 INFO  : ----------------XSDB Script----------------
connect -url tcp:127.0.0.1:3121
targets -set -nocase -filter {name =~"APU*"}
rst -system
after 3000
targets -set -filter {jtag_cable_name =~ "Digilent Zed 210248BE0D85" && level==0 && jtag_device_ctx=="jsn-Zed-210248BE0D85-23727093-0"}
fpga -file D:/FMCOMMS4_AD9364_Fifo_Tlast_FFT/Ws/FMCOMMS4_AD9364/_ide/bitstream/system_top.bit
targets -set -nocase -filter {name =~"APU*"}
loadhw -hw D:/FMCOMMS4_AD9364_Fifo_Tlast_FFT/Ws/system_top/export/system_top/hw/system_top.xsa -mem-ranges [list {0x40000000 0xbfffffff}] -regs
configparams force-mem-access 1
targets -set -nocase -filter {name =~"APU*"}
source D:/FMCOMMS4_AD9364_Fifo_Tlast_FFT/Ws/FMCOMMS4_AD9364/_ide/psinit/ps7_init.tcl
ps7_init
ps7_post_config
targets -set -nocase -filter {name =~ "*A9*#0"}
dow D:/FMCOMMS4_AD9364_Fifo_Tlast_FFT/Ws/FMCOMMS4_AD9364/Debug/FMCOMMS4_AD9364.elf
configparams force-mem-access 0
----------------End of Script----------------

18:41:18 INFO  : Context for processor 'ps7_cortexa9_0' is selected.
18:41:18 INFO  : 'con' command is executed.
18:41:18 INFO  : ----------------XSDB Script (After Launch)----------------
targets -set -nocase -filter {name =~ "*A9*#0"}
con
----------------End of Script----------------

18:41:18 INFO  : Launch script is exported to file 'D:\FMCOMMS4_AD9364_Fifo_Tlast_FFT\Ws\FMCOMMS4_AD9364_system\_ide\scripts\debugger_fmcomms4_ad9364-default.tcl'
19:30:05 INFO  : Disconnected from the channel tcfchan#123.
09:41:07 DEBUG : Logs will be stored at 'D:/FMCOMMS4_AD9364_Fifo_Tlast_FFT/Ws/IDE.log'.
09:41:08 INFO  : Launching XSCT server: xsct.bat -n  -interactive D:\FMCOMMS4_AD9364_Fifo_Tlast_FFT\Ws\temp_xsdb_launch_script.tcl
09:41:12 INFO  : XSCT server has started successfully.
09:41:12 INFO  : plnx-install-location is set to ''
09:41:12 INFO  : Successfully done setting XSCT server connection channel  
09:41:12 INFO  : Successfully done setting workspace for the tool. 
09:41:13 INFO  : Platform repository initialization has completed.
09:48:11 INFO  : Registering command handlers for Vitis TCF services
09:48:16 INFO  : Successfully done query RDI_DATADIR 
14:38:16 DEBUG : Logs will be stored at 'D:/FMCOMMS4_AD9364_Fifo_Tlast_FFT/Ws/IDE.log'.
14:38:17 INFO  : Launching XSCT server: xsct.bat -n  -interactive D:\FMCOMMS4_AD9364_Fifo_Tlast_FFT\Ws\temp_xsdb_launch_script.tcl
14:38:22 INFO  : Registering command handlers for Vitis TCF services
14:38:22 INFO  : XSCT server has started successfully.
14:38:22 INFO  : Platform repository initialization has completed.
14:38:27 INFO  : plnx-install-location is set to ''
14:38:27 INFO  : Successfully done setting XSCT server connection channel  
14:38:27 INFO  : Successfully done query RDI_DATADIR 
14:38:27 INFO  : Successfully done setting workspace for the tool. 
14:39:05 INFO  : Projects exported to 'D:\vitis_export_archive.ide.zip'
